Name,Hash,Id,Tag,Rarity,Tier,Type,Source,Category,Element,Ammo,Power,Archetype,Masterwork Type,Masterwork Tier,Owner,Locked,Equipped,Holofoil,Year,Season,Event,Recoil,AA,Impact,Range,Zoom,Blast Radius,Velocity,Persistence,Stability,ROF,Reload,Mag,Handling,Charge Time,Draw Time,Accuracy,Charge Rate,Guard Resistance,Guard Endurance,Swing Speed,Shield Duration,Airborne Effectiveness,Ammo Generation,Heat Generated,Cooling Efficiency,Crafted,Crafted Level,Kill Tracker,Foundry,Loadouts,Notes,Perks 0,Perks 1,Perks 2,Perks 3,Perks 4,Perks 5,Perks 6,Perks 7,Perks 8,Perks 9,Perks 10,Perks 11,Perks 12,Perks 13,Perks 14,Perks 15,Perks 16,Perks 17,Perks 18
21% Delirium,3001598094,"""6917530194326119289""",keep,Legendary,5,Machine Gun,gambit,Power,Arc,heavy,492,Rapid-Fire Frame,Stability,2,Vault,true,false,false,8,28,,90,70,25,44,16,0,0,0,49,900,39,108,60,0,0,0,0,0,0,0,0,16,45,0,0,false,0,0,,,,Rapid-Fire Frame*,Arrowhead Brake*,Chambered Compensator,Extended Mag*,Light Mag,Overflow*,Reconstruction,Trickle Charge,Killing Tally*,One for All,Jolting Feedback,Gun and Run*,Kill Tracker,Tier 2: Stability*,Triumphant Pulse*,,,,
21% Delirium,3001598094,"""6917530194346284975""",infuse,Legendary,5,Machine Gun,gambit,Power,Arc,heavy,497,Rapid-Fire Frame,Reload Speed,1,Vault,true,false,false,8,28,,60,70,25,59,16,0,0,0,38,900,40,108,44,0,0,0,0,0,0,0,0,16,45,0,0,false,0,0,,,,Rapid-Fire Frame*,Full Bore*,Hammer-Forged Rifling,Extended Mag*,Alloy Magazine,Overflow*,Trickle Charge,Fourth Time's the Charm,Killing Tally*,Mega Kill Clip,Rolling Storm,Gun and Run*,Kill Tracker,Tier 1: Reload Speed*,Triumphant Pulse*,,,,
21% Delirium,3001598094,"""6917530194346288929""",infuse,Legendary,5,Machine Gun,gambit,Power,Arc,heavy,499,Rapid-Fire Frame,Stability,2,Vault,true,false,false,8,28,,60,70,25,44,16,0,0,0,55,900,39,108,64,0,0,0,0,0,0,0,0,16,45,0,0,false,0,0,,,,Rapid-Fire Frame*,Fluted Barrel*,Full Bore,Extended Mag*,Light Mag,Overflow*,Fourth Time's the Charm,Feeding Frenzy,Killing Tally*,Rolling Storm,Frenzy,Gun and Run*,Kill Tracker,Tier 2: Stability*,Triumphant Pulse*,,,,
A Fine Memorial,3211332727,"""6917530197744697448""",,Legendary,3,Machine Gun,monumentoftriumph,Power,Arc,heavy,540,Adaptive Frame,Reload Speed,1,Vault,false,false,false,8,28,,100,61,41,41,16,0,0,0,37,450,50,62,68,0,0,0,0,0,0,0,0,6,46,0,0,false,0,0,,,,Adaptive Frame*,Arrowhead Brake*,Extended Barrel,Appended Mag*,High-Caliber Rounds,Auto-Loading Holster*,Lead From Light,Gear Shift*,Mega Kill Clip,Loss*,Kill Tracker,Tier 1: Reload Speed*,,,,,,,
A Good Shout,3615748501,"""6917530196844757531""",,Legendary,5,Combat Bow,monumentoftriumph,Power,Void,heavy,550,High-Impact Frame,Persistence,2,Vault,true,false,false,8,28,,0,82,47,0,19,0,55,49,0,0,61,0,28,0,0,0,0,0,0,0,0,16,60,0,0,false,0,0,,,,High-Impact Frame*,Empowered Rail*,Frictionless Rail,Spring-Auger Bolts*,Heavy Bolts,No Distractions*,Bolt Scavenger,Built to Blast,Butterfly*,High Ground,Rampage,Problem Solver*,Vanguard Determination,Kill Tracker,Tier 2: Persistence*,Infamous A Good Shout*,Roguish Bolts*,,
A Good Shout,3615748501,"""6917530196885177991""",,Legendary,5,Combat Bow,monumentoftriumph,Power,Void,heavy,550,High-Impact Frame,Handling,1,Vault,true,false,false,8,28,,0,82,47,0,19,0,86,7,0,0,61,0,38,0,0,0,0,0,0,0,0,16,60,0,0,false,0,0,,,,High-Impact Frame*,Mag-lev Rail*,Low-Profile Rail,Spring-Auger Bolts*,Charged Bolts,No Distractions*,Withering Gaze,Envious Arsenal,Butterfly*,Box Breathing,Rampage,Problem Solver*,Vanguard Determination,Kill Tracker,Tier 1: Handling*,Infamous A Good Shout*,Roguish Bolts*,,
A Good Shout,3615748501,"""6917530197187913962""",,Legendary,5,Combat Bow,monumentoftriumph,Power,Void,heavy,550,High-Impact Frame,Handling,3,Vault,true,false,false,8,28,,0,82,47,0,19,0,86,7,0,0,59,0,40,0,0,0,0,0,0,0,0,16,62,0,0,false,0,0,,,,High-Impact Frame*,Mag-lev Rail*,Empowered Rail,Explosive Bolts*,Charged Bolts,No Distractions*,Built to Blast,Envious Arsenal,Butterfly*,Box Breathing,High Ground,Problem Solver*,Vanguard Determination,Kill Tracker,Tier 3: Handling*,Infamous A Good Shout*,Roguish Bolts*,,
A Good Shout,3615748501,"""6917530197733920174""",,Legendary,5,Combat Bow,monumentoftriumph,Power,Void,heavy,550,High-Impact Frame,Handling,2,Vault,true,false,false,8,28,,0,82,47,0,19,0,55,47,0,0,64,0,30,0,0,0,0,0,0,0,0,16,62,0,0,false,0,0,,,,High-Impact Frame*,Empowered Rail*,Frictionless Rail,Explosive Bolts*,Charged Bolts,No Distractions*,Built to Blast,Envious Arsenal,High Ground*,Destabilizing Rounds,Demoralize,Problem Solver*,Vanguard Determination,Kill Tracker,Tier 2: Handling*,Infamous A Good Shout*,Roguish Bolts*,,
Adored,1405095983,"""6917530192880399216""",,Legendary,3,Sniper Rifle,monumentoftriumph,Energy,Arc,special,385,Adaptive Frame,Reload Speed,1,Vault,true,false,false,8,28,,100,68,70,50,45,0,0,0,46,90,19,5,57,0,0,0,0,0,0,0,0,12,36,0,0,false,0,0,,,,Adaptive Frame*,Arrowhead Brake*,Hammer-Forged Rifling,Extended Mag*,Alloy Magazine,Fourth Time's the Charm*,Supercharged Magazine,Opening Shot*,No Distractions,Problem Solver*,Vanguard Determination,Kill Tracker,Tier 1: Reload Speed*,,,,,,
Adored,1405095983,"""6917530193796180656""",,Legendary,2,Sniper Rifle,monumentoftriumph,Energy,Arc,special,439,Adaptive Frame,Range,1,Vault,false,false,false,8,28,,100,68,70,51,45,0,0,0,51,90,38,5,57,0,0,0,0,0,0,0,0,2,36,0,0,false,0,0,,,,Adaptive Frame*,Arrowhead Brake*,Smallbore,Appended Mag*,Tactical Mag,Snapshot Sights*,Closing Time*,Problem Solver*,Vanguard Determination,Kill Tracker,Tier 1: Range*,,,,,,,,
Adored,1405095983,"""6917530193955976504""",,Legendary,5,Sniper Rifle,monumentoftriumph,Energy,Arc,special,463,Adaptive Frame,Handling,1,Vault,false,false,false,8,28,,100,68,70,50,45,0,0,0,46,90,38,4,60,0,0,0,0,0,0,0,0,2,36,0,0,false,0,0,,,,Adaptive Frame*,Arrowhead Brake*,Full Bore,Alloy Magazine*,Flared Magwell,Fourth Time's the Charm*,Snapshot Sights,Lone Wolf,Moving Target*,Opening Shot,No Distractions,Problem Solver*,Vanguard Determination,Kill Tracker,Tier 1: Handling*,Triumphant Pulse*,,,
Adored,1405095983,"""6917530196840500258""",,Legendary,5,Sniper Rifle,monumentoftriumph,Energy,Arc,special,540,Adaptive Frame,Stability,2,Vault,false,false,false,8,28,,77,68,70,68,45,0,0,0,54,90,38,4,52,0,0,0,0,0,0,0,0,2,36,0,0,false,0,0,,,,Adaptive Frame*,Corkscrew Rifling*,Full Bore,Accurized Rounds*,Tactical Mag,Fourth Time's the Charm*,Snapshot Sights,Jolting Feedback,Moving Target*,No Distractions,Collective Action,Problem Solver*,Vanguard Determination,Kill Tracker,Tier 2: Stability*,Triumphant Pulse*,,,
Agape,4124362340,"""6917530195376429314""",infuse,Legendary,2,Hand Cannon,kepler,Energy,Solar,primary,550,Heavy Burst,Range,4,Vault,false,false,false,8,27,,90,63,92,83,14,0,0,0,18,257,21,14,24,0,0,0,0,0,0,0,0,19,55,0,0,false,0,0,,,,Heavy Burst*,Full Bore*,Smallbore,Alloy Magazine*,Appended Mag,Moving Target*,Burning Ambition*,Exhaustive Research*,Kill Tracker,Tier 4: Range*,,,,,,,,,
Agape,4124362340,"""6917530195401796985""",infuse,Legendary,2,Hand Cannon,kepler,Energy,Solar,primary,550,Heavy Burst,Stability,1,Vault,false,false,false,8,27,,100,63,92,64,14,0,0,0,39,257,21,18,24,0,0,0,0,0,0,0,0,19,55,0,0,false,0,0,,,,Heavy Burst*,Chambered Compensator*,Extended Barrel,Appended Mag*,Light Mag,Rewind Rounds*,Fragile Focus*,Exhaustive Research*,Kill Tracker,Tier 1: Stability*,,,,,,,,,
Agape,4124362340,"""6917530195411146387""",infuse,Legendary,1,Hand Cannon,kepler,Energy,Solar,primary,550,Heavy Burst,Handling,1,Vault,false,false,false,8,27,,100,63,92,69,14,0,0,0,28,257,21,14,40,0,0,0,0,0,0,0,0,19,55,0,0,false,0,0,,,,Heavy Burst*,Arrowhead Brake*,Polygonal Rifling,Armor-Piercing Rounds*,High-Caliber Rounds,Pugilist*,Precision Instrument*,Exhaustive Research*,Kill Tracker,Tier 1: Handling*,,,,,,,,,
All or Nothing,3984776322,"""6917530194892599862""",keep,Legendary,5,Pulse Rifle,renegades,KineticSlot,Strand,primary,519,Dynamic Heat Weapon,Stability,10,Vault,false,false,false,8,28,,86,77,28,51,17,0,0,0,69,540,70,0,39,0,0,0,0,0,0,0,0,17,56,30,40,false,0,0,,,,Dynamic Heat Weapon*,Arrowhead Brake*,Polygonal Rifling,Projection Fuse,Tactical Heatsink*,Firefly,Slice*,Tear*,Headseeker,Air-Cooled Core*,Kill Tracker,Ballistics*,Masterworked: Stability*,,,,,,
All or Nothing,3984776322,"""6917530194898542171""",keep,Legendary,3,Pulse Rifle,renegades,KineticSlot,Strand,primary,516,Dynamic Heat Weapon,Cooling Efficiency,1,Vault,false,false,false,8,28,,56,77,28,33,17,0,0,0,46,540,35,0,37,0,0,0,0,0,0,0,0,17,56,26,40,false,0,0,,,,Dynamic Heat Weapon*,Fluted Barrel*,Smallbore,Ionized Heatsink*,Projection Fuse,Firefly*,Cooling Baubles,Tear*,Headseeker,Air-Cooled Core*,Kill Tracker,Tier 1: Cooling Efficiency*,,,,,,,
Alone as a god,353884603,"""6917530197646168440""",,Legendary,5,Sniper Rifle,pantheon,KineticSlot,Kinetic,special,550,Rapid-Fire Frame,Stability,1,Vault,false,false,false,8,28,,67,79,55,44,45,0,0,0,43,140,72,7,57,0,0,0,0,0,0,0,0,2,45,0,0,false,0,0,,,,Rapid-Fire Frame*,Extended Barrel*,Smallbore,Tactical Mag*,Flared Magwell,Rewind Rounds*,Lone Wolf,Lucky Shot,Kinetic Tremors*,All-Star,Closing Time,Elliptical Orbit*,Kill Tracker,Tier 1: Stability*,Triumphant Pulse*,,,,
Alone as a god,353884603,"""6917530197896595138""",,Legendary,5,Sniper Rifle,pantheon,KineticSlot,Kinetic,special,550,Rapid-Fire Frame,Stability,2,Vault,false,false,false,8,28,,67,79,55,33,45,0,0,0,49,140,63,7,62,0,0,0,0,0,0,0,0,2,45,0,0,false,0,1,,,,Rapid-Fire Frame*,Chambered Compensator*,Smallbore,Appended Mag*,Extended Mag,Stopping Power,Rewind Rounds*,Lucky Shot,Kinetic Tremors*,Closing Time,Aggregate Charge,Elliptical Orbit*,Kill Tracker,Tier 2: Stability*,Triumphant Pulse*,,,,
Alone as a god,353884603,"""6917530198084263358""",,Legendary,5,Sniper Rifle,pantheon,KineticSlot,Kinetic,special,550,Rapid-Fire Frame,Range,3,Vault,false,false,false,8,28,,67,79,55,47,45,0,0,0,36,140,63,7,57,0,0,0,0,0,0,0,0,2,45,0,0,false,0,0,,,,Rapid-Fire Frame*,Extended Barrel*,Hammer-Forged Rifling,Appended Mag*,Extended Mag,Ancillary Ordinance,Stopping Power,Rewind Rounds*,Kinetic Tremors*,All-Star,Aggregate Charge,Elliptical Orbit*,Kill Tracker,Tier 3: Range*,Triumphant Pulse*,,,,
Alone as a god,353884603,"""6917530198084263969""",,Legendary,5,Sniper Rifle,pantheon,KineticSlot,Kinetic,special,550,Rapid-Fire Frame,Stability,2,Vault,false,false,false,8,28,,67,79,55,33,45,0,0,0,55,140,72,7,62,0,0,0,0,0,0,0,0,2,45,0,0,false,0,0,,,,Rapid-Fire Frame*,Chambered Compensator*,Full Bore,Tactical Mag*,Steady Rounds,Rewind Rounds*,Lone Wolf,Lucky Shot,Kinetic Tremors*,Closing Time,Aggregate Charge,Elliptical Orbit*,Kill Tracker,Tier 2: Stability*,Triumphant Pulse*,,,,
Alone as a god,353884603,"""6917530198087592852""",,Legendary,5,Sniper Rifle,pantheon,KineticSlot,Kinetic,special,550,Rapid-Fire Frame,Reload Speed,2,Vault,false,false,false,8,28,,57,79,55,33,45,0,0,0,48,140,74,7,82,0,0,0,0,0,0,0,0,2,45,0,0,false,0,0,,,,Rapid-Fire Frame*,Fluted Barrel*,Hammer-Forged Rifling,Tactical Mag*,Alloy Magazine,Stopping Power,Rewind Rounds*,Lucky Shot,Kinetic Tremors*,Mega Kill Clip,Bait and Switch,Elliptical Orbit*,Kill Tracker,Tier 2: Reload Speed*,Triumphant Pulse*,,,,
Anarchy,2376481550,"""6917530198094641374""",,Exotic,0,Grenade Launcher,,Power,Arc,heavy,550,Arc Traps,,,Vault,false,false,false,2,5,,50,69,0,0,13,70,100,0,65,150,73,6,79,0,0,0,0,0,0,0,0,20,0,0,0,false,0,0,,,,Arc Traps*,Quick Launch*,High-Velocity Rounds*,Impromptu Ammunition*,Composite Stock*,Kill Tracker,Empty Catalyst Socket*,,,,,,,,,,,,
Annual Skate,6857689,"""6917530194257077301""",,Legendary,0,Hand Cannon,engram,Energy,Solar,primary,478,Adaptive Frame,Reload Speed,3,Vault,false,false,false,4,15,,88,80,84,40,14,0,0,0,59,140,41,12,57,0,0,0,0,0,0,0,0,10,52,0,0,false,0,0,suros,,,Adaptive Frame*,SteadyHand HCS*,Crossfire HCS,Appended Mag*,Extended Mag,Triple Tap*,Timed Payload*,Kill Tracker,Tier 3: Reload Speed*,,,,,,,,,,
Apostate,846241149,"""6917530194243369101""",,Legendary,5,Sniper Rifle,monumentoftriumph,Energy,Arc,special,477,Rapid-Fire Frame,Reload Speed,3,Vault,false,false,false,8,28,,49,73,55,48,40,0,0,0,53,140,69,6,65,0,0,0,0,0,0,0,0,2,51,0,0,false,0,0,,,,Rapid-Fire Frame*,Polygonal Rifling*,Smallbore,Accurized Rounds*,Appended Mag,Lead from Gold*,Shoot to Loot,Supercharged Magazine,Explosive Payload*,Precision Instrument,Box Breathing,Loss*,Kill Tracker,Tier 3: Reload Speed*,Triumphant Pulse*,,,,
Apostate,846241149,"""6917530194251058144""",,Legendary,5,Sniper Rifle,monumentoftriumph,Energy,Arc,special,477,Rapid-Fire Frame,Handling,2,Vault,false,false,false,8,28,,59,73,55,47,40,0,0,0,41,140,48,7,58,0,0,0,0,0,0,0,0,12,51,0,0,false,0,0,,,,Rapid-Fire Frame*,Extended Barrel*,Hammer-Forged Rifling,Extended Mag*,Flared Magwell,Lead from Gold*,Triple Tap,Butterfly,Explosive Payload*,Precision Instrument,Opening Shot,Loss*,Kill Tracker,Tier 2: Handling*,Triumphant Pulse*,,,,
Arbalest,2130065553,"""6917530193848727664""",,Exotic,0,Linear Fusion Rifle,,KineticSlot,Kinetic,special,540,Compounding Force,,,Vault,false,false,false,2,6,,87,31,41,56,25,0,0,0,55,0,28,5,20,533,0,0,0,0,0,0,0,12,34,0,0,false,0,74,,,,Compounding Force*,Extended Barrel*,Projection Fuse*,Disruption Break*,Composite Stock*,Kill Tracker,Empty Catalyst Socket*,,,,,,,,,,,,
Arbalest,2130065553,"""6917530195785720005""",,Exotic,0,Linear Fusion Rifle,,KineticSlot,Kinetic,special,550,Compounding Force,,,Vault,false,false,false,2,6,,87,31,41,56,25,0,0,0,55,0,28,5,20,533,0,0,0,0,0,0,0,12,34,0,0,false,0,57,,,,Compounding Force*,Extended Barrel*,Projection Fuse*,Disruption Break*,Composite Stock*,Kill Tracker,Empty Catalyst Socket*,,,,,,,,,,,,
Arbalest,2130065553,"""6917530195791627325""",,Exotic,0,Linear Fusion Rifle,,KineticSlot,Kinetic,special,550,Compounding Force,,,Vault,false,false,false,2,6,,87,31,41,56,25,0,0,0,55,0,28,5,20,533,0,0,0,0,0,0,0,12,34,0,0,false,0,0,,,,Compounding Force*,Extended Barrel*,Projection Fuse*,Disruption Break*,Composite Stock*,Kill Tracker,Empty Catalyst Socket*,,,,,,,,,,,,
Arc Logic,38064944,"""6917530194232951586""",,Legendary,4,Auto Rifle,moon,Energy,Arc,primary,477,Adaptive Frame,Handling,3,Vault,false,false,false,8,28,,77,65,21,50,16,0,0,0,34,600,56,39,79,0,0,0,0,0,0,0,0,10,49,0,0,false,0,0,,,,Adaptive Frame*,Arrowhead Brake*,Corkscrew Rifling,Accurized Rounds*,Extended Mag,Rolling Storm*,Supercharged Magazine,Sword Logic*,Elemental Honing,Loss*,Kill Tracker,Tier 3: Handling*,,,,,,,
Ascendancy,725408022,"""6917530193002466935""",,Legendary,0,Rocket Launcher,crucible,Power,Solar,heavy,383,Precision Frame,Handling,10,Vault,true,false,false,4,15,,70,61,0,0,20,30,61,0,52,15,27,1,66,0,0,0,0,0,0,0,0,3,35,0,0,false,0,0,,,,Precision Frame*,Quick Launch*,Impact Casing*,Impulse Amplifier*,Ambitious Assassin,Explosive Light*,Chain Reaction,Kill Tracker,Masterworked: Handling*,,,,,,,,,,
Ascendancy,1713388226,"""6917530193207898698""",,Legendary,3,Rocket Launcher,monumentoftriumph,Power,Solar,heavy,410,Precision Frame,Handling,1,Vault,false,false,false,8,28,,70,61,0,0,20,35,61,0,32,15,27,1,57,0,0,0,0,0,0,0,0,3,35,0,0,false,0,0,,,,Precision Frame*,Quick Launch*,Smart Drift Control,Black Powder*,High-Velocity Rounds,Reconstruction*,Lead From Light,Explosive Light*,Lasting Impression,Vanguard Determination*,Kill Tracker,Tier 1: Handling*,,,,,,,
Ascendancy,1713388226,"""6917530197840759843""",,Legendary,5,Rocket Launcher,monumentoftriumph,Power,Solar,heavy,550,Precision Frame,Reload Speed,5,Hunter(542),false,false,false,8,28,,70,61,0,0,20,96,42,0,48,15,63,1,41,0,0,0,0,0,0,0,0,3,35,0,0,false,0,8,,,,Precision Frame*,Confined Launch*,Hard Launch,Alloy Casing*,Black Powder,Impulse Amplifier,Reconstruction*,Slideways,Explosive Light,Lasting Impression*,Incandescent,Vanguard Determination*,Kill Tracker,Tier 5: Reload Speed*,Triumphant Pulse*,,,,
Aurora Dawn,2111625436,"""6917530194035100137""",,Legendary,3,Sword,edgeoffate,Power,Stasis,heavy,480,Wave Sword Frame,Impact,1,Vault,true,false,false,8,27,,0,0,60,0,0,0,0,0,0,0,0,76,0,0,0,0,50,40,40,40,0,0,0,0,0,false,0,0,,,,Wave Sword Frame*,Enduring Blade*,Honed Edge,Jagged Edge,Balanced Guard*,Heavy Guard,Unrelenting*,Proximity Power,Cold Steel*,Elemental Honing,Vanguard Determination*,Kill Tracker,Tier 1: Impact*,,,,,,
Aurora Dawn,2111625436,"""6917530194038689944""",,Legendary,3,Sword,edgeoffate,Power,Stasis,heavy,470,Wave Sword Frame,Impact,2,Vault,true,false,false,8,27,,0,0,63,0,0,0,0,0,0,0,0,73,0,0,0,0,50,80,0,40,0,0,0,0,0,false,0,0,,,,Wave Sword Frame*,Hungry Edge*,Honed Edge,Jagged Edge,Burst Guard*,Swordmaster's Guard,Unrelenting*,Flash Counter,Cold Steel*,Elemental Honing,Vanguard Determination*,Kill Tracker,Tier 2: Impact*,,,,,,
Aurora Dawn,2111625436,"""6917530194045265161""",,Legendary,2,Sword,edgeoffate,Power,Stasis,heavy,471,Wave Sword Frame,Impact,2,Vault,true,false,false,8,27,,0,0,63,0,0,0,0,0,0,0,0,73,0,0,0,0,50,40,40,40,0,0,0,0,0,false,0,0,,,,Wave Sword Frame*,Hungry Edge*,Enduring Blade,Jagged Edge,Balanced Guard*,Heavy Guard,Proximity Power*,Cold Steel*,Vanguard Determination*,Kill Tracker,Tier 2: Impact*,,,,,,,,
Aurora Dawn,2111625436,"""6917530196952668681""",,Legendary,5,Sword,edgeoffate,Power,Stasis,heavy,550,Wave Sword Frame,Impact,5,Vault,true,false,false,8,27,,0,0,64,0,0,0,0,0,0,0,0,73,0,0,0,0,50,82,2,40,0,0,0,0,0,false,0,0,,,,Wave Sword Frame*,Hungry Edge*,Honed Edge,Tempered Edge,Burst Guard*,Swordmaster's Guard,Unrelenting*,Proximity Power,Flash Counter,Cold Steel*,One for All,Binary Orbit,Vanguard Determination*,Kill Tracker,Tier 5: Impact*,Achronal Aurora Dawn*,Sparks Everlasting*,,
Aurora Dawn,2111625436,"""6917530197197332696""",,Legendary,5,Sword,edgeoffate,Power,Stasis,heavy,550,Wave Sword Frame,Impact,2,Vault,false,false,false,8,27,,0,0,61,0,0,0,0,0,0,0,0,74,0,0,0,0,50,41,43,40,0,0,0,0,0,false,0,0,,,,Wave Sword Frame*,Enduring Blade*,Jagged Edge,Tempered Edge,Balanced Guard*,Heavy Guard,Unrelenting*,Rimestealer,Tireless Blade,Whirlwind Blade*,Binary Orbit,Elemental Honing,Vanguard Determination*,Kill Tracker,Tier 2: Impact*,Achronal Aurora Dawn*,Sparks Everlasting*,,
Aurora Dawn,1479562935,"""6917530197455788947""",,Legendary,5,Sword,,Power,Stasis,heavy,550,Wave Sword Frame,Impact,10,Vault,false,false,false,8,27,,0,0,66,0,0,0,0,0,0,0,0,76,0,0,0,0,55,87,7,40,0,0,0,0,0,false,0,0,,,,Wave Sword Frame*,Enduring Blade*,Honed Edge,Tempered Edge,Burst Guard*,Swordmaster's Guard,Proximity Power*,Flash Counter,Tireless Blade,Cold Steel*,Whirlwind Blade,Vorpal Weapon,Accelerated Assault*,Vanguard Determination,Kill Tracker,Masterworked: Impact*,Achronal Aurora Dawn*,Sparks Everlasting*,
Aurora Dawn,2111625436,"""6917530198148035370""",,Legendary,4,Sword,edgeoffate,Power,Stasis,heavy,550,Wave Sword Frame,Impact,3,Vault,false,false,false,8,27,,0,0,63,0,0,0,0,0,0,0,0,73,0,0,0,0,50,41,43,40,0,0,0,0,0,false,0,0,,,,Wave Sword Frame*,Hungry Edge*,Enduring Blade,Jagged Edge,Balanced Guard*,Heavy Guard,Proximity Power*,Tireless Blade,Cold Steel*,Whirlwind Blade,Vanguard Determination*,Kill Tracker,Tier 3: Impact*,,,,,,
Autumn Wind,2150012407,"""6917530191886725593""",,Legendary,3,Pulse Rifle,,KineticSlot,Kinetic,primary,344,Rapid-Fire Frame,Reload Speed,4,Vault,true,false,false,8,28,,93,80,23,32,17,0,0,0,47,540,38,42,40,0,0,0,0,0,0,0,0,15,58,0,0,false,0,0,,,,Rapid-Fire Frame*,Arrowhead Brake*,Hammer-Forged Rifling,Appended Mag*,Flared Magwell,Rangefinder*,Perpetual Motion,Sword Logic*,Elemental Honing,Roar of Battle*,Nadir Focus,Kill Tracker,Tier 4: Reload Speed*,,,,,,
Autumn Wind,2150012407,"""6917530196982147760""",,Legendary,5,Pulse Rifle,,KineticSlot,Kinetic,primary,550,Rapid-Fire Frame,Handling,1,Vault,false,false,false,8,28,,73,80,23,38,17,0,0,0,74,540,34,36,27,0,0,0,0,0,0,0,0,15,58,0,0,false,0,0,,,,Rapid-Fire Frame*,Chambered Compensator*,Hammer-Forged Rifling,Ricochet Rounds*,Flared Magwell,Rangefinder*,Heating Up,Zen Moment,Headseeker*,Moving Target,Elemental Honing,Roar of Battle*,Nadir Focus,Kill Tracker,Tier 1: Handling*,Triumphant Pulse*,,,
Bad Omens,1996201272,"""6917530194324187896""",keep,Legendary,3,Rocket Launcher,gambit,Power,Void,heavy,479,Aggressive Frame,Reload Speed,2,Vault,true,false,false,8,28,,76,34,0,0,20,45,67,0,17,25,63,1,15,0,0,0,0,0,0,0,0,3,35,0,0,false,0,0,,,,Aggressive Frame*,Volatile Launch*,Hard Launch,Black Powder*,High-Velocity Rounds,Tracking Module*,Destabilizing Rounds,Cluster Bomb*,Bait and Switch,Gun and Run*,Kill Tracker,Tier 2: Reload Speed*,Gambit Leather*,,,,,,
Bad Omens,1996201272,"""6917530194355665099""",keep,Legendary,5,Rocket Launcher,gambit,Power,Void,heavy,501,Aggressive Frame,Velocity,2,Vault,true,false,false,8,28,,100,34,0,0,20,25,74,0,29,25,92,1,31,0,0,0,0,0,0,0,0,3,35,0,0,false,0,0,,,,Aggressive Frame*,Countermass*,Smart Drift Control,Alloy Casing*,High-Velocity Rounds,Tracking Module*,Auto-Loading Holster,Destabilizing Rounds,Cluster Bomb*,Bait and Switch,Elemental Honing,Gun and Run*,Kill Tracker,Tier 2: Velocity*,Gambit Leather*,Triumphant Pulse*,,,
Barrow-Dyad,1481594633,"""6917530197409492214""",,Exotic,0,Submachine Gun,heresy,KineticSlot,Strand,primary,550,Panic Response V,"Stability, Handling, Range, Aim Assistance, Reload Speed",10,Vault,true,false,false,7,26,,89,62,22,65,15,0,0,0,45,720,50,35,70,0,0,0,0,0,0,0,0,29,32,0,0,crafted,7,196,,,,Panic Response V*,Hammer-Forged Rifling*,Flared Magwell*,Taken Ambition*,Smooth Grip*,Kill Tracker,Hatchling Refit*,,,,,,,,,,,,
Bellowing Giant,1889005379,"""6917530198030031294""",,Legendary,3,Rocket Launcher,,Power,Void,heavy,550,Adaptive Frame,Reload Speed,1,Vault,false,false,true,8,28,,100,63,0,0,20,50,59,0,49,20,76,1,54,0,0,0,0,0,0,0,0,3,78,0,0,false,0,0,,,,Adaptive Frame*,Countermass*,Quick Launch,Alloy Casing*,Implosion Rounds,Air Trigger*,Impromptu Ammunition,Aggregate Charge*,Collective Demolition,Forge's Kin*,Kill Tracker,Tier 1: Reload Speed*,,,,,,,
Bellowing Giant,412265080,"""6917530198121152930""",,Legendary,4,Rocket Launcher,monumentoftriumph,Power,Void,heavy,550,Adaptive Frame,Reload Speed,3,Vault,false,false,false,8,28,,70,63,0,0,20,46,66,0,49,20,44,1,39,0,0,0,0,0,0,0,0,3,48,0,0,false,0,0,,,,Adaptive Frame*,Volatile Launch*,Confined Launch,High-Velocity Rounds*,Implosion Rounds,Tracking Module*,Lasting Impression,Bipod*,Collective Demolition,Forge's Kin*,Kill Tracker,Tier 3: Reload Speed*,,,,,,,
Bellowing Giant,1889005379,"""6917530198242367301""",,Legendary,4,Rocket Launcher,,Power,Void,heavy,550,Adaptive Frame,Blast Radius,3,Vault,false,false,true,8,28,,70,63,0,0,20,64,76,0,54,20,56,1,44,0,0,0,0,0,0,0,0,3,48,0,0,false,0,0,,,,Adaptive Frame*,Linear Compensator*,Smart Drift Control,High-Velocity Rounds*,Implosion Rounds,Tracking Module*,Quickdraw,Cluster Bomb*,Auto-Loading Holster,Forge's Kin*,Kill Tracker,Tier 3: Blast Radius*,,,,,,,
Better Devils,4059111041,"""6917530195833885422""",,Legendary,5,Hand Cannon,crucible,KineticSlot,Strand,primary,550,Adaptive Frame,Range,4,Vault,true,false,false,8,28,,100,78,84,56,14,0,0,0,45,140,40,10,55,0,0,0,0,0,0,0,0,10,50,0,0,false,0,19,fotc,00001:Strand,,Adaptive Frame*,Arrowhead Brake*,Chambered Compensator,Accurized Rounds*,Extended Mag,Rapid Hit*,Perpetual Motion,Slice,Kill Clip*,Zen Moment,Hatchling,Roar of Battle*,Nadir Focus,Kill Tracker,Tier 4: Range*,Triumphant Pulse*,,,
Biting Winds,2485400469,"""6917530195692890485""",,Legendary,5,Combat Bow,europa,KineticSlot,Kinetic,primary,540,Precision Frame,Draw Time,3,Vault,false,false,false,8,28,,63,66,76,0,18,0,0,0,51,0,40,0,49,0,690,84,0,0,0,0,0,10,54,0,0,false,0,107,,,,Precision Frame*,High Tension String*,Polymer String,Carbon Arrow Shaft*,Helical Fletching,Rapid Hit*,Bewildering Burst,Killing Wind,Swashbuckler*,Kinetic Tremors,Adagio,Winterized Gear*,Kill Tracker,Tier 3: Draw Time*,Triumphant Pulse*,,,,
Biting Winds,2485400469,"""6917530195724228266""",,Legendary,3,Combat Bow,europa,KineticSlot,Kinetic,primary,540,Precision Frame,Reload Speed,1,Vault,false,false,false,8,28,,63,66,76,0,18,0,0,0,43,0,51,0,64,0,600,63,0,0,0,0,0,10,54,0,0,false,0,0,,,,Precision Frame*,Elastic String*,High Tension String,Compact Arrow Shaft*,Fiberglass Arrow Shaft,Archer's Tempo*,Rapid Hit,Explosive Head*,Desperate Measures,Winterized Gear*,Kill Tracker,Tier 1: Reload Speed*,,,,,,,
Biting Winds,2485400469,"""6917530196152031882""",,Legendary,3,Combat Bow,europa,KineticSlot,Kinetic,primary,540,Precision Frame,Draw Time,1,Vault,false,false,false,8,28,,63,66,76,0,18,0,0,0,48,0,40,0,49,0,663,93,0,0,0,0,0,10,54,0,0,false,0,0,,,,Precision Frame*,Tactile String*,High Tension String,Fiberglass Arrow Shaft*,Helical Fletching,Archer's Tempo*,Killing Wind,Explosive Head*,Swashbuckler,Winterized Gear*,Kill Tracker,Tier 1: Draw Time*,,,,,,,
Bitter End,954563454,"""6917530193587139431""",,Legendary,5,Machine Gun,dungeon,Power,Arc,heavy,441,Balanced Heat Weapon,Cooling Efficiency,1,Vault,false,false,false,8,28,,96,51,25,33,16,0,0,0,94,900,41,0,19,0,0,0,0,0,0,0,0,20,12,8,10,false,0,0,,,,Balanced Heat Weapon*,Chambered Compensator*,Full Bore,Ionized Heatsink*,Tactical Heatsink,Hip-Fire Grip*,Trickle Charge,Delicate Tuning,Jolting Feedback*,One for All,Frenzy,Imperial Allegiance*,Kill Tracker,Tier 1: Cooling Efficiency*,Infamous Bitter End*,Roguish Bolts*,,,
Bitter End,954563454,"""6917530197230005564""",,Legendary,5,Machine Gun,dungeon,Power,Arc,heavy,550,Balanced Heat Weapon,Reload Speed,3,Vault,false,false,false,8,28,,86,51,25,39,16,0,0,0,89,900,44,0,28,0,0,0,0,0,0,0,0,20,12,8,10,false,0,0,,,,Balanced Heat Weapon*,Corkscrew Rifling*,Fluted Barrel,Ionized Heatsink*,Particle Repeater,Eddy Current*,Hip-Fire Grip,Trickle Charge,Jolting Feedback*,Rolling Storm,Offhand Strike,Imperial Allegiance*,Kill Tracker,Tier 3: Vent Speed*,Infamous Bitter End*,Roguish Bolts*,,,
Black Talon,3766045777,"""6917530193846392549""",,Exotic,0,Sword,,Power,Void,heavy,454,Crow's Wings,,,Vault,false,false,false,2,4,,0,0,61,0,0,0,0,0,0,0,0,69,0,0,0,0,65,70,60,40,0,0,0,0,0,false,0,0,,,,Crow's Wings*,Tempered Edge*,Heavy Guard*,Tireless Blade*,Duelist's Trance*,Kill Tracker,Empty Catalyst Socket*,,,,,,,,,,,,
Blasphemer,2527058297,"""6917530197738112374""",,Legendary,4,Shotgun,monumentoftriumph,KineticSlot,Kinetic,special,540,Pinpoint Slug Frame,Stability,1,Vault,false,false,false,8,28,,60,61,70,58,12,0,0,0,63,70,43,6,59,0,0,0,0,0,0,0,0,2,48,0,0,false,0,0,,,,Pinpoint Slug Frame*,Fluted Barrel*,Smallbore,Assault Mag*,Appended Mag,Threat Detector*,Grave Robber,Opening Shot*,Closing Time,Loss*,Kill Tracker,Tier 1: Stability*,,,,,,,
Blast Furnace,52683113,"""6917530193063999551""",,Legendary,5,Pulse Rifle,brave,KineticSlot,Kinetic,primary,549,Aggressive Burst,Handling,10,Vault,true,false,false,8,28,,65,42,35,100,18,0,0,0,75,450,41,36,44,0,0,0,0,0,0,0,0,15,55,0,0,false,0,383,,,,Aggressive Burst*,Corkscrew Rifling*,Hammer-Forged Rifling,Accurized Rounds*,Steady Rounds,Bewildering Burst,Kinetic Tremors*,Firefly,Chaos Reshaped*,Forge's Kin*,Indomitability,Kill Tracker,Stunloader*,Masterworked: Handling*,,,,,
Blast Furnace,52683113,"""6917530193286822821""",,Legendary,3,Pulse Rifle,brave,KineticSlot,Kinetic,primary,501,Aggressive Burst,Handling,10,Vault,true,false,false,8,28,,75,42,35,82,18,0,0,0,82,450,49,56,32,0,0,0,0,0,0,0,0,15,55,0,0,false,0,1295,,"00004:Stasis,Support,Support,Support",,Aggressive Burst*,Chambered Compensator*,Extended Barrel,Tactical Mag*,Flared Magwell,Zen Moment,Kinetic Tremors*,Firefly*,Chaos Reshaped,Forge's Kin*,Indomitability,Kill Tracker,Backup Mag*,Masterworked: Handling*,,,,,
Blast Furnace,52683113,"""6917530193294952608""",,Legendary,3,Pulse Rifle,brave,KineticSlot,Kinetic,primary,416,Aggressive Burst,Range,1,Vault,true,false,false,8,28,,75,42,35,85,18,0,0,0,79,450,36,36,14,0,0,0,0,0,0,0,0,22,55,0,0,false,0,0,,,,Aggressive Burst*,Extended Barrel*,Hammer-Forged Rifling,Extended Mag,Steady Rounds*,Lone Wolf,Kinetic Tremors*,Firefly*,Rampage,Forge's Kin*,Indomitability,Kill Tracker,Tier 1: Range*,,,,,,
Blast Furnace,52683113,"""6917530193296796720""",,Legendary,5,Pulse Rifle,brave,KineticSlot,Kinetic,primary,416,Aggressive Burst,Stability,2,Vault,true,false,false,8,28,,75,42,35,79,18,0,0,0,83,450,47,40,20,0,0,0,0,0,0,0,0,15,55,0,0,false,0,0,,,,Aggressive Burst*,Chambered Compensator*,Polygonal Rifling,Tactical Mag*,Steady Rounds,Zen Moment,Lone Wolf,Kinetic Tremors*,Kill Clip,All-Star,Chaos Reshaped*,Forge's Kin*,Indomitability,Kill Tracker,Tier 2: Stability*,Triumphant Pulse*,,,
Bold Endings,496728945,"""6917530192625452230""",,Legendary,0,Hand Cannon,paleheart,KineticSlot,Stasis,primary,374,Heavy Burst,Stability,4,Vault,true,false,false,7,24,,94,62,92,58,14,0,0,0,41,257,26,20,41,0,0,0,0,0,0,0,0,14,49,0,0,false,0,43,,,,Heavy Burst*,Fluted Barrel*,Hammer-Forged Rifling,Appended Mag*,Steady Rounds,To the Pain*,Dragonfly*,Dealer's Choice*,Kill Tracker,Tier 4: Stability*,,,,,,,,,
Bold Endings,496728945,"""6917530196142341099""",,Legendary,0,Hand Cannon,paleheart,KineticSlot,Stasis,primary,550,Heavy Burst,,,Titan(542),true,true,false,7,24,,100,62,92,68,14,0,0,0,32,257,26,22,16,0,0,0,0,0,0,0,0,14,49,0,0,crafted,1,44,,,,Heavy Burst*,Extended Barrel*,Alloy Magazine*,Attrition Orbs*,Demolitionist*,Dealer's Choice*,Kill Tracker,Backup Mag*,,,,,,,,,,,
Bonechiller,1529367715,"""6917530195690849623""",,Legendary,3,Shotgun,europa,Energy,Void,special,540,Pinpoint Slug Frame,Reload Speed,5,Vault,false,false,false,8,28,,90,61,70,56,12,0,0,0,41,65,47,6,46,0,0,0,0,0,0,0,0,2,40,0,0,false,0,0,,,,Pinpoint Slug Frame*,Arrowhead Brake*,Corkscrew Rifling,Appended Mag*,Steady Rounds,Triple Tap*,Threat Detector,Meganeura*,Precision Instrument,Winterized Gear*,Kill Tracker,Tier 5: Reload Speed*,,,,,,,
Borealis,3141979347,"""6917530194254866645""",,Exotic,0,Sniper Rifle,,Energy,Void,special,487,The Fundamentals,,10,Vault,false,false,false,1,1,,55,75,90,54,45,0,0,0,82,72,45,5,75,0,0,0,0,0,0,0,0,22,55,0,0,false,0,0,,,,The Fundamentals*,Corkscrew Rifling*,Extended Mag*,Ionic Return*,Hand-Laid Stock*,Kill Tracker,,,,,,,,,,,,,
Brass Attacks,1291040554,"""6917530197235424615""",,Legendary,3,Sidearm,battlegrounds,Energy,Void,primary,540,Heavy Burst,Stability,1,Vault,true,false,false,8,28,,100,89,56,41,13,0,0,0,39,325,7,30,46,0,0,0,0,0,0,0,0,22,40,0,0,false,0,0,,,,Heavy Burst*,Arrowhead Brake*,Polygonal Rifling,Extended Mag*,Armor-Piercing Rounds,Repulsor Brace*,Rapid Hit,Destabilizing Rounds*,Dragonfly,Land Tank*,Kill Tracker,Tier 1: Stability*,,,,,,,
Bug-Out Bag,3327901954,"""6917530194324191878""",infuse,Legendary,5,Submachine Gun,gambit,Energy,Void,primary,491,Adaptive Frame,Range,1,Vault,false,false,false,8,28,,98,46,20,50,13,0,0,0,39,900,49,40,38,0,0,0,0,0,0,0,0,12,42,0,0,false,0,0,,,,Adaptive Frame*,Extended Barrel*,Smallbore,Appended Mag*,Ricochet Rounds,Subsistence*,Threat Detector,Feeding Frenzy,Target Lock*,Collective Action,Dynamic Sway Reduction,Gun and Run*,Kill Tracker,Tier 1: Range*,Triumphant Pulse*,,,,
Bug-Out Bag,3327901954,"""6917530194335024818""",infuse,Legendary,5,Submachine Gun,gambit,Energy,Void,primary,494,Adaptive Frame,Reload Speed,4,Vault,false,false,false,8,28,,88,46,20,44,13,0,0,0,45,900,33,41,52,0,0,0,0,0,0,0,0,22,42,0,0,false,0,0,,,,Adaptive Frame*,Corkscrew Rifling*,Fluted Barrel,Extended Mag*,Alloy Magazine,Perpetual Motion*,Feeding Frenzy,Demolitionist,Adrenaline Junkie*,Destabilizing Rounds,Dynamic Sway Reduction,Gun and Run*,Kill Tracker,Tier 4: Reload Speed*,Triumphant Pulse*,,,,
Bug-Out Bag,3327901954,"""6917530194346291620""",infuse,Legendary,5,Submachine Gun,gambit,Energy,Void,primary,497,Adaptive Frame,Reload Speed,2,Vault,false,false,false,8,28,,100,46,20,38,13,0,0,0,39,900,49,36,59,0,0,0,0,0,0,0,0,12,42,0,0,false,0,0,,,,Adaptive Frame*,Arrowhead Brake*,Chambered Compensator,Alloy Magazine*,Appended Mag,Threat Detector*,Repulsor Brace,Feeding Frenzy,Target Lock*,Frenzy,Collective Action,Gun and Run*,Kill Tracker,Tier 2: Reload Speed*,Triumphant Pulse*,,,,
Bug-Out Bag,3327901954,"""6917530194349989135""",keep,Legendary,5,Submachine Gun,gambit,Energy,Void,primary,550,Adaptive Frame,Handling,10,Vault,false,false,false,8,28,,88,46,20,56,13,0,0,0,68,900,52,36,78,0,0,0,0,0,0,0,0,12,42,0,0,false,0,7,,,,Adaptive Frame*,Fluted Barrel*,Smallbore,Extended Mag,Ricochet Rounds*,Repulsor Brace,Attrition Orbs*,Feeding Frenzy,Adrenaline Junkie,Target Lock,Destabilizing Rounds*,Gun and Run*,Kill Tracker,Ballistics*,Masterworked: Handling*,Triumphant Pulse*,,,
Bygones,767170345,"""6917530194328016054""",infuse,Legendary,3,Pulse Rifle,gambit,KineticSlot,Kinetic,primary,479,Adaptive Frame,Range,3,Vault,false,false,false,8,28,,99,61,29,51,17,0,0,0,60,390,46,44,56,0,0,0,0,0,0,0,0,10,60,0,0,false,0,0,,,,Adaptive Frame*,Arrowhead Brake*,Fluted Barrel,Appended Mag*,High-Caliber Rounds,Zen Moment*,Stopping Power,Sword Logic*,Frenzy,Gun and Run*,Kill Tracker,Tier 3: Range*,,,,,,,
Bygones,767170345,"""6917530194328021954""",infuse,Legendary,5,Pulse Rifle,gambit,KineticSlot,Kinetic,primary,493,Adaptive Frame,Stability,1,Vault,false,false,false,8,28,,69,61,29,70,17,0,0,0,52,390,46,38,42,0,0,0,0,0,0,0,0,10,60,0,0,false,0,0,,,,Adaptive Frame*,Full Bore*,Smallbore,Armor-Piercing Rounds*,Ricochet Rounds,Attrition Orbs*,Shoot to Loot,Stopping Power,Headseeker*,Kinetic Tremors,Firefly,Gun and Run*,Kill Tracker,Tier 1: Stability*,Triumphant Pulse*,,,,
Bygones,767170345,"""6917530194338853765""",keep,Legendary,5,Pulse Rifle,gambit,KineticSlot,Kinetic,primary,496,Adaptive Frame,Range,1,Vault,false,false,false,8,28,,99,61,29,56,17,0,0,0,65,390,46,38,58,0,0,0,0,0,0,0,0,10,60,0,0,false,0,0,,,,Adaptive Frame*,Arrowhead Brake*,Extended Barrel,Armor-Piercing Rounds*,Flared Magwell,Zen Moment*,Lone Wolf,Moving Target,Headseeker*,Kinetic Tremors,Firefly,Gun and Run*,Kill Tracker,Tier 1: Range*,Triumphant Pulse*,,,,
Bygones,767170345,"""6917530194349984260""",keep,Legendary,4,Pulse Rifle,gambit,KineticSlot,Kinetic,primary,499,Adaptive Frame,Range,1,Vault,false,false,false,8,28,,69,61,29,64,17,0,0,0,46,390,46,38,42,0,0,0,0,0,0,0,0,10,60,0,0,false,0,0,,,,Adaptive Frame*,Full Bore*,Hammer-Forged Rifling,Alloy Magazine*,Ricochet Rounds,Keep Away*,Moving Target,Kinetic Tremors*,Firefly,Gun and Run*,Kill Tracker,Tier 1: Range*,,,,,,,
Bygones,767170345,"""6917530194353982555""",infuse,Legendary,3,Pulse Rifle,gambit,KineticSlot,Kinetic,primary,489,Adaptive Frame,Handling,2,Vault,false,false,false,8,28,,99,61,29,48,17,0,0,0,60,390,46,44,58,0,0,0,0,0,0,0,0,10,60,0,0,false,0,0,,,,Adaptive Frame*,Arrowhead Brake*,Corkscrew Rifling,Appended Mag*,Ricochet Rounds,Zen Moment*,Stopping Power,Sword Logic*,Frenzy,Gun and Run*,Kill Tracker,Tier 2: Handling*,,,,,,,
Bygones,767170345,"""6917530194353984131""",keep,Legendary,5,Pulse Rifle,gambit,KineticSlot,Kinetic,primary,501,Adaptive Frame,Range,2,Vault,false,false,false,8,28,,69,61,29,50,17,0,0,0,66,390,48,44,62,0,0,0,0,0,0,0,0,10,60,0,0,false,0,0,,,,Adaptive Frame*,Fluted Barrel*,Hammer-Forged Rifling,Appended Mag*,High-Caliber Rounds,Keep Away*,Lone Wolf,Stopping Power,Headseeker*,Kinetic Tremors,All-Star,Gun and Run*,Kill Tracker,Tier 2: Range*,Triumphant Pulse*,,,,
Cerberus+1,1541131350,"""6917530191185802855""",,Exotic,0,Auto Rifle,,KineticSlot,Kinetic,primary,319,Four-Headed Dog,,10,Vault,true,false,false,2,4,,86,60,33,25,16,0,0,0,20,360,35,31,27,0,0,0,0,0,0,0,0,16,59,0,0,false,0,522,,,,Four-Headed Dog*,Rifled Barrel*,Fluted Barrel*,Full Bore*,Spread Shot Package*,Kill Tracker,Cerberus+1 Catalyst*,,,,,,,,,,,,
Chain of Command,1716620044,"""6917530192379389227""",,Legendary,4,Machine Gun,monumentoftriumph,Power,Stasis,heavy,381,Adaptive Frame,Handling,10,Vault,true,false,false,8,28,,74,61,41,59,16,0,0,0,41,450,50,48,70,0,0,0,0,0,0,0,0,10,54,0,0,false,0,175,,,,Adaptive Frame*,Hammer-Forged Rifling*,Polygonal Rifling,Alloy Magazine*,Appended Mag,Adrenaline Junkie*,Osmosis,Demolitionist*,Target Lock,Vanguard Determination*,Wild Card,Kill Tracker,Masterworked: Handling*,,,,,,
Chain of Command,1716620044,"""6917530193025727133""",,Legendary,4,Machine Gun,monumentoftriumph,Power,Stasis,heavy,389,Adaptive Frame,Reload Speed,2,Vault,false,false,false,8,28,,100,61,41,43,16,0,0,0,37,450,32,66,68,0,0,0,0,0,0,0,0,20,54,0,0,false,0,0,,,,Adaptive Frame*,Arrowhead Brake*,Smallbore,Extended Mag*,Alloy Magazine,Adrenaline Junkie*,Under-Over,Killing Tally*,Desperate Measures,Vanguard Determination*,Wild Card,Kill Tracker,Tier 2: Reload Speed*,,,,,,
Chain of Command,1716620044,"""6917530194143483185""",infuse,Legendary,4,Machine Gun,monumentoftriumph,Power,Stasis,heavy,487,Adaptive Frame,Reload Speed,5,Vault,false,false,false,8,28,,74,61,41,56,16,0,0,0,43,450,50,48,61,0,0,0,0,0,0,0,0,10,54,0,0,false,0,0,,,,Adaptive Frame*,Corkscrew Rifling*,Full Bore,High-Caliber Rounds*,Light Mag,Subsistence*,Turnabout,Demolitionist*,Desperate Measures,Vanguard Determination*,Wild Card,Kill Tracker,Tier 5: Reload Speed*,,,,,,
Chattering Bone,830651379,"""6917530198018957446""",,Legendary,5,Pulse Rifle,pantheon,KineticSlot,Kinetic,primary,550,Lightweight Frame,Range,3,Vault,false,false,false,8,28,,67,71,27,59,17,0,0,0,52,450,63,33,61,0,0,0,0,0,0,0,0,10,49,0,0,false,0,0,,,,Lightweight Frame*,Extended Barrel*,Hammer-Forged Rifling,Accurized Rounds*,Tactical Mag,Rapid Hit*,Subsistence,Collective Demolition,Binary Orbit*,Ancillary Ordinance,All-Star,Elliptical Orbit*,Explosive Pact,Kill Tracker,Tier 3: Range*,Triumphant Pulse*,,,
Chattering Bone,830651379,"""6917530198082195385""",,Legendary,5,Pulse Rifle,pantheon,KineticSlot,Kinetic,primary,550,Lightweight Frame,Range,1,Vault,false,false,false,8,28,,57,71,27,34,17,0,0,0,58,450,65,39,86,0,0,0,0,0,0,0,0,10,49,0,0,false,0,0,,,,Lightweight Frame*,Fluted Barrel*,Smallbore,Appended Mag*,Steady Rounds,Kill Clip*,Subsistence,Lead From Light,Kinetic Tremors*,Binary Orbit,Chaos Reshaped,Elliptical Orbit*,Explosive Pact,Kill Tracker,Tier 1: Range*,Triumphant Pulse*,,,
Chattering Bone,830651379,"""6917530198094642045""",,Legendary,5,Pulse Rifle,pantheon,KineticSlot,Kinetic,primary,550,Lightweight Frame,Stability,1,Vault,false,false,false,8,28,,67,71,27,29,17,0,0,0,85,450,63,33,66,0,0,0,0,0,0,0,0,17,49,0,0,false,0,23,,,,Lightweight Frame*,Chambered Compensator*,Fluted Barrel,Steady Rounds*,Flared Magwell,Rapid Hit*,Bewildering Burst,Subsistence,Headseeker*,Binary Orbit,Ancillary Ordinance,Elliptical Orbit*,Explosive Pact,Kill Tracker,Tier 1: Stability*,Triumphant Pulse*,,,
Chivalric Fire,938936806,"""6917530193027843987""",,Legendary,4,Sword,monumentoftriumph,Power,Void,heavy,389,Caster Frame,Impact,1,Vault,false,false,false,8,28,,0,0,58,0,0,0,0,0,0,0,0,74,0,0,0,0,50,82,2,40,0,0,0,0,0,false,0,0,,,,Caster Frame*,Enduring Blade*,Honed Edge,Tempered Edge,Burst Guard*,Heavy Guard,Dimensional Shift*,Tilting at Windmills,Attrition Orbs*,Eager Edge,Vanguard Determination*,Kill Tracker,Tier 1: Impact*,,,,,,
Chivalric Fire,938936806,"""6917530193989946083""",,Legendary,4,Sword,monumentoftriumph,Power,Void,heavy,475,Caster Frame,Impact,1,Vault,false,false,false,8,28,,0,0,60,0,0,0,0,0,0,0,0,71,0,0,0,0,50,41,43,40,0,0,0,0,0,false,0,0,,,,Caster Frame*,Hungry Edge*,Enduring Blade,Tempered Edge,Balanced Guard*,Heavy Guard,Relentless Strikes*,Dimensional Shift,Eager Edge*,Energy Transfer,Vanguard Determination*,Kill Tracker,Tier 1: Impact*,,,,,,
Choir of One,3698448090,"""6917530195199903942""",,Exotic,0,Auto Rifle,exoticquest,Energy,Void,special,550,Command Frame IV,"Stability, Handling, Range, Reload Speed",10,Vault,false,false,false,7,24,,95,61,33,83,20,0,0,0,60,225,46,25,51,0,0,0,0,0,0,0,0,22,15,0,0,crafted,29,783,,,,Command Frame IV*,Fluted Barrel*,Flared Magwell*,Fanatical Lance*,Composite Stock*,Kill Tracker,Destabilizing Rounds Refit*,,,,,,,,,,,,
Chroma Rush,771811871,"""6917530195835928039""",,Legendary,4,Auto Rifle,engram,KineticSlot,Kinetic,primary,550,Rapid-Fire Frame,Reload Speed,1,Vault,false,false,false,8,28,,45,80,18,43,16,0,0,0,62,720,48,51,40,0,0,0,0,0,0,0,0,10,54,0,0,false,0,0,,,,Rapid-Fire Frame*,Corkscrew Rifling*,Smallbore,Accurized Rounds*,Appended Mag,Dynamic Sway Reduction*,Killing Wind,Rampage*,Ancillary Ordinance,Splicer Surge*,Kill Tracker,Tier 1: Reload Speed*,,,,,,,
Chroma Rush,771811871,"""6917530195835931708""",,Legendary,3,Auto Rifle,engram,KineticSlot,Kinetic,primary,540,Rapid-Fire Frame,Reload Speed,3,Vault,false,false,false,8,28,,75,80,18,25,16,0,0,0,56,720,50,57,45,0,0,0,0,0,0,0,0,10,54,0,0,false,0,0,,,,Rapid-Fire Frame*,Arrowhead Brake*,Corkscrew Rifling,Appended Mag*,Alloy Magazine,Subsistence*,Stopping Power,Target Lock*,All-Star,Splicer Surge*,Kill Tracker,Tier 3: Reload Speed*,,,,,,,
Circular Logic,2528793321,"""6917530195560023613""",,Legendary,3,Machine Gun,monumentoftriumph,Power,Strand,heavy,540,Adaptive Frame,Reload Speed,3,Vault,false,false,false,8,28,,80,59,41,45,16,0,0,0,38,450,35,71,63,0,0,0,0,0,0,0,0,21,51,0,0,false,0,0,,,,Adaptive Frame*,Corkscrew Rifling*,Full Bore,Extended Mag*,Ricochet Rounds,Overflow*,Fourth Time's the Charm,Killing Tally*,Mega Kill Clip,Nanotech Tracer Missiles*,Kill Tracker,Tier 3: Reload Speed*,,,,,,,
Coldheart,1345867571,"""6917530193848727982""",,Exotic,0,Trace Rifle,,Energy,Arc,special,411,Cold Fusion,,10,Vault,false,false,false,1,1,,100,100,6,70,16,0,0,0,70,1000,30,101,25,0,0,0,0,0,0,0,0,14,60,0,0,false,0,0,omolon,,,Cold Fusion*,Extended Barrel*,Enhanced Battery*,Longest Winter*,Hand-Laid Stock*,Kill Tracker,,,,,,,,,,,,,
Compact Defender,2819552809,"""6917530194931195089""",keep,Legendary,4,Sidearm,renegades,Energy,Void,primary,516,Dynamic Heat Weapon,Reload Speed,1,Vault,true,false,false,8,28,,99,69,39,22,12,0,0,0,58,360,54,0,61,0,0,0,0,0,0,0,0,19,54,90,115,false,0,0,,,,Dynamic Heat Weapon*,Chambered Compensator*,Full Bore,Accelerated Heatsink*,Tactical Heatsink,Cooling Baubles*,Destabilizing Rounds,Frenzy*,Repulsor Brace,Air-Cooled Core*,Kill Tracker,Tier 1: Vent Speed*,,,,,,,
Compass Rose,4169225313,"""6917530193258525160""",,Legendary,0,Shotgun,events,Energy,Solar,special,397,Precision Frame,Handling,1,Vault,false,false,false,7,24,Solstice,75,73,70,72,12,0,0,0,46,65,58,5,41,0,0,0,0,0,0,0,0,2,45,0,0,false,0,0,nadir,,,Precision Frame*,Corkscrew Rifling*,Light Mag*,Slideshot*,Snapshot Sights*,Dream Work*,Nadir Focus,Kill Tracker,Tier 1: Handling*,,,,,,,,,,
Compass Rose,2723419129,"""6917530194912380313""",,Legendary,5,Shotgun,,Energy,Solar,special,511,Precision Frame,Stability,10,Vault,false,false,false,8,28,,75,73,70,96,12,0,0,0,56,65,53,5,45,0,0,0,0,0,0,0,0,2,45,0,0,false,0,49,,,,Precision Frame*,Smoothbore*,Smallbore,Extended Mag,Accurized Rounds*,Grave Robber*,To the Pain,Slickdraw,Snapshot Sights,Barrel Constrictor,One-Two Punch*,Dream Work*,Nadir Focus,Kill Tracker,Masterworked: Stability*,Triumphant Pulse*,,,
Compass Rose,2723419129,"""6917530196842855498""",,Legendary,5,Shotgun,,Energy,Solar,special,540,Precision Frame,Handling,2,Vault,false,false,false,8,28,,75,73,70,68,12,0,0,0,63,70,48,5,47,0,0,0,0,0,0,0,0,2,45,0,0,false,0,0,,,,Precision Frame*,Corkscrew Rifling*,Full Choke,Assault Mag*,Appended Mag,Grave Robber*,Dual Loader,Threat Detector,Trench Barrel*,Incandescent,Barrel Constrictor,Dream Work*,Nadir Focus,Kill Tracker,Tier 2: Handling*,Triumphant Pulse*,,,
Compass Rose,2723419129,"""6917530196846962532""",,Legendary,5,Shotgun,,Energy,Solar,special,540,Precision Frame,Range,2,Vault,false,false,false,8,28,,75,73,70,75,12,0,0,0,57,70,48,5,26,0,0,0,0,0,0,0,0,2,45,0,0,false,0,0,,,,Precision Frame*,Rifled Barrel*,Smallbore,Assault Mag*,Tactical Mag,Grave Robber*,Slickdraw,Slideshot,Trench Barrel*,Vorpal Weapon,One-Two Punch,Dream Work*,Nadir Focus,Kill Tracker,Tier 2: Range*,Triumphant Pulse*,,,
Compass Rose,2723419129,"""6917530196846965326""",,Legendary,5,Shotgun,,Energy,Solar,special,540,Precision Frame,Reload Speed,10,Vault,true,false,false,8,28,,75,73,70,84,12,0,0,0,62,70,63,5,45,0,0,0,0,0,0,0,0,2,57,0,0,false,0,20,,,,Precision Frame*,Smoothbore*,Barrel Shroud,Assault Mag*,Accurized Rounds,Grave Robber*,Slickdraw,Threat Remover,Trench Barrel*,Incandescent,Opening Shot,Dream Work*,Nadir Focus,Kill Tracker,Abundant Ammo*,Masterworked: Reload Speed*,Triumphant Pulse*,,
Conspiracy Honed,4062069077,"""6917530193631342834""",,Legendary,3,Sniper Rifle,dungeon,KineticSlot,Stasis,special,445,Dynamic Heat Weapon,Range,1,Vault,false,false,false,8,28,,88,78,58,38,40,0,0,0,36,140,77,0,80,0,0,0,0,0,0,0,0,4,43,560,365,false,0,0,,,,Dynamic Heat Weapon*,Arrowhead Brake*,Full Bore,Accelerated Heatsink*,Ionized Heatsink,Cooling Baubles*,Enlightened Action,Bait and Switch*,Box Breathing,Imperial Allegiance*,Kill Tracker,Tier 1: Range*,,,,,,,
Conspiracy Honed,4062069077,"""6917530193651455591""",,Legendary,5,Sniper Rifle,dungeon,KineticSlot,Stasis,special,447,Dynamic Heat Weapon,Range,10,Vault,false,false,false,8,28,,88,78,64,62,40,0,0,0,46,140,82,0,89,0,0,0,0,0,0,0,0,4,43,560,260,false,0,0,,,,Dynamic Heat Weapon*,Arrowhead Brake*,Corkscrew Rifling,Overclocked Heatsink*,Particle Repeater,Delicate Tuning,Vorpal Weapon*,Thermal Atomization,Firing Line*,Imperial Allegiance*,Kill Tracker,Enhanced Range*,Masterworked: Range*,,,,,,
Convened Recurve,3667861447,"""6917530194012842856""",,Legendary,4,Combat Bow,monumentoftriumph,Energy,Void,primary,475,High-Impact Longbow,Accuracy,3,Vault,true,false,false,8,28,,60,43,92,0,18,0,0,0,35,0,30,0,55,0,800,61,0,0,0,0,0,17,41,0,0,false,0,0,,,,High-Impact Longbow*,Agile Bowstring*,Flexible String,Fiberglass Arrow Shaft*,Natural Fletching,Successful Warm-Up*,Moving Target,Destabilizing Rounds*,Butterfly,Vanguard Determination*,Kill Tracker,Tier 3: Target Acquisition*,,,,,,,
Convened Recurve,3667861447,"""6917530194057155606""",,Legendary,3,Combat Bow,monumentoftriumph,Energy,Void,primary,484,High-Impact Longbow,Accuracy,4,Vault,true,false,false,8,28,,60,43,92,0,18,0,0,0,49,0,30,0,54,0,800,46,0,0,0,0,0,17,41,0,0,false,0,0,,,,High-Impact Longbow*,Agile Bowstring*,Elastic String,Carbon Arrow Shaft*,Straight Fletching,Successful Warm-Up*,Repulsor Brace,Destabilizing Rounds*,Snapshot Sights,Vanguard Determination*,Kill Tracker,Tier 4: Target Acquisition*,,,,,,,
Convened Recurve,3667861447,"""6917530195862337384""",,Legendary,5,Combat Bow,monumentoftriumph,Energy,Void,primary,550,High-Impact Longbow,Reload Speed,4,Vault,true,false,false,8,28,,60,43,92,0,18,0,0,0,35,0,34,0,55,0,800,58,0,0,0,0,0,17,41,0,0,false,0,0,,,,High-Impact Longbow*,Agile Bowstring*,Natural String,Fiberglass Arrow Shaft*,Helical Fletching,Successful Warm-Up*,Built to Blast,Moving Target,Destabilizing Rounds*,Aggregate Charge,Adagio,Vanguard Determination*,Kill Tracker,Tier 4: Reload Speed*,Triumphant Pulse*,,,,
Convened Recurve,3667861447,"""6917530197465374772""",,Legendary,5,Combat Bow,monumentoftriumph,Energy,Void,primary,550,High-Impact Longbow,Stability,1,Vault,true,false,false,8,28,,60,43,92,0,18,0,0,0,53,0,30,0,55,0,800,42,0,0,0,0,0,17,41,0,0,false,0,0,,,,High-Impact Longbow*,Agile Bowstring*,High Tension String,Carbon Arrow Shaft*,Compact Arrow Shaft,Successful Warm-Up*,Repulsor Brace,Withering Gaze,Destabilizing Rounds*,Butterfly,Aggregate Charge,Vanguard Determination*,Kill Tracker,Tier 1: Stability*,Triumphant Pulse*,,,,
Convened Recurve,3667861447,"""6917530198145952687""",,Legendary,4,Combat Bow,monumentoftriumph,Energy,Void,primary,550,High-Impact Longbow,Accuracy,2,Vault,false,false,false,8,28,,60,43,92,0,18,0,0,0,46,0,30,0,45,0,733,35,0,0,0,0,0,17,41,0,0,false,0,0,,,,High-Impact Longbow*,Elastic String*,Polymer String,Carbon Arrow Shaft*,Straight Fletching,Successful Warm-Up*,Repulsor Brace,Destabilizing Rounds*,Adagio,Vanguard Determination*,Kill Tracker,Tier 2: Target Acquisition*,,,,,,,
Convened Recurve,2271714488,"""6917530198149858305""",,Legendary,5,Combat Bow,,Energy,Void,primary,550,High-Impact Longbow,Handling,10,Vault,false,false,false,8,28,,60,43,92,0,18,0,0,0,45,0,35,0,54,0,784,69,0,0,0,0,0,17,41,0,0,false,0,0,,,,High-Impact Longbow*,Tactile String*,Flexible String,Fiberglass Arrow Shaft*,Natural Fletching,Successful Warm-Up*,Withering Gaze,Built to Blast,Destabilizing Rounds*,Demoralize,Snapshot Sights,Accelerated Assault*,Vanguard Determination,Kill Tracker,Masterworked: Handling*,Triumphant Pulse*,,,
Convened Recurve,2271714488,"""6917530198149861962""",,Legendary,5,Combat Bow,,Energy,Void,primary,550,High-Impact Longbow,Handling,10,Vault,false,false,false,8,28,,60,43,92,0,18,0,0,0,57,0,35,0,70,0,784,47,0,0,0,0,0,17,41,0,0,false,0,0,,,,High-Impact Longbow*,Agile Bowstring*,High Tension String,Carbon Arrow Shaft*,Helical Fletching,Dimensional Shift*,Withering Gaze,Built to Blast,Destabilizing Rounds*,Butterfly,Snapshot Sights,Accelerated Assault*,Vanguard Determination,Kill Tracker,Masterworked: Handling*,Triumphant Pulse*,,,
Coriolis Force,856316142,"""6917530194319657290""",,Legendary,3,Fusion Rifle,europa,Energy,Void,special,478,Aggressive Frame,Charge Time,3,Vault,false,false,false,8,28,,60,45,95,43,15,0,0,0,37,0,14,8,16,657,0,0,0,0,0,0,0,4,34,0,0,false,0,0,,,,Aggressive Frame*,Extended Barrel*,Hammer-Forged Rifling,Ionized Battery*,Particle Repeater,Dimensional Shift*,Successful Warm-Up,Reservoir Burst*,Controlled Burst,Winterized Gear*,Kill Tracker,Tier 3: Charge Time*,,,,,,,
Coriolis Force,856316142,"""6917530195692889408""",,Legendary,5,Fusion Rifle,europa,Energy,Void,special,540,Aggressive Frame,Handling,1,Vault,false,false,false,8,28,,50,45,95,39,15,0,0,0,43,0,36,7,32,667,0,0,0,0,0,0,0,4,34,0,0,false,0,0,,,,Aggressive Frame*,Corkscrew Rifling*,Smallbore,Enhanced Battery*,Particle Repeater,Barrel Constrictor*,Backup Plan,Successful Warm-Up,Destabilizing Rounds*,Controlled Burst,Desperate Measures,Winterized Gear*,Kill Tracker,Tier 1: Handling*,Triumphant Pulse*,,,,
Crimson,3437746471,"""6917530195198203723""",,Exotic,0,Hand Cannon,,KineticSlot,Kinetic,primary,537,Banned Weapon,,10,Vault,false,false,false,1,2,,55,75,92,72,14,0,0,0,97,415,60,8,35,0,0,0,0,0,0,0,0,15,100,0,0,false,0,37,,,,Banned Weapon*,Smallbore*,Accurized Rounds*,Cruel Remedy*,Heavy Grip*,Kill Tracker,Crimson Catalyst*,,,,,,,,,,,,
Crowning Duologue,1151307006,"""6917530194910341078""",,Legendary,5,Rocket Launcher,,Power,Strand,heavy,511,Precision Frame,Handling,2,Vault,false,false,false,8,28,,65,59,0,0,20,52,47,0,30,15,29,1,37,0,0,0,0,0,0,0,0,3,75,0,0,false,0,0,hakke,,,Precision Frame*,Volatile Launch*,Countermass,Black Powder*,Implosion Rounds,Air Trigger*,Grave Robber,Reconstruction,Envious Assassin*,Chain Reaction,Cluster Bomb,Dream Work*,Häkke Breach Armaments,Kill Tracker,Tier 2: Handling*,Triumphant Pulse*,,,
Crowning Duologue,1151307006,"""6917530194916673329""",,Legendary,5,Rocket Launcher,,Power,Strand,heavy,511,Precision Frame,Velocity,2,Vault,false,false,false,8,28,,65,59,0,0,20,47,44,0,45,15,29,1,40,0,0,0,0,0,0,0,0,3,75,0,0,false,0,0,hakke,,,Precision Frame*,Confined Launch*,Linear Compensator,Black Powder*,High-Velocity Rounds,Air Trigger*,Grave Robber,Reconstruction,Deconstruct*,Bait and Switch,Bipod,Dream Work*,Häkke Breach Armaments,Kill Tracker,Tier 2: Velocity*,Triumphant Pulse*,,,
Crowning Duologue,1151307006,"""6917530194916677799""",,Legendary,5,Rocket Launcher,,Power,Strand,heavy,511,Precision Frame,Handling,4,Vault,false,false,false,8,28,,65,59,0,0,20,41,42,0,45,15,60,1,44,0,0,0,0,0,0,0,0,3,45,0,0,false,0,0,hakke,,,Precision Frame*,Confined Launch*,Hard Launch,Alloy Casing*,High-Velocity Rounds,Impulse Amplifier*,Grave Robber,Reconstruction,Deconstruct*,Bipod,Reverberation,Dream Work*,Häkke Breach Armaments,Kill Tracker,Tier 4: Handling*,Triumphant Pulse*,,,
Crowning Duologue,1151307006,"""6917530194916678141""",,Legendary,5,Rocket Launcher,,Power,Strand,heavy,511,Precision Frame,Handling,1,Vault,false,false,false,8,28,,65,59,0,0,20,52,47,0,30,15,29,1,36,0,0,0,0,0,0,0,0,3,45,0,0,false,0,0,hakke,,,Precision Frame*,Volatile Launch*,Linear Compensator,Black Powder*,Impact Casing,Demolitionist*,Air Trigger,Hatchling,Deconstruct*,Bait and Switch,Bipod,Dream Work*,Häkke Breach Armaments,Kill Tracker,Tier 1: Handling*,Triumphant Pulse*,,,
Crowning Duologue,1151307006,"""6917530196846968802""",,Legendary,5,Rocket Launcher,,Power,Strand,heavy,540,Precision Frame,Blast Radius,1,Vault,false,false,false,8,28,,65,59,0,0,20,53,47,0,30,15,29,1,35,0,0,0,0,0,0,0,0,3,45,0,0,false,0,0,hakke,,,Precision Frame*,Volatile Launch*,Countermass,Black Powder*,High-Velocity Rounds,Auto-Loading Holster*,Demolitionist,Reconstruction,Envious Assassin*,Bait and Switch,Reverberation,Dream Work*,Häkke Breach Armaments,Kill Tracker,Tier 1: Blast Radius*,Triumphant Pulse*,,,
Cry Mutiny,768696858,"""6917530191876743973""",,Legendary,3,Grenade Launcher,monumentoftriumph,Power,Solar,heavy,340,Adaptive Frame,Reload Speed,3,Vault,true,false,false,8,28,,58,62,0,0,13,45,18,0,57,120,48,6,42,0,0,0,0,0,0,0,0,12,48,0,0,false,0,44,,,,Adaptive Frame*,Confined Launch*,Quick Launch,Proximity Grenades*,Augmented Drum,Incandescent*,Grave Robber,Full Court*,Mega Kill Clip,Vanguard Determination*,Right Hook,Kill Tracker,Tier 3: Reload Speed*,,,,,,
Cynosure,2827141087,"""6917530193951925108""",,Legendary,4,Rocket Launcher,monumentoftriumph,Power,Strand,heavy,462,Adaptive Frame,Handling,2,Vault,true,false,false,8,28,,72,63,0,0,20,67,45,0,50,20,39,1,43,0,0,0,0,0,0,0,0,10,47,0,0,false,0,0,suros,,,Adaptive Frame*,Confined Launch*,Hard Launch,Black Powder*,Impact Casing,Reconstruction*,Tracking Module,Explosive Light*,Aggregate Charge,Vanguard Determination*,Suros Synergy,Kill Tracker,Tier 2: Handling*,,,,,,
Cynosure,2827141087,"""6917530195228795908""",,Legendary,4,Rocket Launcher,monumentoftriumph,Power,Strand,heavy,542,Adaptive Frame,Reload Speed,1,Vault,true,false,false,8,28,,72,63,0,0,20,45,70,0,26,20,71,1,41,0,0,0,0,0,0,0,0,10,47,0,0,false,0,0,suros,,,Adaptive Frame*,Hard Launch*,Quick Launch,Alloy Casing*,Black Powder,Reconstruction*,Demolitionist,Explosive Light*,Bipod,Vanguard Determination*,Suros Synergy,Kill Tracker,Tier 1: Reload Speed*,,,,,,
Cynosure,2827141087,"""6917530196606324129""",,Legendary,3,Rocket Launcher,monumentoftriumph,Power,Strand,heavy,550,Adaptive Frame,Blast Radius,3,Vault,true,false,false,8,28,,72,63,0,0,20,43,49,0,34,20,54,1,36,0,0,0,0,0,0,0,0,10,47,0,0,false,0,0,suros,,,Adaptive Frame*,Volatile Launch*,Linear Compensator,Alloy Casing*,High-Velocity Rounds,Reconstruction*,Slice,Bipod*,Bait and Switch,Vanguard Determination*,Suros Synergy,Kill Tracker,Tier 3: Blast Radius*,,,,,,
Cynosure,2511482352,"""6917530196620627705""",,Legendary,4,Rocket Launcher,,Power,Strand,heavy,550,Adaptive Frame,Blast Radius,10,Vault,false,false,false,8,28,,72,63,0,0,20,59,85,0,39,20,54,1,45,0,0,0,0,0,0,0,0,10,47,0,0,false,0,0,suros,,,Adaptive Frame*,Hard Launch*,Smart Drift Control,High-Velocity Rounds*,Impact Casing,Reconstruction*,Envious Arsenal,Aggregate Charge*,Hatchling,Accelerated Assault*,Vanguard Determination,Suros Synergy,Kill Tracker,Masterworked: Blast Radius*,,,,,
Cynosure,2827141087,"""6917530197603703170""",,Legendary,4,Rocket Launcher,monumentoftriumph,Power,Strand,heavy,550,Adaptive Frame,Velocity,1,Vault,true,false,false,8,28,,100,63,0,0,20,50,55,0,46,20,70,1,52,0,0,0,0,0,0,0,0,10,47,0,0,false,0,0,suros,,,Adaptive Frame*,Countermass*,Hard Launch,Alloy Casing*,Impact Casing,Reconstruction*,Demolitionist,Explosive Light*,Bait and Switch,Vanguard Determination*,Suros Synergy,Kill Tracker,Tier 1: Velocity*,,,,,,
Cynosure,2827141087,"""6917530197840757265""",,Legendary,4,Rocket Launcher,monumentoftriumph,Power,Strand,heavy,540,Adaptive Frame,Handling,1,Vault,true,false,false,8,28,,72,63,0,0,20,36,45,0,50,20,55,1,42,0,0,0,0,0,0,0,0,10,47,0,0,false,0,0,suros,,,Adaptive Frame*,Confined Launch*,Hard Launch,Alloy Casing*,Impact Casing,Reconstruction*,Demolitionist,Bipod*,Aggregate Charge,Vanguard Determination*,Suros Synergy,Kill Tracker,Tier 1: Handling*,,,,,,
D.A.R.C.I.,3141979346,"""6917530191385680236""",,Exotic,0,Sniper Rifle,,Power,Arc,heavy,328,Personal Assistant,,10,Vault,true,false,false,1,1,,100,60,55,40,40,0,0,0,75,140,40,7,80,0,0,0,0,0,0,0,0,90,60,0,0,false,0,56,,,,Personal Assistant*,Extended Barrel*,Extended Mag*,Target Acquired*,Short-Action Stock*,Kill Tracker,D.A.R.C.I. Catalyst*,,,,,,,,,,,,
D.F.A.,739029153,"""6917530192902165739""",,Legendary,5,Hand Cannon,monumentoftriumph,KineticSlot,Kinetic,primary,540,Adaptive Frame,Reload Speed,10,Vault,false,false,false,8,28,,100,77,84,69,14,0,0,0,66,140,67,9,59,0,0,0,0,0,0,0,0,18,58,0,0,false,0,8,,,,Adaptive Frame*,Arrowhead Brake*,Hammer-Forged Rifling,Accurized Rounds*,Appended Mag,Explosive Payload*,Attrition Orbs*,Problem Solver*,Vanguard Determination,Kill Tracker,Ballistics*,Masterworked: Reload Speed*,,,,,,,
D.F.A.,739029153,"""6917530193798344825""",,Legendary,5,Hand Cannon,monumentoftriumph,KineticSlot,Kinetic,primary,453,Adaptive Frame,Range,3,Vault,false,false,false,8,28,,100,77,84,48,14,0,0,0,54,140,54,11,54,0,0,0,0,0,0,0,0,18,58,0,0,false,0,0,,,,Adaptive Frame*,Arrowhead Brake*,Polygonal Rifling,Appended Mag*,Alloy Magazine,Explosive Payload*,Rapid Hit,Subsistence,Opening Shot*,One for All,Attrition Orbs,Problem Solver*,Vanguard Determination,Kill Tracker,Tier 3: Range*,Triumphant Pulse*,,,
D.F.A.,739029153,"""6917530197398744110""",,Legendary,3,Hand Cannon,monumentoftriumph,KineticSlot,Kinetic,primary,550,Adaptive Frame,Range,1,Vault,false,false,false,8,28,,100,77,84,46,14,0,0,0,59,140,62,10,52,0,0,0,0,0,0,0,0,18,58,0,0,false,0,0,,,,Adaptive Frame*,Arrowhead Brake*,Chambered Compensator,Tactical Mag*,Alloy Magazine,Explosive Payload*,Adhesive Ordnance,Kill Clip,Attrition Orbs*,Problem Solver*,Vanguard Determination,Kill Tracker,Tier 1: Range*,,,,,,
D.F.A.,2920548486,"""6917530197723599785""",,Legendary,4,Hand Cannon,,KineticSlot,Kinetic,primary,540,Adaptive Frame,Range,10,Vault,false,false,false,8,28,,88,77,84,55,14,0,0,0,80,140,51,9,62,0,0,0,0,0,0,0,0,25,58,0,0,false,0,0,,,,Adaptive Frame*,Fluted Barrel*,Full Bore,Steady Rounds*,Flared Magwell,Outlaw*,Keep Away,Frenzy*,One for All,Accelerated Assault*,Problem Solver,Vanguard Determination,Kill Tracker,Masterworked: Range*,,,,,
Dawn Far Off,1484294659,"""6917530194665449603""",,Legendary,4,Machine Gun,,Power,Solar,heavy,500,Aggressive Frame,Handling,1,Warlock(504),false,true,false,8,28,,100,52,33,42,16,0,0,0,50,600,22,80,52,0,0,0,0,0,0,0,0,27,35,0,0,false,0,1,,,,Aggressive Frame*,Arrowhead Brake*,Fluted Barrel,Extended Mag*,Light Mag,Burning Ambition*,Collective Demolition,Aggregate Charge*,Meganeura,Dream Work*,Kill Tracker,Tier 1: Handling*,,,,,,,
Dawn Far Off,1484294659,"""6917530194669567047""",,Legendary,4,Machine Gun,,Power,Solar,heavy,500,Aggressive Frame,Stability,3,Warlock(504),false,false,false,8,28,,100,52,33,49,16,0,0,0,53,600,38,69,51,0,0,0,0,0,0,0,0,17,35,0,0,false,0,0,,,,Aggressive Frame*,Arrowhead Brake*,Hammer-Forged Rifling,High-Caliber Rounds*,Ricochet Rounds,Impromptu Ammunition*,Attrition Orbs,Killing Tally*,Target Lock,Dream Work*,Kill Tracker,Tier 3: Stability*,,,,,,,
Dawn Far Off,1484294659,"""6917530194914394340""",,Legendary,5,Machine Gun,,Power,Solar,heavy,511,Aggressive Frame,Stability,3,Vault,false,false,false,8,28,,100,52,33,42,16,0,0,0,53,600,38,64,51,0,0,0,0,0,0,0,0,17,35,0,0,false,0,0,,,,Aggressive Frame*,Arrowhead Brake*,Polygonal Rifling,Alloy Magazine*,High-Caliber Rounds,Burning Ambition*,Impromptu Ammunition,Attrition Orbs,Incandescent*,Target Lock,Meganeura,Dream Work*,Kill Tracker,Tier 3: Stability*,Triumphant Pulse*,,,,
Dawn Far Off,1484294659,"""6917530194916674056""",,Legendary,5,Machine Gun,,Power,Solar,heavy,511,Aggressive Frame,Range,3,Vault,false,false,false,8,28,,100,52,33,52,16,0,0,0,50,600,38,64,51,0,0,0,0,0,0,0,0,17,35,0,0,false,0,0,,,,Aggressive Frame*,Arrowhead Brake*,Full Bore,High-Caliber Rounds*,Flared Magwell,Light Touch*,Triple Tap,Impromptu Ammunition,Incandescent*,Aggregate Charge,Binary Orbit,Dream Work*,Kill Tracker,Tier 3: Range*,Triumphant Pulse*,,,,
Dawn Far Off,1484294659,"""6917530194916674756""",,Legendary,5,Machine Gun,,Power,Solar,heavy,511,Aggressive Frame,Handling,2,Vault,false,false,false,8,28,,86,52,33,53,16,0,0,0,50,600,22,80,32,0,0,0,0,0,0,0,0,27,35,0,0,false,0,0,,,,Aggressive Frame*,Extended Barrel*,Polygonal Rifling,Extended Mag*,Flared Magwell,Burning Ambition*,Triple Tap,Collective Demolition,Incandescent*,Binary Orbit,Meganeura,Dream Work*,Kill Tracker,Tier 2: Handling*,Triumphant Pulse*,,,,
Dawn Far Off,1484294659,"""6917530194916678405""",,Legendary,5,Machine Gun,,Power,Solar,heavy,511,Aggressive Frame,Stability,4,Vault,false,false,false,8,28,,100,52,33,42,16,0,0,0,54,600,38,69,51,0,0,0,0,0,0,0,0,17,35,0,0,false,0,0,,,,Aggressive Frame*,Arrowhead Brake*,Polygonal Rifling,Alloy Magazine*,High-Caliber Rounds,Burning Ambition*,Subsistence,Collective Demolition,Killing Tally*,Aggregate Charge,Target Lock,Dream Work*,Kill Tracker,Tier 4: Stability*,Triumphant Pulse*,,,,
Dead Messenger,46125926,"""6917530198276668481""",,Exotic,0,Grenade Launcher,exoticquest,Energy,Void,special,540,Trinary Vision,,10,Vault,false,false,false,5,16,,73,78,0,0,13,50,93,0,37,72,60,1,55,0,0,0,0,0,0,0,0,6,70,0,0,crafted,1,0,,,,Trinary Vision*,Quick Launch*,High-Velocity Rounds*,The Fundamentals*,Hand-Laid Stock*,Empty Traits Socket*,Kill Tracker,,,,,,,,,,,,
DEADHORSE 04,822872238,"""6917530196432855315""",,Legendary,5,Submachine Gun,monumentoftriumph,KineticSlot,Stasis,primary,550,Adaptive Frame,Handling,1,Vault,false,false,false,8,28,,100,48,20,55,14,0,0,0,45,900,55,36,64,0,0,0,0,0,0,0,0,23,43,0,0,false,0,0,,,,Adaptive Frame*,Arrowhead Brake*,Full Bore,Accurized Rounds*,Alloy Magazine,Ambitious Assassin*,Rangefinder,Enlightened Action,Target Lock*,Redirection,Surrounded,Carrion Munitions*,Kill Tracker,Tier 1: Handling*,Triumphant Pulse*,,,,
DEADHORSE 04,822872238,"""6917530197542652960""",,Legendary,5,Submachine Gun,monumentoftriumph,KineticSlot,Stasis,primary,550,Adaptive Frame,Stability,1,Hunter(542),true,false,false,8,28,,84,48,20,58,14,0,0,0,37,900,50,36,52,0,0,0,0,0,0,0,0,23,43,0,0,false,0,720,,"00002:Crucible,Solar",,Adaptive Frame*,Full Bore*,Polygonal Rifling,Alloy Magazine*,Flared Magwell,Ambitious Assassin,Grave Robber*,Impromptu Ammunition,Pugilist,Collective Pugilism*,Redirection,Carrion Munitions*,Kill Tracker,Tier 1: Stability*,Triumphant Pulse*,,,,
DEADHORSE 04,822872238,"""6917530197542657318""",,Legendary,4,Submachine Gun,monumentoftriumph,KineticSlot,Stasis,primary,550,Adaptive Frame,Stability,1,Vault,true,false,false,8,28,,84,48,20,49,14,0,0,0,52,900,52,39,56,0,0,0,0,0,0,0,0,23,43,0,0,false,0,0,,,,Adaptive Frame*,Corkscrew Rifling*,Full Bore,Appended Mag*,Steady Rounds,Rimestealer*,Enlightened Action,Crystalline Corpsebloom*,Collective Pugilism,Carrion Munitions*,Kill Tracker,Tier 1: Stability*,,,,,,,
DEADHORSE 04,822872238,"""6917530198023745372""",,Legendary,5,Submachine Gun,monumentoftriumph,KineticSlot,Stasis,primary,550,Adaptive Frame,Range,1,Vault,true,false,false,8,28,,100,48,20,44,14,0,0,0,45,900,32,41,68,0,0,0,0,0,0,0,0,33,43,0,0,false,0,0,,,,Adaptive Frame*,Arrowhead Brake*,Full Bore,Extended Mag*,Flared Magwell,Rangefinder*,Grave Robber,Lone Wolf,Crystalline Corpsebloom*,One for All,Redirection,Carrion Munitions*,Kill Tracker,Tier 1: Range*,Triumphant Pulse*,,,,
DEADHORSE 04,822872238,"""6917530198023745401""",,Legendary,5,Submachine Gun,monumentoftriumph,KineticSlot,Stasis,primary,550,Adaptive Frame,Reload Speed,3,Vault,true,false,false,8,28,,84,48,20,43,14,0,0,0,51,900,53,36,72,0,0,0,0,0,0,0,0,23,43,0,0,false,0,0,,,,Adaptive Frame*,Fluted Barrel*,Polygonal Rifling,Alloy Magazine*,Flared Magwell,Grave Robber*,Impromptu Ammunition,Lone Wolf,Target Lock*,Collective Pugilism,One for All,Carrion Munitions*,Kill Tracker,Tier 3: Reload Speed*,Triumphant Pulse*,,,,
Deadpan Delivery,1296429091,"""6917530195201586508""",,Legendary,0,Shotgun,seasonpass,Energy,Arc,special,527,Aggressive Frame,Reload Speed,2,Vault,false,false,false,6,22,,65,31,80,34,12,0,0,0,23,55,32,5,26,0,0,0,0,0,0,0,0,2,28,0,0,false,0,0,nadir,,,Aggressive Frame*,Smoothbore*,Full Choke,Appended Mag*,Light Mag,Overflow*,Collective Action*,Vanguard's Vindication*,Nadir Focus,Kill Tracker,Tier 2: Reload Speed*,,,,,,,,
Death Adder,2130249527,"""6917530195150184375""",,Legendary,5,Submachine Gun,dungeon,Energy,Solar,primary,537,Lightweight Frame,Reload Speed,2,Vault,false,false,false,8,28,,100,55,15,41,13,0,0,0,35,900,28,42,72,0,0,0,0,0,0,0,0,12,63,0,0,false,0,0,veist,,,Lightweight Frame*,Arrowhead Brake*,Corkscrew Rifling,Accurized Rounds*,Flared Magwell,Hip-Fire Grip*,Heal Clip,Dynamic Sway Reduction,Binary Orbit*,Moving Target,Quickdraw,Veist Stinger*,Kill Tracker,Tier 2: Reload Speed*,Triumphant Pulse*,,,,
Death Adder,2130249527,"""6917530195260141101""",,Legendary,3,Submachine Gun,dungeon,Energy,Solar,primary,532,Lightweight Frame,Reload Speed,2,Vault,false,false,false,8,28,,95,55,15,34,13,0,0,0,40,900,28,46,65,0,0,0,0,0,0,0,0,12,63,0,0,false,0,0,veist,,,Lightweight Frame*,Corkscrew Rifling*,Full Bore,Appended Mag*,Extended Mag,Hip-Fire Grip*,Heal Clip,Burning Ambition*,Binary Orbit,Veist Stinger*,Kill Tracker,Tier 2: Reload Speed*,,,,,,,
Death Adder,2130249527,"""6917530195824521022""",,Legendary,4,Submachine Gun,dungeon,Energy,Solar,primary,550,Lightweight Frame,Range,5,Vault,false,false,false,8,28,,95,55,15,49,13,0,0,0,26,900,28,46,56,0,0,0,0,0,0,0,0,12,63,0,0,false,0,0,veist,,,Lightweight Frame*,Full Bore*,Smallbore,Appended Mag*,Flared Magwell,Heal Clip*,Zen Moment,Dragonfly*,Moving Target,Veist Stinger*,Kill Tracker,Tier 5: Range*,,,,,,,
Death Adder,2130249527,"""6917530196231691697""",,Legendary,5,Submachine Gun,dungeon,Energy,Solar,primary,550,Lightweight Frame,Handling,1,Vault,false,false,false,8,28,,100,55,15,29,13,0,0,0,46,900,28,46,57,0,0,0,0,0,0,0,0,12,63,0,0,false,0,0,veist,,,Lightweight Frame*,Chambered Compensator*,Full Bore,Appended Mag*,Tactical Mag,Feeding Frenzy*,Zen Moment,Dragonfly*,Quickdraw,Veist Stinger*,Kill Tracker,Tier 1: Handling*,,,,,,,
Deathbringer,2232171099,"""6917530194251055462""",,Exotic,0,Rocket Launcher,exoticquest,Power,Void,heavy,503,Dark Deliverance,,,Vault,true,false,false,3,8,,58,72,0,0,20,100,35,0,53,15,63,1,66,0,0,0,0,0,0,0,0,3,36,0,0,false,0,71,,,,Dark Deliverance*,Volatile Launch*,Alloy Casing*,Dark Descent*,Composite Stock*,Kill Tracker,Empty Catalyst Socket*,,,,,,,,,,,,
Ded Gramarye IV,870893339,"""6917530194344515455""",infuse,Legendary,4,Shotgun,engram,Energy,Arc,special,485,Lightweight Frame,Stability,2,Vault,false,false,false,8,28,,60,47,65,64,12,0,0,0,38,80,54,6,52,0,0,0,0,0,0,0,0,3,19,0,0,false,0,23,cassoid,,,Lightweight Frame*,Rifled Barrel*,Smoothbore,Accurized Rounds*,Light Mag,Stats for All,Eddy Current*,Voltshot,Chain Reaction*,Wild Card*,Kill Tracker,Tier 2: Stability*,,,,,,,
Defiance of Yasmin,3228096719,"""6917530198034286367""",,Legendary,0,Sniper Rifle,kingsfall,KineticSlot,Kinetic,special,550,Adaptive Frame,Handling,3,Vault,false,false,false,5,18,,92,68,70,54,40,0,0,0,46,90,22,5,59,0,0,0,0,0,0,0,0,14,35,0,0,false,0,0,,,,Adaptive Frame*,Arrowhead Brake*,Chambered Compensator,Extended Mag*,Alloy Magazine,Firefly*,Moving Target*,Runneth Over*,Kill Tracker,Tier 3: Handling*,,,,,,,,,
Deterministic Chaos,449318888,"""6917530195527907876""",,Exotic,0,Machine Gun,exoticquest,Power,Void,heavy,540,Vexadecimal,,,Vault,false,false,false,6,20,,80,64,70,49,16,0,0,0,65,360,38,48,49,0,0,0,0,0,0,0,0,19,40,0,0,false,0,75,,,,Vexadecimal*,Polygonal Rifling*,Ricochet Rounds*,Heavy Metal*,Composite Stock*,Kill Tracker,Empty Catalyst Socket*,,,,,,,,,,,,
Dimensional Hypotrochoid,1311684613,"""6917530193263066624""",,Legendary,0,Grenade Launcher,campaign,Power,Stasis,heavy,400,Compressed Wave Frame,Blast Radius,1,Vault,false,false,false,6,20,,63,63,0,0,13,66,38,0,40,120,52,5,37,0,0,0,0,0,0,0,0,11,32,0,0,false,0,0,,,,Compressed Wave Frame*,Volatile Launch*,Quick Launch,High-Velocity Rounds*,Implosion Rounds,Envious Assassin*,Bait and Switch*,Nanotech Tracer Missiles*,Kill Tracker,Tier 1: Blast Radius*,,,,,,,,,
Dimensional Hypotrochoid,1311684613,"""6917530194584140764""",,Legendary,0,Grenade Launcher,campaign,Power,Stasis,heavy,500,Compressed Wave Frame,Blast Radius,1,Warlock(504),false,false,false,6,20,,63,63,0,0,13,66,38,0,40,120,52,5,37,0,0,0,0,0,0,0,0,11,32,0,0,false,0,0,,,,Compressed Wave Frame*,Volatile Launch*,Confined Launch,High-Velocity Rounds*,Implosion Rounds,Envious Assassin*,Bait and Switch*,Nanotech Tracer Missiles*,Kill Tracker,Tier 1: Blast Radius*,,,,,,,,,
Dimensional Hypotrochoid,1311684613,"""6917530194667628234""",,Legendary,0,Grenade Launcher,campaign,Power,Stasis,heavy,500,Compressed Wave Frame,Blast Radius,1,Warlock(504),false,false,false,6,20,,93,63,0,0,13,51,43,0,50,120,52,5,52,0,0,0,0,0,0,0,0,11,52,0,0,false,0,0,,,,Compressed Wave Frame*,Countermass*,Hard Launch,High-Velocity Rounds*,Implosion Rounds,Field Prep*,Chain Reaction*,Nanotech Tracer Missiles*,Kill Tracker,Tier 1: Blast Radius*,,,,,,,,,
Dimensional Hypotrochoid,1311684613,"""6917530195256336417""",,Legendary,0,Grenade Launcher,campaign,Power,Stasis,heavy,532,Compressed Wave Frame,Handling,2,Vault,false,false,false,6,20,,63,63,0,0,13,65,38,0,40,120,52,5,39,0,0,0,0,0,0,0,0,11,32,0,0,false,0,0,,,,Compressed Wave Frame*,Volatile Launch*,Countermass,High-Velocity Rounds*,Implosion Rounds,Unrelenting*,Chain Reaction*,Nanotech Tracer Missiles*,Kill Tracker,Tier 2: Handling*,,,,,,,,,
Division,2903168058,"""6917530195201587172""",,Legendary,0,Sidearm,heresy,Energy,Arc,primary,527,Heavy Burst,Handling,1,Vault,false,false,false,7,26,,100,87,56,50,12,0,0,0,49,325,24,28,29,0,0,0,0,0,0,0,0,23,33,0,0,false,0,0,,,,Heavy Burst*,Chambered Compensator*,Fluted Barrel,Appended Mag*,Steady Rounds,Pugilist*,Voltshot*,Willing Vessel*,Kill Tracker,Tier 1: Handling*,,,,,,,,,
Doomsday,713132408,"""6917530194324186313""",keep,Legendary,5,Grenade Launcher,gambit,Power,Arc,heavy,491,Adaptive Frame,Reload Speed,3,Vault,true,false,false,8,28,,78,54,0,0,13,61,38,0,59,120,46,5,45,0,0,0,0,0,0,0,0,6,33,0,0,false,0,0,,,,Adaptive Frame*,Linear Compensator*,Smart Drift Control,Thermoplastic Grenades,Spike Grenades*,Auto-Loading Holster*,Ambitious Assassin,Eddy Current,Full Court*,Quickdraw,Bait and Switch,Gun and Run*,Kill Tracker,Tier 3: Reload Speed*,Triumphant Pulse*,,,,
Doomsday,713132408,"""6917530194346286869""",infuse,Legendary,5,Grenade Launcher,gambit,Power,Arc,heavy,497,Adaptive Frame,Velocity,4,Vault,true,false,false,8,28,,78,54,0,0,13,56,42,0,59,120,43,5,45,0,0,0,0,0,0,0,0,6,33,0,0,false,0,0,,,,Adaptive Frame*,Linear Compensator*,Quick Launch,Spike Grenades*,Augmented Drum,Auto-Loading Holster*,Snapshot Sights,Envious Arsenal,Chain Reaction*,Bait and Switch,Explosive Light,Gun and Run*,Kill Tracker,Tier 4: Velocity*,Triumphant Pulse*,,,,
Doomsday,713132408,"""6917530194355668085""",keep,Legendary,5,Grenade Launcher,gambit,Power,Arc,heavy,501,Adaptive Frame,Handling,1,Vault,true,false,false,8,28,,78,54,0,0,13,66,28,0,54,120,43,5,41,0,0,0,0,0,0,0,0,6,33,0,0,false,0,0,,,,Adaptive Frame*,Volatile Launch*,Hard Launch,Spike Grenades*,Augmented Drum,Auto-Loading Holster*,Ambitious Assassin,Attrition Orbs,Chain Reaction*,Bait and Switch,Explosive Light,Gun and Run*,Kill Tracker,Tier 1: Handling*,Triumphant Pulse*,,,,
Dragon's Breath,17096506,"""6917530192264558533""",,Exotic,0,Rocket Launcher,seasonpass,Power,Solar,heavy,550,Composite Propellant,,10,Hunter(542),true,false,false,6,23,,55,70,0,0,20,100,67,0,27,15,37,1,92,0,0,0,0,0,0,0,0,10,50,0,0,false,0,2873,,00001:Solar,,Composite Propellant*,Volatile Launch*,Black Powder*,High Octane*,Short-Action Stock*,Kill Tracker,Dragon's Breath Catalyst*,,,,,,,,,,,,
Dream Breaker,219610523,"""6917530194228979587""",,Legendary,3,Fusion Rifle,monumentoftriumph,Energy,Solar,special,477,Adaptive Frame,Reload Speed,2,Vault,false,false,false,8,28,,57,43,75,35,15,0,0,0,41,0,32,6,32,667,0,0,0,0,0,0,0,4,31,0,0,false,0,0,,,,Adaptive Frame*,Corkscrew Rifling*,Polygonal Rifling,Liquid Coils*,Projection Fuse,Slideways*,Incandescent,Lone Wolf*,Frenzy,Loss*,Kill Tracker,Tier 2: Reload Speed*,,,,,,,
Duality,3460576091,"""6917530198096250621""",,Exotic,0,Shotgun,,Energy,Solar,special,550,Compression Chamber,,,Vault,false,false,false,4,12,,78,65,80,75,12,0,0,0,50,65,1,6,80,0,0,0,0,0,0,0,0,6,70,0,0,false,0,1,,00001:Dungeon,,Compression Chamber*,Corkscrew Rifling*,Alloy Magazine*,On Black Wings*,Short-Action Stock*,Kill Tracker,Empty Catalyst Socket*,,,,,,,,,,,,
Duty Bound,260532765,"""6917530196838111423""",,Legendary,5,Auto Rifle,strikes,KineticSlot,Kinetic,primary,550,Adaptive Frame,Reload Speed,2,Vault,false,false,false,8,28,,90,73,21,36,18,0,0,0,39,600,53,47,75,0,0,0,0,0,0,0,0,18,58,0,0,false,0,0,,,,Adaptive Frame*,Arrowhead Brake*,Hammer-Forged Rifling,Appended Mag*,Alloy Magazine,Fourth Time's the Charm*,Stopping Power,Lone Wolf,All-Star*,Triple Tap,Onslaught,Problem Solver*,Vanguard Determination,Kill Tracker,Tier 2: Reload Speed*,Infamous Duty Bound*,Roguish Bolts*,,
Duty Bound,260532765,"""6917530197104734961""",,Legendary,5,Auto Rifle,strikes,KineticSlot,Kinetic,primary,540,Adaptive Frame,Reload Speed,4,Vault,false,false,false,8,28,,70,73,21,36,18,0,0,0,50,600,55,47,59,0,0,0,0,0,0,0,0,18,58,0,0,false,0,32,,,,Adaptive Frame*,Chambered Compensator*,Full Bore,Appended Mag*,Alloy Magazine,Enlightened Action*,Fourth Time's the Charm,Bewildering Burst,All-Star*,Triple Tap,Onslaught,Problem Solver*,Vanguard Determination,Kill Tracker,Tier 4: Reload Speed*,Infamous Duty Bound*,Roguish Bolts*,,
Duty Bound,260532765,"""6917530198278508287""",,Legendary,5,Auto Rifle,strikes,KineticSlot,Kinetic,primary,550,Adaptive Frame,Stability,1,Vault,false,false,false,8,28,,70,73,21,59,18,0,0,0,40,600,49,41,54,0,0,0,0,0,0,0,0,18,58,0,0,false,0,0,,,,Adaptive Frame*,Extended Barrel*,Polygonal Rifling,Accurized Rounds*,Alloy Magazine,Enlightened Action*,Fourth Time's the Charm,Bewildering Burst,Triple Tap*,Rampage,Dynamic Sway Reduction,Problem Solver*,Vanguard Determination,Kill Tracker,Tier 1: Stability*,Infamous Duty Bound*,Roguish Bolts*,,
Ecliptic Distaff,1942143745,"""6917530192379382913""",,Legendary,4,Glaive,monumentoftriumph,Energy,Void,special,367,Adaptive Glaive,Reload Speed,4,Vault,true,false,false,8,28,,0,73,80,69,0,0,0,0,0,55,58,6,54,0,0,0,0,0,0,0,37,12,41,0,0,false,0,0,,,,Adaptive Glaive*,Ballistic Tuning*,Lightweight Emitter,Alloy Magazine*,Swap Mag,Grave Robber*,Disruption Break,Chaos Reshaped*,Desperate Measures,Vanguard Determination*,Noble Deeds,Kill Tracker,Tier 4: Reload Speed*,,,,,,
Edge Transit,3736001863,"""6917530193957832700""",,Legendary,5,Grenade Launcher,brave,Power,Void,heavy,452,Adaptive Frame,Velocity,10,Vault,false,false,false,8,28,,70,62,0,0,13,71,43,0,59,120,44,8,42,0,0,0,0,0,0,0,0,6,38,0,0,false,0,21,,,,Adaptive Frame*,Volatile Launch*,Countermass,Spike Grenades*,Augmented Drum,Auto-Loading Holster*,Demolitionist,Chain Reaction,Destabilizing Rounds*,Full Court,Elemental Honing,Indomitability*,Kill Tracker,Backup Mag*,Masterworked: Velocity*,Triumphant Pulse*,,,
Edge Transit,3736001863,"""6917530193973732349""",,Legendary,4,Grenade Launcher,brave,Power,Void,heavy,456,Adaptive Frame,Handling,4,Vault,false,false,false,8,28,,70,62,0,0,13,66,23,0,69,120,39,6,46,0,0,0,0,0,0,0,0,6,38,0,0,false,0,0,,,,Adaptive Frame*,Confined Launch*,Smart Drift Control,Spike Grenades*,High-Velocity Rounds,Auto-Loading Holster*,Chain Reaction,Full Court*,Bait and Switch,Indomitability*,Kill Tracker,Tier 4: Handling*,,,,,,,
Edge Transit,3736001863,"""6917530193975683920""",,Legendary,5,Grenade Launcher,brave,Power,Void,heavy,461,Adaptive Frame,Blast Radius,2,Vault,false,false,false,8,28,,70,62,0,0,13,50,28,0,42,120,39,6,37,0,0,0,0,0,0,0,0,6,48,0,0,false,0,0,,,,Adaptive Frame*,Volatile Launch*,Countermass,Proximity Grenades*,High-Explosive Ordnance,Envious Arsenal*,Repulsor Brace,Demolitionist,Destabilizing Rounds*,Elemental Honing,Withering Gaze,Indomitability*,Kill Tracker,Tier 2: Blast Radius*,Triumphant Pulse*,,,,
Edge Transit,3736001863,"""6917530193975689944""",,Legendary,5,Grenade Launcher,brave,Power,Void,heavy,550,Adaptive Frame,Velocity,10,Vault,true,false,false,8,28,,70,62,0,0,13,71,43,0,59,120,44,8,42,0,0,0,0,0,0,0,0,6,38,0,0,false,0,216,,00001:Prismatic,,Adaptive Frame*,Volatile Launch*,Countermass,Spike Grenades*,High-Velocity Rounds,Auto-Loading Holster*,Cascade Point,Demolitionist,Full Court,Bait and Switch*,Withering Gaze,Indomitability*,Kill Tracker,Backup Mag*,Masterworked: Velocity*,Triumphant Pulse*,,,
Edge Transit,3736001863,"""6917530193985743574""",,Legendary,5,Grenade Launcher,brave,Power,Void,heavy,540,Adaptive Frame,Handling,10,Vault,true,false,false,8,28,,70,62,0,0,13,55,58,0,59,120,44,6,73,0,0,0,0,0,0,0,0,6,48,0,0,false,0,37,,,,Adaptive Frame*,Quick Launch*,Smart Drift Control,Spike Grenades*,Alloy Casing,Envious Arsenal*,Cascade Point,Chain Reaction,Destabilizing Rounds,Bait and Switch*,Deconstruct,Indomitability*,Kill Tracker,Enhanced Projectile Speed*,Masterworked: Handling*,Triumphant Pulse*,,,
Eighty-Six,2344383760,"""6917530196260144846""",,Legendary,3,Sword,monumentoftriumph,Power,Strand,heavy,400,Vortex Frame,Impact,2,Vault,false,false,false,8,28,,0,0,61,0,0,0,0,0,0,0,0,70,0,0,0,0,20,0,90,40,0,0,0,0,0,false,0,0,,,,Vortex Frame*,Hungry Edge*,Honed Edge,Jagged Edge,Enduring Guard*,Heavy Guard,Tireless Blade*,Sharp Harvest,Elemental Honing*,En Garde,Bray Legacy*,Kill Tracker,Tier 2: Impact*,,,,,,
Eighty-Six,2344383760,"""6917530196260147745""",,Legendary,4,Sword,monumentoftriumph,Power,Strand,heavy,500,Vortex Frame,Impact,5,Vault,false,false,false,8,28,,0,0,60,0,0,0,0,0,0,0,0,73,0,0,0,0,20,0,94,40,0,0,0,0,0,false,0,0,,,,Vortex Frame*,Enduring Blade*,Honed Edge,Tempered Edge,Enduring Guard*,Heavy Guard,Slice*,Duelist's Trance,Redirection*,Hatchling,Bray Legacy*,Kill Tracker,Tier 5: Impact*,,,,,,
Eighty-Six,2344383760,"""6917530197192131102""",,Legendary,5,Sword,monumentoftriumph,Power,Strand,heavy,550,Vortex Frame,Impact,1,Vault,false,false,false,8,28,,0,0,60,0,0,0,0,0,0,0,0,70,0,0,0,0,20,41,43,40,0,0,0,0,0,false,0,0,,,,Vortex Frame*,Hungry Edge*,Enduring Blade,Honed Edge,Balanced Guard*,Swordmaster's Guard,Slice*,Tireless Blade,Relentless Strikes,Elemental Honing*,Redirection,Binary Orbit,Bray Legacy*,Kill Tracker,Tier 1: Impact*,Infamous Eighty-Six*,Roguish Bolts*,,
Elsie's Rifle,381446446,"""6917530193954048373""",,Legendary,5,Pulse Rifle,brave,Energy,Void,primary,450,High-Impact Frame,Range,1,Vault,false,false,false,8,28,,73,40,33,76,17,0,0,0,51,340,62,36,38,0,0,0,0,0,0,0,0,24,52,0,0,false,0,0,,,,High-Impact Frame*,Full Bore*,Smallbore,Appended Mag*,Armor-Piercing Rounds,Rewind Rounds*,Dimensional Shift,Zen Moment,Headseeker*,Desperate Measures,Frenzy,Indomitability*,Kill Tracker,Tier 1: Range*,Triumphant Pulse*,,,,
Embraced Identity,2821677368,"""6917530193854741978""",,Legendary,0,Sniper Rifle,paleheart,Energy,Void,special,446,Adaptive Frame,Handling,4,Vault,false,false,false,7,24,,100,69,70,51,46,0,0,0,47,90,49,5,58,0,0,0,0,0,0,0,0,3,36,0,0,false,0,0,,,,Adaptive Frame*,Arrowhead Brake*,Smallbore,Tactical Mag*,Steady Rounds,Rewind Rounds*,Precision Instrument*,Dealer's Choice*,Kill Tracker,Tier 4: Handling*,,,,,,,,,
Enigma's Draw,1723380073,"""6917530197083353725""",,Legendary,0,Sidearm,engram,KineticSlot,Kinetic,primary,540,Precision Frame,Handling,1,Vault,false,false,false,3,10,,90,91,51,57,12,0,0,0,55,260,20,13,36,0,0,0,0,0,0,0,0,12,33,0,0,false,0,0,fotc,,,Precision Frame*,Shortspec SAS*,Tactic SAS,Ricochet Rounds*,Flared Magwell,Full Auto Trigger System*,Rangefinder*,Kill Tracker,Tier 1: Handling*,,,,,,,,,,
Epochal Integration,1123421440,"""6917530195549363458""",,Legendary,0,Hand Cannon,neomuna,Energy,Solar,primary,540,Adaptive Frame,Handling,10,Vault,false,false,false,6,21,,89,71,84,54,14,0,0,0,82,140,41,11,60,0,0,0,0,0,0,0,0,18,54,0,0,false,0,0,,,,Adaptive Frame*,Smallbore*,Ricochet Rounds*,Keep Away*,Stats for All,Eye of the Storm*,Incandescent,Harmonic Resonance*,Nanotech Tracer Missiles,Kill Tracker,Masterworked: Handling*,,,,,,,,
Ergo Sum,1681583613,"""6917530191639242088""",,Exotic,0,Sword,paleheart,Energy,Void,special,330,Unplanned Reprieve,,,Vault,true,false,false,7,24,,0,0,58,0,0,0,0,0,0,0,0,51,0,0,0,0,30,40,40,40,0,0,0,0,0,false,0,0,,,,Unplanned Reprieve*,Enduring Blade*,Jagged Edge,Tempered Edge,Balanced Guard*,Burst Guard,Lightweight Frame*,Transcendent Duelist*,Kill Tracker,Empty Catalyst Socket*,,,,,,,,,
Ergo Sum,1681583613,"""6917530192587214393""",,Exotic,0,Sword,paleheart,Energy,Solar,special,372,The Perfect Fifth,,,Vault,true,false,false,7,24,,0,0,60,0,0,0,0,0,0,0,0,48,0,0,0,0,30,80,0,40,0,0,0,0,0,false,0,0,,,,The Perfect Fifth*,Hungry Edge*,Enduring Blade,Honed Edge,Burst Guard*,Enduring Guard,Caster Frame*,Transcendent Duelist*,Kill Tracker,Empty Catalyst Socket*,,,,,,,,,
Ergo Sum,1681583613,"""6917530192625448805""",,Exotic,0,Sword,paleheart,Energy,Void,special,375,Insectoid Robot Grenades,,,Vault,true,false,false,7,24,,0,0,60,0,0,0,0,0,0,0,0,48,0,0,0,0,30,80,0,40,0,0,0,0,0,false,0,0,,,,Insectoid Robot Grenades*,Hungry Edge*,Jagged Edge,Tempered Edge,Burst Guard*,Heavy Guard,Aggressive Frame*,Transcendent Duelist*,Kill Tracker,Empty Catalyst Socket*,,,,,,,,,
Ergo Sum,1681583613,"""6917530192646966216""",,Exotic,0,Sword,paleheart,Energy,Solar,special,376,The Perfect Fifth,,,Vault,true,false,false,7,24,,0,0,62,0,0,0,0,0,0,0,0,44,0,0,0,0,30,80,0,40,0,0,0,0,0,false,0,0,,,,The Perfect Fifth*,Honed Edge*,Jagged Edge,Tempered Edge,Burst Guard*,Swordmaster's Guard,Caster Frame*,Transcendent Duelist*,Kill Tracker,Empty Catalyst Socket*,,,,,,,,,
Ergo Sum,1681583613,"""6917530192661009576""",,Exotic,0,Sword,paleheart,Energy,Arc,special,378,Stormbringer,,,Vault,true,false,false,7,24,,0,0,60,0,0,0,0,0,0,0,0,48,0,0,0,0,30,40,40,40,0,0,0,0,0,false,0,0,,,,Stormbringer*,Hungry Edge*,Jagged Edge,Tempered Edge,Balanced Guard*,Swordmaster's Guard,Vortex Frame*,Transcendent Duelist*,Kill Tracker,Empty Catalyst Socket*,,,,,,,,,
Ergo Sum,1681583613,"""6917530197071330343""",,Exotic,0,Sword,paleheart,Energy,Arc,special,540,Arc Conductor,,,Vault,false,false,false,7,24,,0,0,60,0,0,0,0,0,0,0,0,48,0,0,0,0,30,80,0,40,0,0,0,0,0,false,0,0,,,,Arc Conductor*,Hungry Edge*,Honed Edge,Jagged Edge,Burst Guard*,Swordmaster's Guard,Vortex Frame*,Transcendent Duelist*,Kill Tracker,Empty Catalyst Socket*,,,,,,,,,
Escape Velocity,1786797708,"""6917530197116716998""",,Legendary,0,Submachine Gun,engram,KineticSlot,Kinetic,primary,540,Lightweight Frame,Handling,2,Vault,false,false,false,3,10,,80,45,15,39,14,0,0,0,32,900,24,42,82,0,0,0,0,0,0,0,0,12,70,0,0,false,0,0,field-forged,,,Lightweight Frame*,IS 2 Classic*,Model 6 Loop,Accurized Rounds*,Extended Mag,Overflow*,Surrounded*,Kill Tracker,Tier 2: Handling*,,,,,,,,,,
Eternity's Edge,2782325301,"""6917530194257079590""",,Legendary,0,Sword,engram,Power,Solar,heavy,478,Vortex Frame,Impact,4,Vault,false,false,false,4,14,,0,0,62,0,0,0,0,0,0,0,0,73,0,0,0,0,20,40,100,40,0,0,0,0,0,false,0,0,,,,Vortex Frame*,Hungry Edge*,Enduring Blade,Tempered Edge,Infinite Guard*,Relentless Strikes*,Surrounded*,Kill Tracker,Tier 5: Impact*,,,,,,,,,,
Exuviae,2823644677,"""6917530194254863134""",,Legendary,0,Hand Cannon,revenant,KineticSlot,Stasis,primary,478,Aggressive Frame,Stability,5,Vault,false,false,false,7,25,,100,61,92,71,14,0,0,0,42,120,29,8,27,0,0,0,0,0,0,0,0,25,54,0,0,false,0,0,,,,Aggressive Frame*,Chambered Compensator*,Polygonal Rifling,Accurized Rounds*,Flared Magwell,Lone Wolf*,Precision Instrument*,Dark Ether Reaper*,Kill Tracker,Tier 5: Stability*,,,,,,,,,
Eyasluna,386864872,"""6917530197514017804""",,Legendary,5,Hand Cannon,30th,KineticSlot,Stasis,primary,550,Adaptive Frame,Range,5,Vault,false,false,false,8,28,,100,85,84,63,14,0,0,0,74,140,45,11,71,0,0,0,0,0,0,0,0,10,54,0,0,false,0,0,,,,Adaptive Frame*,Arrowhead Brake*,Corkscrew Rifling,High-Caliber Rounds*,Flared Magwell,Firefly*,Meganeura,Rangefinder,Chaos Reshaped*,Crystalline Corpsebloom,Precision Instrument,Unburied Treasure*,Kill Tracker,Tier 5: Range*,Triumphant Pulse*,,,,
Eyasluna,386864872,"""6917530197515728720""",,Legendary,5,Hand Cannon,30th,KineticSlot,Stasis,primary,550,Adaptive Frame,Reload Speed,5,Vault,false,false,false,8,28,,96,85,84,64,14,0,0,0,80,140,50,11,64,0,0,0,0,0,0,0,0,10,54,0,0,false,0,0,,,,Adaptive Frame*,Corkscrew Rifling*,Fluted Barrel,Armor-Piercing Rounds*,Light Mag,Elemental Capacitor*,Slideshot,Rangefinder,Chaos Reshaped*,Moving Target,Collective Action,Unburied Treasure*,Kill Tracker,Tier 5: Reload Speed*,Triumphant Pulse*,,,,
Fafnir,2197778303,"""6917530192283258461""",,Exotic,1,Linear Fusion Rifle,monumentoftriumph,Power,Void,heavy,550,Quantum Nova,,,Vault,true,false,false,8,28,,33,65,70,70,18,0,0,0,53,0,27,3,22,1066,0,0,0,0,0,0,0,14,29,0,0,false,0,63,,,,Quantum Nova*,Hammer-Forged Rifling*,Projection Fuse*,Subatomic Distortion*,Hand-Laid Stock*,Kill Tracker,Empty Catalyst Socket*,,,,,,,,,,,,
Fair Judgment,4113452819,"""6917530193209800489""",,Legendary,3,Auto Rifle,monumentoftriumph,KineticSlot,Stasis,primary,410,Precision Frame,Stability,3,Vault,false,false,false,8,28,,72,34,29,64,16,0,0,0,53,450,43,33,50,0,0,0,0,0,0,0,0,17,51,0,0,false,0,0,,,,Precision Frame*,Corkscrew Rifling*,Polygonal Rifling,Alloy Magazine*,Flared Magwell,Enlightened Action*,Slideshot,Onslaught*,Rangefinder,Vanguard Determination*,Kill Tracker,Tier 3: Stability*,,,,,,,
Fair Judgment,4113452819,"""6917530194832162303""",keep,Legendary,5,Auto Rifle,monumentoftriumph,KineticSlot,Stasis,primary,540,Precision Frame,Stability,10,Vault,false,false,false,8,28,,82,34,29,75,16,0,0,0,60,450,30,39,41,0,0,0,0,0,0,0,0,27,51,0,0,false,0,16,,,,Precision Frame*,Extended Barrel*,Polygonal Rifling,Extended Mag*,Ricochet Rounds,Rimestealer*,Keep Away,Slideshot,Onslaught*,Rangefinder,Kill Clip,Vanguard Determination*,Kill Tracker,Masterworked: Stability*,Triumphant Pulse*,,,,
Falling Guillotine,2480871539,"""6917530193787386986""",,Legendary,4,Sword,brave,Power,Void,heavy,439,Vortex Frame,Impact,4,Vault,false,false,false,8,28,,0,0,62,0,0,0,0,0,0,0,0,70,0,0,0,0,20,41,63,40,0,0,0,0,0,false,0,0,,,,Vortex Frame*,Hungry Edge*,Enduring Blade,Honed Edge,Balanced Guard*,Swordmaster's Guard,Chain Reaction*,Repulsor Brace,Sword Logic*,Surrounded,Indomitability*,Kill Tracker,Tier 5: Impact*,,,,,,
Falling Guillotine,2480871539,"""6917530193794132389""",,Legendary,4,Sword,brave,Power,Void,heavy,439,Vortex Frame,Impact,3,Vault,false,false,false,8,28,,0,0,61,0,0,0,0,0,0,0,0,70,0,0,0,0,20,46,43,40,0,0,0,0,0,false,0,0,,,,Vortex Frame*,Hungry Edge*,Enduring Blade,Honed Edge,Balanced Guard*,Swordmaster's Guard,Vorpal Weapon*,Repulsor Brace,Elemental Honing*,Destabilizing Rounds,Indomitability*,Kill Tracker,Tier 3: Impact*,,,,,,
Falling Guillotine,2480871539,"""6917530193798344673""",,Legendary,4,Sword,brave,Power,Void,heavy,440,Vortex Frame,Impact,10,Titan(542),true,false,false,8,28,,0,0,66,0,0,0,0,0,0,0,0,70,0,0,0,0,14,76,66,40,0,0,0,0,0,false,0,9,,,,Vortex Frame*,Hungry Edge*,Honed Edge,Tempered Edge,Heavy Guard*,Swordmaster's Guard,Attrition Orbs*,Relentless Strikes,Sword Logic,Eager Edge*,Indomitability*,Kill Tracker,Masterworked: Impact*,,,,,,
Falling Guillotine,2480871539,"""6917530193963490156""",,Legendary,5,Sword,brave,Power,Void,heavy,455,Vortex Frame,Impact,3,Vault,false,false,false,8,28,,0,0,59,0,0,0,0,0,0,0,0,73,0,0,0,0,20,41,43,40,0,0,0,0,0,false,0,0,,,,Vortex Frame*,Enduring Blade*,Jagged Edge,Tempered Edge,Balanced Guard*,Burst Guard,Attrition Orbs*,Vorpal Weapon,Repulsor Brace,Sword Logic*,Bait and Switch,Destabilizing Rounds,Indomitability*,Kill Tracker,Tier 3: Impact*,Triumphant Pulse*,,,
False Idols,4207120603,"""6917530192604476034""",,Legendary,0,Sword,paleheart,Power,Solar,heavy,374,Vortex Frame,Impact,1,Vault,true,false,false,7,24,,0,0,58,0,0,0,0,0,0,0,0,73,0,0,0,0,20,40,40,40,0,0,0,0,0,false,0,0,,,,Vortex Frame*,Enduring Blade*,Honed Edge,Jagged Edge,Balanced Guard*,Heavy Guard,Incandescent*,Burning Ambition*,Dealer's Choice*,Kill Tracker,Tier 1: Impact*,,,,,,,,
False Idols,4207120603,"""6917530192796588054""",,Legendary,0,Sword,paleheart,Power,Solar,heavy,377,Vortex Frame,Impact,4,Vault,true,false,false,7,24,,0,0,62,0,0,0,0,0,0,0,0,70,0,0,0,0,20,40,40,40,0,0,0,0,0,false,0,0,,,,Vortex Frame*,Hungry Edge*,Jagged Edge,Tempered Edge,Balanced Guard*,Burst Guard,Attrition Orbs*,Bait and Switch*,Dealer's Choice*,Kill Tracker,Tier 5: Impact*,,,,,,,,
False Idols,4207120603,"""6917530193848731562""",,Legendary,0,Sword,paleheart,Power,Solar,heavy,446,Vortex Frame,Impact,2,Vault,false,false,false,7,24,,0,0,61,0,0,0,0,0,0,0,0,70,0,0,0,0,20,0,90,40,0,0,0,0,0,false,0,0,,,,Vortex Frame*,Hungry Edge*,Enduring Blade,Tempered Edge,Enduring Guard*,Swordmaster's Guard,Incandescent*,Burning Ambition*,Dealer's Choice*,Kill Tracker,Tier 2: Impact*,,,,,,,,
Festival Flight,4019651319,"""6917530194916675200""",,Legendary,5,Grenade Launcher,events,KineticSlot,Strand,special,511,Area Denial Frame,Handling,3,Vault,false,false,false,8,27,Solstice,80,74,0,0,13,95,100,0,19,72,75,1,67,0,0,0,0,0,0,0,0,4,69,0,0,false,0,0,suros,,,Area Denial Frame*,Hard Launch*,Smart Drift Control,High-Velocity Rounds*,Implosion Rounds,Transcendent Moment,Ambitious Assassin,Slice*,One for All*,Vorpal Weapon,Elemental Honing,Dream Work*,Suros Synergy,Kill Tracker,Tier 3: Handling*,Achronal Festival Flight*,Sparks Everlasting*,,
Festival Flight,4019651319,"""6917530194916677227""",,Legendary,5,Grenade Launcher,events,KineticSlot,Strand,special,550,Area Denial Frame,Handling,10,Hunter(542),true,false,false,8,27,Solstice,100,74,0,0,13,100,96,0,44,72,80,1,90,0,0,0,0,0,0,0,0,4,69,0,0,false,0,2019,suros,"00002:Gambit,Strike",,Area Denial Frame*,Countermass*,Hard Launch,High-Velocity Rounds*,Implosion Rounds,Demolitionist,Transcendent Moment,Slice*,Frenzy,Vorpal Weapon,Attrition Orbs*,Dream Work*,Suros Synergy,Kill Tracker,Aerodynamics*,Masterworked: Handling*,Achronal Festival Flight*,Sparks Everlasting*,
Fighting Lion,3549153978,"""6917530193846395104""",,Exotic,0,Grenade Launcher,,Energy,Void,primary,550,Delayed Gratification,,10,Hunter(542),true,false,false,1,1,,90,80,0,0,13,90,50,0,75,90,0,1,100,0,0,0,0,0,0,0,0,12,40,0,0,false,0,309,,00001:Solar,,Delayed Gratification*,Countermass*,Implosion Rounds*,Thin the Herd*,Short-Action Stock*,Kill Tracker,Fighting Lion Catalyst*,,,,,,,,,,,,
Final Warning,3121540812,"""6917530195520779676""",,Exotic,0,Sidearm,exoticquest,KineticSlot,Strand,primary,540,All at Once,,10,Vault,false,false,false,6,20,,60,88,35,45,12,0,0,0,66,450,48,21,47,1000,0,0,0,0,0,0,0,27,50,0,0,false,0,925,,,,All at Once*,Hammer-Forged Rifling*,Flared Magwell*,Pick Your Poison*,Combat Grip*,Kill Tracker,Final Warning Catalyst*,,,,,,,,,,,,
Finality's Auger,331231237,"""6917530196432859853""",,Exotic,0,Linear Fusion Rifle,dungeon,Power,Solar,heavy,550,Ruinscribe's Forge,,10,Vault,true,false,false,7,26,,100,65,41,50,25,0,0,0,55,0,30,6,56,533,0,0,0,0,0,0,0,11,39,0,0,false,0,453,,,,Ruinscribe's Forge*,Arrowhead Brake*,Particle Repeater*,Ruinscribe's Beacon*,Short-Action Stock*,Kill Tracker,Finality's Auger Catalyst*,,,,,,,,,,,,
Forbearance,3736001860,"""6917530193954051287""",,Legendary,5,Grenade Launcher,brave,Energy,Arc,special,450,Wave Frame,Velocity,2,Vault,false,false,false,8,28,,73,79,0,0,13,61,78,0,42,72,82,1,70,0,0,0,0,0,0,0,0,4,67,0,0,false,0,0,,,,Wave Frame*,Confined Launch*,Quick Launch,High-Velocity Rounds*,Implosion Rounds,Overflow*,Redirection,Ambitious Assassin,Desperate Measures*,Voltshot,Frenzy,Indomitability*,Kill Tracker,Tier 2: Velocity*,Triumphant Pulse*,,,,
Forced Memorializer,1197073834,"""6917530197106632872""",,Legendary,5,Scout Rifle,pinnacleops,KineticSlot,Kinetic,primary,540,Precision Frame,Reload Speed,2,Vault,false,false,false,8,27,,73,63,62,45,20,0,0,0,56,180,51,17,37,0,0,0,0,0,0,0,0,10,48,0,0,false,0,0,,,,Precision Frame*,Chambered Compensator*,Hammer-Forged Rifling,Appended Mag*,Steady Rounds,Bewildering Burst*,Explosive Payload,Shoot to Loot,Elemental Honing*,Kinetic Tremors,To the Pain,Problem Solver*,Vanguard Determination,Kill Tracker,Tier 2: Reload Speed*,Ferrous Forced Memorializer*,Sparks Everlasting*,,
Forced Memorializer,1197073834,"""6917530197106641348""",,Legendary,5,Scout Rifle,pinnacleops,KineticSlot,Kinetic,primary,540,Precision Frame,Handling,2,Vault,false,false,false,8,27,,93,63,62,45,20,0,0,0,45,180,34,18,55,0,0,0,0,0,0,0,0,20,48,0,0,false,0,0,,,,Precision Frame*,Arrowhead Brake*,Polygonal Rifling,Extended Mag*,Steady Rounds,Explosive Payload*,Rapid Hit,Lone Wolf,Elemental Honing*,Multikill Clip,Kinetic Tremors,Problem Solver*,Vanguard Determination,Kill Tracker,Tier 2: Handling*,Ferrous Forced Memorializer*,Sparks Everlasting*,,
Forerunner,2179048386,"""6917530197101195778""",,Exotic,0,Sidearm,30th,KineticSlot,Kinetic,special,540,Full Stop,,,Vault,false,false,false,4,15,,96,60,35,100,20,0,0,0,87,200,95,15,65,0,0,0,0,0,0,0,0,30,56,0,0,false,0,0,,,,Full Stop*,Smallbore*,Flared Magwell*,Pace Yourself*,Smooth Grip*,Kill Tracker,Empty Catalyst Socket*,,,,,,,,,,,,
Fortunate Star,2631466936,"""6917530194912379572""",,Legendary,5,Combat Bow,events,Energy,Void,primary,511,Lightweight Frame,Handling,1,Vault,false,false,false,8,27,Solstice,52,77,68,0,18,0,0,0,76,0,60,0,86,0,567,39,0,0,0,0,0,20,70,0,0,false,0,0,veist,,,Lightweight Frame*,Agile Bowstring*,Tactile String,Carbon Arrow Shaft*,Natural Fletching,Impromptu Ammunition*,Archer's Tempo,Successful Warm-Up,Explosive Head*,Sword Logic,Archer's Gambit,Dream Work*,Veist Stinger,Kill Tracker,Tier 1: Handling*,Achronal Fortunate Star*,Sparks Everlasting*,,
Fortunate Star,2631466936,"""6917530194914398211""",,Legendary,5,Combat Bow,events,Energy,Void,primary,511,Lightweight Frame,Handling,2,Vault,false,false,false,8,27,Solstice,52,77,68,0,18,0,0,0,66,0,60,0,71,0,600,55,0,0,0,0,0,20,70,0,0,false,0,0,veist,,,Lightweight Frame*,High Tension String*,Natural String,Carbon Arrow Shaft*,Fiberglass Arrow Shaft,Impromptu Ammunition*,Killing Wind,Successful Warm-Up,Explosive Head*,Eye of the Storm,Archer's Gambit,Dream Work*,Veist Stinger,Kill Tracker,Tier 2: Handling*,Achronal Fortunate Star*,Sparks Everlasting*,,
Fortunate Star,2631466936,"""6917530194914401782""",,Legendary,5,Combat Bow,events,Energy,Void,primary,511,Lightweight Frame,Draw Time,3,Vault,false,false,false,8,27,Solstice,52,77,68,0,18,0,0,0,69,0,71,0,80,0,557,40,0,0,0,0,0,20,70,0,0,false,0,0,veist,,,Lightweight Frame*,Tactile String*,Natural String,Compact Arrow Shaft*,Helical Fletching,Dragonfly*,Repulsor Brace,Transcendent Moment,Destabilizing Rounds*,Archer's Gambit,Demoralize,Dream Work*,Veist Stinger,Kill Tracker,Tier 3: Draw Time*,Achronal Fortunate Star*,Sparks Everlasting*,,
Fortunate Star,591672323,"""6917530194916676231""",,Legendary,5,Combat Bow,,Energy,Void,primary,511,Lightweight Frame,Draw Time,2,Vault,false,false,true,8,27,Solstice,52,77,68,0,18,0,0,0,64,0,71,0,96,0,560,34,0,0,0,0,0,20,70,0,0,false,0,0,veist,,,Lightweight Frame*,Agile Bowstring*,Tactile String,Compact Arrow Shaft*,Natural Fletching,Dragonfly*,Transcendent Moment,Archer's Tempo,Sword Logic*,Eye of the Storm,Archer's Gambit,Dream Work*,Veist Stinger,Kill Tracker,Tier 2: Draw Time*,Sparks Everlasting*,,,
Fortunate Star,2631466936,"""6917530194916679080""",,Legendary,5,Combat Bow,events,Energy,Void,primary,511,Lightweight Frame,Accuracy,3,Vault,false,false,false,8,27,Solstice,52,77,68,0,18,0,0,0,64,0,60,0,69,0,567,59,0,0,0,0,0,20,70,0,0,false,0,0,veist,,,Lightweight Frame*,Tactile String*,High Tension String,Fiberglass Arrow Shaft*,Natural Fletching,Dragonfly*,Killing Wind,Successful Warm-Up,Destabilizing Rounds*,Eye of the Storm,Demoralize,Dream Work*,Veist Stinger,Kill Tracker,Tier 3: Target Acquisition*,Achronal Fortunate Star*,Sparks Everlasting*,,
Fortunate Star,591672323,"""6917530196844760863""",,Legendary,5,Combat Bow,,Energy,Void,primary,540,Lightweight Frame,Handling,3,Vault,false,false,true,8,27,Solstice,52,77,68,0,18,0,0,0,58,0,71,0,89,0,500,30,0,0,0,0,0,20,70,0,0,false,0,0,veist,,,Lightweight Frame*,Elastic String*,Flexible String,Compact Arrow Shaft*,Straight Fletching,Impromptu Ammunition*,Repulsor Brace,Transcendent Moment,Explosive Head*,Destabilizing Rounds,Demoralize,Dream Work*,Veist Stinger,Kill Tracker,Tier 3: Handling*,Sparks Everlasting*,,,
Gallu RR3,617501162,"""6917530189710490957""",,Legendary,0,Sniper Rifle,engram,Energy,Arc,special,300,Adaptive Frame,Handling,1,Warlock(504),true,false,false,5,17,,100,61,70,58,40,0,0,0,42,90,37,4,49,0,0,0,0,0,0,0,0,2,35,0,0,false,0,0,omolon,,,Adaptive Frame*,Arrowhead Brake*,Smallbore,Accurized Rounds*,Extended Mag,Shoot to Loot*,Golden Tricorn*,Omolon Fluid Dynamics*,Kill Tracker,Tier 1: Handling*,,,,,,,,,
Giver's Blessing,970034755,"""6917530189764171144""",,Legendary,1,Auto Rifle,kepler,KineticSlot,Kinetic,primary,310,Rapid-Fire Frame,Handling,3,Vault,true,false,false,8,27,,87,84,18,33,16,0,0,0,53,720,22,57,51,0,0,0,0,0,0,0,0,26,57,0,0,false,0,235,,,,Rapid-Fire Frame*,Arrowhead Brake*,Fluted Barrel,Extended Mag*,Light Mag,Rewind Rounds*,Multikill Clip*,Exhaustive Research*,Kill Tracker,Tier 3: Handling*,,,,,,,,,
Giver's Blessing,970034755,"""6917530195380678836""",,Legendary,1,Auto Rifle,kepler,KineticSlot,Kinetic,primary,539,Rapid-Fire Frame,Handling,1,Vault,true,false,false,8,27,,87,84,18,38,16,0,0,0,53,720,42,47,49,0,0,0,0,0,0,0,0,16,57,0,0,false,0,0,,,,Rapid-Fire Frame*,Arrowhead Brake*,Hammer-Forged Rifling,Armor-Piercing Rounds*,High-Caliber Rounds,Rewind Rounds*,Kinetic Tremors*,Exhaustive Research*,Kill Tracker,Tier 1: Handling*,,,,,,,,,
Giver's Blessing,970034755,"""6917530195394444522""",keep,Legendary,1,Auto Rifle,kepler,KineticSlot,Kinetic,primary,550,Rapid-Fire Frame,Range,4,Vault,false,false,false,8,27,,87,84,18,42,16,0,0,0,63,720,42,47,48,0,0,0,0,0,0,0,0,16,57,0,0,false,0,0,,,,Rapid-Fire Frame*,Arrowhead Brake*,Hammer-Forged Rifling,High-Caliber Rounds,Ricochet Rounds*,Demolitionist*,Kinetic Tremors*,Exhaustive Research*,Kill Tracker,Tier 4: Range*,,,,,,,,,
Giver's Blessing,970034755,"""6917530195401792484""",infuse,Legendary,2,Auto Rifle,kepler,KineticSlot,Kinetic,primary,550,Rapid-Fire Frame,Reload Speed,1,Vault,false,false,false,8,27,,57,84,18,33,16,0,0,0,58,720,43,54,53,0,0,0,0,0,0,0,0,16,57,0,0,false,0,0,,,,Rapid-Fire Frame*,Fluted Barrel*,Full Bore,Appended Mag*,Armor-Piercing Rounds,Impromptu Ammunition*,Multikill Clip*,Exhaustive Research*,Kill Tracker,Tier 1: Reload Speed*,,,,,,,,,
Giver's Blessing,970034755,"""6917530195401800629""",infuse,Legendary,2,Auto Rifle,kepler,KineticSlot,Kinetic,primary,550,Rapid-Fire Frame,Range,1,Vault,false,false,false,8,27,,87,84,18,39,16,0,0,0,63,720,42,47,48,0,0,0,0,0,0,0,0,16,57,0,0,false,0,0,,,,Rapid-Fire Frame*,Arrowhead Brake*,Extended Barrel,Ricochet Rounds*,Flared Magwell,Moving Target*,One for All*,Exhaustive Research*,Kill Tracker,Tier 1: Range*,,,,,,,,,
Giver's Blessing,970034755,"""6917530195404063852""",infuse,Legendary,5,Auto Rifle,kepler,KineticSlot,Kinetic,primary,550,Rapid-Fire Frame,Handling,10,Vault,true,false,false,8,27,,57,84,18,65,16,0,0,0,80,720,47,47,58,0,0,0,0,0,0,0,0,16,57,0,0,false,0,856,,,,Rapid-Fire Frame*,Corkscrew Rifling*,Hammer-Forged Rifling,Ricochet Rounds*,Light Mag,Shoot to Loot*,Zen Moment*,Exhaustive Research*,Kill Tracker,Enhanced Range*,Masterworked: Handling*,,,,,,,,
Giver's Blessing,970034755,"""6917530195404070168""",infuse,Legendary,2,Auto Rifle,kepler,KineticSlot,Kinetic,primary,550,Rapid-Fire Frame,Stability,2,Vault,false,false,false,8,27,,57,84,18,43,16,0,0,0,60,720,42,47,43,0,0,0,0,0,0,0,0,16,57,0,0,false,0,0,,,,Rapid-Fire Frame*,Corkscrew Rifling*,Hammer-Forged Rifling,High-Caliber Rounds*,Ricochet Rounds,Impromptu Ammunition*,One for All*,Exhaustive Research*,Kill Tracker,Tier 2: Stability*,,,,,,,,,
Giver's Blessing,970034755,"""6917530195404071643""",infuse,Legendary,1,Auto Rifle,kepler,KineticSlot,Kinetic,primary,550,Rapid-Fire Frame,Reload Speed,1,Vault,false,false,false,8,27,,87,84,18,33,16,0,0,0,53,720,23,57,48,0,0,0,0,0,0,0,0,26,57,0,0,false,0,0,,,,Rapid-Fire Frame*,Arrowhead Brake*,Full Bore,Extended Mag*,High-Caliber Rounds,Shoot to Loot*,Adrenaline Junkie*,Exhaustive Research*,Kill Tracker,Tier 1: Reload Speed*,,,,,,,,,
Gjallarhorn,1363886209,"""6917530194206472007""",,Exotic,0,Rocket Launcher,30th,Power,Solar,heavy,504,Wolfpack Rounds,Magazine,10,Vault,true,false,false,4,15,,49,76,0,0,20,100,40,0,54,15,67,2,76,0,0,0,0,0,0,0,0,6,50,0,0,false,0,0,,"00002:Prismatic,Void",,Wolfpack Rounds*,Volatile Launch*,Alloy Casing*,Pack Hunter*,Short-Action Stock*,Crucible Tracker,Gjallarhorn Catalyst*,,,,,,,,,,,,
Gnawing Hunger,214545213,"""6917530194336688782""",infuse,Legendary,5,Auto Rifle,gambit,Energy,Void,primary,495,Adaptive Frame,Handling,1,Vault,false,false,false,8,28,,54,65,21,60,16,0,0,0,49,600,57,41,80,0,0,0,0,0,0,0,0,10,55,0,0,false,0,0,,,,Adaptive Frame*,Fluted Barrel*,Smallbore,Accurized Rounds*,Appended Mag,Subsistence*,Demolitionist,Overflow,Rampage*,Target Lock,Dynamic Sway Reduction,Gun and Run*,Kill Tracker,Tier 1: Handling*,Triumphant Pulse*,,,,
Gnawing Hunger,214545213,"""6917530194349986037""",infuse,Legendary,5,Auto Rifle,gambit,Energy,Void,primary,500,Adaptive Frame,Handling,5,Vault,true,false,false,8,28,,64,65,21,48,16,0,0,0,54,600,59,47,64,0,0,0,0,0,0,0,0,10,55,0,0,false,0,194,,,,Adaptive Frame*,Chambered Compensator*,Polygonal Rifling,Appended Mag*,Flared Magwell,Demolitionist*,Enlightened Action,Overflow,Rampage*,Destabilizing Rounds,Target Lock,Gun and Run*,Kill Tracker,Tier 5: Handling*,Triumphant Pulse*,,,,
Gnawing Hunger,214545213,"""6917530194353988938""",keep,Legendary,4,Auto Rifle,gambit,Energy,Void,primary,501,Adaptive Frame,Range,3,Vault,false,false,false,8,28,,64,65,21,62,16,0,0,0,49,600,68,44,54,0,0,0,0,0,0,0,0,10,55,0,0,false,0,0,,,,Adaptive Frame*,Extended Barrel*,Fluted Barrel,Tactical Mag*,Alloy Magazine,Subsistence*,Repulsor Brace,Rampage*,Master of Arms,Gun and Run*,Kill Tracker,Tier 3: Range*,,,,,,,
Gnawing Hunger,214545213,"""6917530196686789990""",,Legendary,5,Auto Rifle,gambit,Energy,Void,primary,550,Adaptive Frame,Handling,10,Hunter(542),true,false,false,8,28,,54,65,21,65,16,0,0,0,64,600,62,41,94,0,0,0,0,0,0,0,0,10,55,0,0,false,0,2126,,00001:Epsilon,,Adaptive Frame*,Fluted Barrel*,Hammer-Forged Rifling,Accurized Rounds*,Appended Mag,Tap the Trigger,Repulsor Brace*,Swashbuckler,Destabilizing Rounds*,Gun and Run*,Kill Tracker,Enhanced Stability*,Masterworked: Handling*,,,,,,
Graviton Lance,3628991658,"""6917530193848728228""",,Exotic,0,Pulse Rifle,,Energy,Void,primary,550,Black Hole,,10,Vault,false,false,false,1,1,,85,60,29,70,17,0,0,0,100,300,57,30,49,0,0,0,0,0,0,0,0,27,60,0,0,false,0,748,,,,Black Hole*,Hammer-Forged Rifling*,Accurized Rounds*,Cosmology*,Fitted Stock*,Kill Tracker,Graviton Lance Catalyst*,,,,,,,,,,,,
Gridskipper,3176697589,"""6917530195854528909""",,Legendary,5,Pulse Rifle,monumentoftriumph,Energy,Void,primary,550,Rapid-Fire Frame,Handling,5,Vault,true,false,false,8,28,,55,80,23,39,18,0,0,0,53,540,37,41,37,0,0,0,0,0,0,0,0,10,55,0,0,false,0,0,,,,Rapid-Fire Frame*,Corkscrew Rifling*,Polygonal Rifling,Appended Mag*,Ricochet Rounds,Lone Wolf*,Repulsor Brace,Demoralize,Frenzy*,Destabilizing Rounds,Desperate Measures,Splicer Surge*,Kill Tracker,Tier 5: Handling*,Triumphant Pulse*,,,,
Gridskipper,3176697589,"""6917530197530946086""",,Legendary,5,Pulse Rifle,monumentoftriumph,Energy,Void,primary,550,Rapid-Fire Frame,Reload Speed,1,Vault,true,false,false,8,28,,65,80,23,51,18,0,0,0,47,540,36,35,18,0,0,0,0,0,0,0,0,10,55,0,0,false,0,0,,,,Rapid-Fire Frame*,Extended Barrel*,Fluted Barrel,High-Caliber Rounds*,Ricochet Rounds,Killing Wind*,Repulsor Brace,Zen Moment,Destabilizing Rounds*,Aggregate Charge,Desperate Measures,Splicer Surge*,Kill Tracker,Tier 1: Reload Speed*,Triumphant Pulse*,,,,
Gridskipper,3176697589,"""6917530198359302231""",,Legendary,5,Pulse Rifle,monumentoftriumph,Energy,Void,primary,550,Rapid-Fire Frame,Range,2,Vault,false,false,false,8,28,,55,80,23,35,18,0,0,0,53,540,35,35,43,0,0,0,0,0,0,0,0,10,55,0,0,false,0,0,,,,Rapid-Fire Frame*,Fluted Barrel*,Hammer-Forged Rifling,Alloy Magazine*,Flared Magwell,Repulsor Brace*,Zen Moment,Demoralize,Multikill Clip*,Destabilizing Rounds,Aggregate Charge,Splicer Surge*,Kill Tracker,Tier 2: Range*,Triumphant Pulse*,,,,
Hailing Confusion,4236134153,"""6917530192227957835""",,Legendary,3,Pulse Rifle,europa,KineticSlot,Stasis,primary,356,Adaptive Frame,Range,1,Vault,true,false,false,8,28,,82,62,29,38,17,0,0,0,57,390,42,42,51,0,0,0,0,0,0,0,0,10,49,0,0,false,0,0,,,,Adaptive Frame*,Arrowhead Brake*,Corkscrew Rifling,Appended Mag*,High-Caliber Rounds,Rimestealer*,Demolitionist,Headseeker*,Desperado,Winterized Gear*,Kill Tracker,Tier 1: Range*,,,,,,,
Half-Truths,3257091166,"""6917530197102908183""",,Legendary,0,Sword,30th,Power,Arc,heavy,540,Adaptive Frame,Impact,2,Vault,true,false,false,4,15,,0,0,63,0,0,0,0,0,0,0,0,68,0,0,0,0,20,80,0,40,0,0,0,0,0,false,0,17,,00001:Arc,,Adaptive Frame*,Honed Edge*,Jagged Edge,Tempered Edge,Burst Guard*,Enduring Guard,Tireless Blade*,Eager Edge*,Hot Swap*,Kill Tracker,Tier 2: Impact*,,,,,,,,
Hammerhead,850999853,"""6917530193061824568""",,Legendary,3,Machine Gun,,Power,Void,heavy,397,Adaptive Frame,Range,2,Vault,false,false,true,8,28,,100,90,41,62,15,0,0,0,60,450,64,66,60,0,0,0,0,0,0,0,0,6,40,0,0,false,0,0,,,,Adaptive Frame*,Arrowhead Brake*,Chambered Compensator,Appended Mag*,Light Mag,Rampage*,Impromptu Ammunition,Onslaught*,Killing Tally,Forge's Kin*,Indomitability,Kill Tracker,Tier 2: Range*,,,,,,
Hammerhead,1346714574,"""6917530193289088694""",,Legendary,3,Machine Gun,brave,Power,Void,heavy,415,Adaptive Frame,Stability,1,Vault,false,false,false,8,28,,75,90,41,60,15,0,0,0,66,450,64,57,65,0,0,0,0,0,0,0,0,6,40,0,0,false,0,0,,,,Adaptive Frame*,Fluted Barrel*,Smallbore,Alloy Magazine*,Appended Mag,Destabilizing Rounds*,Impromptu Ammunition,Onslaught*,Killing Tally,Forge's Kin*,Indomitability,Kill Tracker,Tier 1: Stability*,,,,,,
Hammerhead,1346714574,"""6917530193290908796""",,Legendary,3,Machine Gun,brave,Power,Void,heavy,416,Adaptive Frame,Reload Speed,2,Vault,false,false,false,8,28,,100,90,41,60,15,0,0,0,60,450,48,71,60,0,0,0,0,0,0,0,0,16,40,0,0,false,0,0,,,,Adaptive Frame*,Arrowhead Brake*,Hammer-Forged Rifling,Extended Mag*,Flared Magwell,Destabilizing Rounds*,Rewind Rounds,Demoralize*,One for All,Forge's Kin*,Indomitability,Kill Tracker,Tier 2: Reload Speed*,,,,,,
Hammerhead,1346714574,"""6917530193294957210""",,Legendary,5,Machine Gun,brave,Power,Void,heavy,548,Adaptive Frame,Stability,10,Vault,false,false,false,8,28,,100,90,41,71,15,0,0,0,86,450,68,75,67,0,0,0,0,0,0,0,0,6,40,0,0,false,0,6485,,00001:Epsilon,,Adaptive Frame*,Arrowhead Brake*,Smallbore,Alloy Magazine,Ricochet Rounds*,Destabilizing Rounds*,Rampage,Mega Kill Clip,Killing Tally*,Forge's Kin*,Indomitability,Kill Tracker,Backup Mag*,Masterworked: Stability*,,,,,
Hammerhead,1346714574,"""6917530195971443126""",,Legendary,4,Machine Gun,brave,Power,Void,heavy,550,Adaptive Frame,Handling,4,Vault,false,false,false,8,28,,85,90,41,71,15,0,0,0,66,450,78,57,45,0,0,0,0,0,0,0,0,6,40,0,0,false,0,0,,,,Adaptive Frame*,Extended Barrel*,Polygonal Rifling,Flared Magwell*,Light Mag,Destabilizing Rounds*,Impromptu Ammunition,Mega Kill Clip*,Demoralize,Forge's Kin*,Indomitability,Kill Tracker,Tier 4: Handling*,,,,,,
Hammerhead,1346714574,"""6917530195971448539""",,Legendary,4,Machine Gun,brave,Power,Void,heavy,550,Adaptive Frame,Range,5,Vault,false,false,false,8,28,,75,90,41,77,15,0,0,0,60,450,66,66,50,0,0,0,0,0,0,0,0,6,40,0,0,false,0,19,,,,Adaptive Frame*,Hammer-Forged Rifling*,Smallbore,Appended Mag*,Flared Magwell,Destabilizing Rounds*,Fourth Time's the Charm,Mega Kill Clip*,Onslaught,Forge's Kin*,Indomitability,Kill Tracker,Tier 5: Range*,,,,,,
Hammerhead,1346714574,"""6917530197453829253""",,Legendary,4,Machine Gun,brave,Power,Void,heavy,550,Adaptive Frame,Reload Speed,4,Vault,false,false,false,8,28,,75,90,41,66,15,0,0,0,77,450,68,57,66,0,0,0,0,0,0,0,0,6,40,0,0,false,0,0,,,,Adaptive Frame*,Fluted Barrel*,Hammer-Forged Rifling,Ricochet Rounds*,Light Mag,Rewind Rounds*,Demolitionist,Onslaught*,One for All,Forge's Kin*,Indomitability,Kill Tracker,Tier 4: Reload Speed*,,,,,,
Hammerhead,1346714574,"""6917530197465381276""",,Legendary,4,Machine Gun,brave,Power,Void,heavy,550,Adaptive Frame,Range,3,Vault,false,false,false,8,28,,100,90,41,69,15,0,0,0,71,450,64,57,62,0,0,0,0,0,0,0,0,6,40,0,0,false,0,0,,,,Adaptive Frame*,Arrowhead Brake*,Extended Barrel,Ricochet Rounds*,Flared Magwell,Destabilizing Rounds*,Rewind Rounds,Mega Kill Clip*,Demoralize,Forge's Kin*,Indomitability,Kill Tracker,Tier 3: Range*,,,,,,
Hard Light,4124984448,"""6917530195201588015""",,Exotic,0,Auto Rifle,,Energy,Void,primary,10,Volatile Light,,10,Warlock(504),false,false,false,1,1,,100,100,21,40,16,0,0,0,80,600,64,49,77,0,0,0,0,0,0,0,0,31,40,0,0,false,0,0,omolon,,,Volatile Light*,Polygonal Rifling*,Alloy Magazine*,The Fundamentals*,Composite Stock*,Kill Tracker,,,,,,,,,,,,,
Hawkmoon,3856705927,"""6917530195201590837""",,Exotic,0,Hand Cannon,,KineticSlot,Kinetic,primary,527,Paracausal Shot,Magazine,10,Vault,false,false,false,4,12,,100,93,84,52,14,0,0,0,73,140,59,9,76,0,0,0,0,0,0,0,0,26,52,0,0,false,0,716,,,,Paracausal Shot*,Chambered Compensator*,Alloy Magazine*,Hip-Fire Grip*,Polymer Grip*,Kill Tracker,Hawkmoon Catalyst*,,,,,,,,,,,,
Hawthorne's Field-Forged Shotgun,1402874079,"""6917530193896022665""",,Legendary,3,Shotgun,engram,KineticSlot,Stasis,special,400,Lightweight Frame,Reload Speed,1,Vault,false,false,false,8,28,,60,45,65,60,12,0,0,0,30,80,41,8,60,0,0,0,0,0,0,0,0,12,10,0,0,false,0,0,field-forged,,,Lightweight Frame*,Smoothbore*,Barrel Shroud,Extended Mag*,Light Mag,Sleight of Hand*,Threat Detector,Crystalline Corpsebloom*,Master of Arms,Field-Tested*,Kill Tracker,Tier 1: Reload Speed*,,,,,,,
Heir Apparent,2084878005,"""6917530192285478595""",,Exotic,0,Machine Gun,events,Power,Solar,heavy,347,Heavy Slug Thrower,,,Vault,true,false,false,3,10,Guardian Games,95,90,39,65,0,0,0,0,58,900,50,129,63,0,0,0,0,0,0,0,0,9,50,0,0,false,0,55,,,,Heavy Slug Thrower*,Corkscrew Rifling*,Appended Mag*,Armor of the Colossus*,Combat Grip*,Kill Tracker,Empty Catalyst Socket*,,,,,,,,,,,,
Heirloom,1685137410,"""6917530193589454559""",,Exotic,0,Combat Bow,dungeon,Energy,Solar,special,441,Bolt Thrower,,,Vault,false,false,false,8,28,,0,27,44,0,18,0,33,3,0,0,37,0,90,0,0,0,0,0,0,0,0,5,45,0,0,false,0,0,,,,Bolt Thrower*,Ultralight Rail*,Light Heatsink*,Bullwhacker*,Short-Action Stock*,Kill Tracker,Empty Catalyst Socket*,,,,,,,,,,,,
Heliocentric QSc,1291040555,"""6917530196700538651""",,Legendary,5,Sidearm,engram,Energy,Solar,primary,550,Lightweight Frame,Handling,2,Vault,true,false,false,8,28,,100,71,43,39,12,0,0,0,46,360,51,14,79,0,0,0,0,0,0,0,0,21,29,0,0,false,0,0,,,,Lightweight Frame*,Arrowhead Brake*,Full Bore,Accurized Rounds*,Steady Rounds,Heal Clip*,Enlightened Action,Demolitionist,Incandescent*,Kill Clip,Frenzy,Nadir Focus*,Kill Tracker,Tier 2: Handling*,Triumphant Pulse*,,,,
Heliocentric QSc,1291040555,"""6917530197018912687""",,Legendary,5,Sidearm,engram,Energy,Solar,primary,550,Lightweight Frame,Reload Speed,3,Vault,true,false,false,8,28,,100,71,43,39,12,0,0,0,57,360,54,14,61,0,0,0,0,0,0,0,0,21,29,0,0,false,0,0,,,,Lightweight Frame*,Chambered Compensator*,Polygonal Rifling,Accurized Rounds*,Tactical Mag,Heal Clip*,Demolitionist,Moving Target,Incandescent*,Surrounded,Precision Instrument,Nadir Focus*,Kill Tracker,Tier 3: Reload Speed*,Triumphant Pulse*,,,,
Hero of Ages,944708986,"""6917530193111777593""",,Legendary,3,Sword,30th,Power,Arc,heavy,407,Aggressive Frame,Impact,1,Vault,false,false,false,8,28,,0,0,71,0,0,0,0,0,0,0,0,62,0,0,0,0,25,40,40,40,0,0,0,0,0,false,0,0,,,,Aggressive Frame*,Enduring Blade*,Honed Edge,Jagged Edge,Balanced Guard*,Enduring Guard,Relentless Strikes*,Sharp Harvest,Jolting Feedback*,Assassin's Blade,Unburied Treasure*,Kill Tracker,Tier 1: Impact*,,,,,,
Hero of Ages,944708986,"""6917530197369577993""",,Legendary,5,Sword,30th,Power,Arc,heavy,550,Aggressive Frame,Impact,3,Vault,false,false,false,8,28,,0,0,72,0,0,0,0,0,0,0,0,62,0,0,0,0,25,41,43,40,0,0,0,0,0,false,0,0,,,,Aggressive Frame*,Enduring Blade*,Honed Edge,Tempered Edge,Balanced Guard*,Burst Guard,Relentless Strikes*,Sharp Harvest,Demolitionist,Jolting Feedback*,Assassin's Blade,Elemental Honing,Unburied Treasure*,Kill Tracker,Tier 3: Impact*,Triumphant Pulse*,,,
Hierarchy of Needs,4174431791,"""6917530196388950002""",,Exotic,0,Combat Bow,dungeon,Energy,Solar,primary,550,Guidance Ring,,10,Vault,true,false,false,5,19,,62,86,92,0,20,0,0,0,72,0,30,0,38,0,733,85,0,0,0,0,0,21,47,0,0,false,0,1765,,00001:Epsilon,,Guidance Ring*,Elastic String*,Fiberglass Arrow Shaft*,Apollonic Tangent*,Kill Tracker,Hierarchy of Needs Catalyst*,,,,,,,,,,,,,
High Albedo,2662459958,"""6917530197532819187""",,Legendary,3,Sidearm,europa,KineticSlot,Kinetic,special,540,Micro-Missile Frame,Stability,2,Vault,false,false,false,8,28,,99,71,0,0,18,45,46,0,91,100,45,9,51,0,0,0,0,0,0,0,0,12,47,0,0,false,0,0,,,,Micro-Missile Frame*,Confined Launch*,Quick Launch,Flared Magwell*,High-Explosive Ordnance,Impulse Amplifier*,Lead from Gold,Kinetic Tremors*,Recombination,Winterized Gear*,Kill Tracker,Tier 2: Stability*,,,,,,,
High Tyrant,2873508409,"""6917530193593937962""",,Legendary,3,Pulse Rifle,dungeon,Energy,Void,primary,440,Balanced Heat Weapon,Stability,2,Vault,false,false,false,8,28,,53,79,23,47,17,0,0,0,51,540,42,0,23,0,0,0,0,0,0,0,0,24,58,18,32,false,0,0,,,,Balanced Heat Weapon*,Hammer-Forged Rifling*,Smallbore,Accelerated Heatsink*,Particle Repeater,Loose Change*,Demolitionist,Thermal Atomization*,Headseeker,Imperial Allegiance*,Kill Tracker,Tier 2: Stability*,,,,,,,
Hoosegow,3669616453,"""6917530194257081076""",,Legendary,0,Rocket Launcher,dungeon,Power,Arc,heavy,478,Adaptive Frame,Handling,3,Vault,false,false,false,3,11,,80,63,0,0,20,65,48,0,31,20,74,1,36,0,0,0,0,0,0,0,0,3,25,0,0,false,0,0,suros,,,Adaptive Frame*,Volatile Launch*,Countermass,Alloy Casing*,Black Powder,Pulse Monitor*,Kill Clip*,Kill Tracker,Tier 3: Handling*,,,,,,,,,,
Horror's Least,827835657,"""6917530192903734140""",,Legendary,4,Pulse Rifle,monumentoftriumph,Energy,Arc,primary,387,Rapid-Fire Frame,Stability,2,Vault,true,false,false,8,28,,65,82,23,30,17,0,0,0,78,540,35,36,18,0,0,0,0,0,0,0,0,24,56,0,0,false,0,0,,,,Rapid-Fire Frame*,Chambered Compensator*,Full Bore,Steady Rounds*,Flared Magwell,Transcendent Moment*,Supercharged Magazine,Perpetual Motion*,Rampage,Problem Solver*,Vanguard Determination,Kill Tracker,Tier 2: Stability*,,,,,,
Horror's Least,827835657,"""6917530196840494532""",,Legendary,5,Pulse Rifle,monumentoftriumph,Energy,Arc,primary,550,Rapid-Fire Frame,Stability,1,Vault,false,false,false,8,28,,55,82,23,34,17,0,0,0,61,540,37,42,38,0,0,0,0,0,0,0,0,17,56,0,0,false,0,0,,,,Rapid-Fire Frame*,Corkscrew Rifling,Fluted Barrel*,Accurized Rounds,Appended Mag*,Zen Moment*,Supercharged Magazine,Overflow,Kill Clip*,Rampage,Rolling Storm,Problem Solver*,Vanguard Determination,Kill Tracker,Tier 1: Stability*,Infamous Horror's Least*,Roguish Bolts*,,
Horror's Least,827835657,"""6917530197081453673""",,Legendary,5,Pulse Rifle,monumentoftriumph,Energy,Arc,primary,550,Rapid-Fire Frame,Stability,2,Vault,false,false,false,8,28,,65,82,23,45,17,0,0,0,56,540,37,42,13,0,0,0,0,0,0,0,0,17,56,0,0,false,0,0,,,,Rapid-Fire Frame*,Extended Barrel*,Polygonal Rifling,Appended Mag*,Extended Mag,Zen Moment*,Heating Up,Trickle Charge,Kill Clip*,Jolting Feedback,Rampage,Problem Solver*,Vanguard Determination,Kill Tracker,Tier 2: Stability*,Infamous Horror's Least*,Roguish Bolts*,,
Hung Jury SR4,697459665,"""6917530193959707525""",,Legendary,5,Scout Rifle,brave,KineticSlot,Kinetic,primary,452,Precision Frame,Handling,1,Vault,false,false,false,8,28,,100,67,62,61,22,0,0,0,55,180,46,16,63,0,0,0,0,0,0,0,0,22,60,0,0,false,0,0,omolon,,,Precision Frame*,Arrowhead Brake*,Full Bore,Accurized Rounds*,Flared Magwell,Kinetic Tremors*,No Distractions,Rewind Rounds,Frenzy*,Precision Instrument,Firefly,Indomitability*,Kill Tracker,Tier 1: Handling*,Triumphant Pulse*,,,,
Hush,3638723317,"""6917530194321901748""",keep,Legendary,5,Combat Bow,gambit,Energy,Solar,primary,491,Precision Frame,Stability,10,Vault,false,false,false,8,28,,78,71,76,0,18,0,0,0,73,0,45,0,70,0,650,75,0,0,0,0,0,10,55,0,0,false,0,19,,,,Precision Frame*,Agile Bowstring*,Tactile String,Carbon Arrow Shaft*,Straight Fletching,Archer's Tempo*,Opening Shot,Firefly,Incandescent*,Meganeura,Precision Instrument,Gun and Run*,Kill Tracker,Targeting Adjuster*,Masterworked: Stability*,Triumphant Pulse*,,,
Hush,3638723317,"""6917530194326117699""",infuse,Legendary,5,Combat Bow,gambit,Energy,Solar,primary,492,Precision Frame,Draw Time,3,Vault,false,false,false,8,28,,78,64,76,0,18,0,0,0,48,0,40,0,49,0,690,86,0,0,0,0,0,10,55,0,0,false,0,0,,,,Precision Frame*,High Tension String*,Natural String,Carbon Arrow Shaft*,Fiberglass Arrow Shaft,Opening Shot*,Burning Ambition,Rapid Hit,Incandescent*,Archer's Gambit,Precision Instrument,Gun and Run*,Kill Tracker,Tier 3: Draw Time*,Triumphant Pulse*,,,,
Hush,3638723317,"""6917530194328014201""",infuse,Legendary,5,Combat Bow,gambit,Energy,Solar,primary,493,Precision Frame,Stability,2,Vault,false,false,false,8,28,,78,64,76,0,18,0,0,0,48,0,40,0,49,0,667,97,0,0,0,0,0,10,55,0,0,false,0,0,,,,Precision Frame*,Tactile String*,Flexible String,Fiberglass Arrow Shaft*,Natural Fletching,Archer's Tempo*,Opening Shot,Firefly,Explosive Head*,Vorpal Weapon,Precision Instrument,Gun and Run*,Kill Tracker,Tier 2: Stability*,Triumphant Pulse*,,,,
Hush,3638723317,"""6917530194335032176""",keep,Legendary,5,Combat Bow,gambit,Energy,Solar,primary,494,Precision Frame,Stability,2,Vault,false,false,false,8,28,,78,64,76,0,18,0,0,0,42,0,51,0,71,0,633,66,0,0,0,0,0,10,55,0,0,false,0,0,,,,Precision Frame*,Flexible String*,High Tension String,Compact Arrow Shaft*,Fiberglass Arrow Shaft,Archer's Tempo*,Burning Ambition,Rapid Hit,Incandescent*,Vorpal Weapon,Meganeura,Gun and Run*,Kill Tracker,Tier 2: Stability*,Triumphant Pulse*,,,,
Ignition Code,2761869150,"""6917530195201586816""",,Legendary,0,Grenade Launcher,revenant,KineticSlot,Kinetic,special,527,Lightweight Frame,Handling,2,Vault,false,false,false,7,25,,75,71,0,0,13,80,82,0,28,90,64,1,81,0,0,0,0,0,0,0,0,2,64,0,0,false,0,0,,,,Lightweight Frame*,Quick Launch*,Smart Drift Control,Proximity Grenades*,Spike Grenades,Steady Hands*,Reverberation*,Splicer Surge*,Kill Tracker,Tier 2: Handling*,,,,,,,,,
IKELOS_HC_v1.0.3,1731355324,"""6917530192847659091""",,Legendary,0,Hand Cannon,rasputin,Energy,Void,primary,378,Precision Frame,Range,2,Vault,false,false,false,5,19,,100,75,78,37,14,0,0,0,62,180,33,12,43,0,0,0,0,0,0,0,0,39,53,0,0,false,0,0,,,,Precision Frame*,Arrowhead Brake*,Corkscrew Rifling,Seraph Rounds*,Flared Magwell,Subsistence*,Focused Fury*,Rasputin's Arsenal*,Kill Tracker,Tier 2: Range*,,,,,,,,,
IKELOS_SG_v1.0.3,1168625549,"""6917530192850021466""",,Legendary,0,Shotgun,rasputin,Energy,Solar,special,378,Rapid-Fire Frame,Range,1,Vault,true,false,false,5,19,,69,72,65,45,12,0,0,0,37,140,71,8,29,0,0,0,0,0,0,0,0,2,60,0,0,false,0,0,,,,Rapid-Fire Frame*,Rifled Barrel*,Barrel Shroud,Tactical Mag*,Light Mag,Pugilist*,Vorpal Weapon*,Rasputin's Arsenal*,Kill Tracker,Tier 1: Range*,,,,,,,,,
Imperial Decree,318443586,"""6917530198149860414""",,Legendary,0,Shotgun,engram,KineticSlot,Kinetic,special,540,Aggressive Frame,Stability,1,Vault,false,false,false,6,20,,80,35,80,44,12,0,0,0,45,60,34,4,31,0,0,0,0,0,0,0,0,5,39,0,0,false,0,0,,,,Aggressive Frame*,Smoothbore*,Corkscrew Rifling,Assault Mag*,Extended Mag,Stats for All*,Shot Swap*,To Excess*,Kill Tracker,Tier 1: Stability*,,,,,,,,,
Imperial Decree,318443586,"""6917530198151725068""",,Legendary,0,Shotgun,engram,KineticSlot,Kinetic,special,540,Aggressive Frame,Stability,1,Vault,false,false,false,6,20,,80,35,80,44,12,0,0,0,45,60,34,4,31,0,0,0,0,0,0,0,0,5,39,0,0,false,0,0,,,,Aggressive Frame*,Smoothbore*,Corkscrew Rifling,Assault Mag*,Extended Mag,Stats for All*,Shot Swap*,To Excess*,Kill Tracker,Tier 1: Stability*,,,,,,,,,
Imperial Decree,318443586,"""6917530198274783597""",,Legendary,0,Shotgun,engram,KineticSlot,Kinetic,special,540,Aggressive Frame,Stability,1,Vault,false,false,false,6,20,,80,35,80,44,12,0,0,0,45,60,34,4,31,0,0,0,0,0,0,0,0,5,39,0,0,false,0,0,,,,Aggressive Frame*,Smoothbore*,Corkscrew Rifling,Assault Mag*,Extended Mag,Stats for All*,Shot Swap*,To Excess*,Kill Tracker,Tier 1: Stability*,,,,,,,,,
Imperial Decree,318443586,"""6917530198280414604""",,Legendary,0,Shotgun,engram,KineticSlot,Kinetic,special,540,Aggressive Frame,Stability,1,Vault,false,false,false,6,20,,80,35,80,44,12,0,0,0,45,60,34,4,31,0,0,0,0,0,0,0,0,5,39,0,0,false,0,0,,,,Aggressive Frame*,Smoothbore*,Corkscrew Rifling,Assault Mag*,Extended Mag,Stats for All*,Shot Swap*,To Excess*,Kill Tracker,Tier 1: Stability*,,,,,,,,,
Imperial Decree,318443586,"""6917530198280422111""",,Legendary,0,Shotgun,engram,KineticSlot,Kinetic,special,540,Aggressive Frame,Stability,1,Vault,false,false,false,6,20,,80,35,80,44,12,0,0,0,45,60,34,4,31,0,0,0,0,0,0,0,0,5,39,0,0,false,0,0,,,,Aggressive Frame*,Smoothbore*,Corkscrew Rifling,Assault Mag*,Extended Mag,Stats for All*,Shot Swap*,To Excess*,Kill Tracker,Tier 1: Stability*,,,,,,,,,
Inbound Surveillance,2776506837,"""6917530194594702242""",,Legendary,3,Scout Rifle,campaign,KineticSlot,Kinetic,primary,500,High-Impact Frame,Handling,2,Warlock(504),false,false,false,8,28,,75,34,67,71,20,0,0,0,41,150,53,18,29,0,0,0,0,0,0,0,0,15,56,0,0,false,0,0,hakke,,,High-Impact Frame*,Corkscrew Rifling*,Polygonal Rifling,Tactical Mag*,Steady Rounds,Lucky Shot*,Keep Away,Explosive Payload*,Frenzy,"Nail, Meet Hammer*",Häkke Breach Armaments,Kill Tracker,Tier 2: Handling*,,,,,,
Inbound Surveillance,2776506837,"""6917530196100980559""",,Legendary,5,Scout Rifle,campaign,KineticSlot,Kinetic,primary,550,High-Impact Frame,Range,3,Vault,true,false,false,8,28,,85,34,67,81,20,0,0,0,42,150,43,17,18,0,0,0,0,0,0,0,0,15,56,0,0,false,0,0,hakke,,,High-Impact Frame*,Chambered Compensator*,Smallbore,Accurized Rounds*,Extended Mag,Stopping Power*,Rapid Hit,Keep Away,Explosive Payload*,Kinetic Tremors,Precision Instrument,"Nail, Meet Hammer*",Häkke Breach Armaments,Kill Tracker,Tier 3: Range*,Triumphant Pulse*,,,
Inbound Surveillance,2776506837,"""6917530196138195156""",,Legendary,3,Scout Rifle,campaign,KineticSlot,Kinetic,primary,540,High-Impact Frame,Handling,1,Warlock(504),false,false,false,8,28,,75,34,67,71,20,0,0,0,36,150,23,20,28,0,0,0,0,0,0,0,0,25,56,0,0,false,0,0,hakke,,,High-Impact Frame*,Corkscrew Rifling*,Polygonal Rifling,Extended Mag*,Alloy Magazine,Rapid Hit*,Bewildering Burst,Explosive Payload*,Frenzy,"Nail, Meet Hammer*",Häkke Breach Armaments,Kill Tracker,Tier 1: Handling*,,,,,,
Inbound Surveillance,2776506837,"""6917530196250371269""",,Legendary,3,Scout Rifle,campaign,KineticSlot,Kinetic,primary,540,High-Impact Frame,Range,2,Vault,true,false,false,8,28,,100,34,67,78,20,0,0,0,31,150,43,17,32,0,0,0,0,0,0,0,0,15,56,0,0,false,0,0,hakke,,,High-Impact Frame*,Arrowhead Brake*,Hammer-Forged Rifling,Accurized Rounds*,Flared Magwell,Stopping Power*,Shoot to Loot,Explosive Payload*,Precision Instrument,"Nail, Meet Hammer*",Häkke Breach Armaments,Kill Tracker,Tier 2: Range*,,,,,,
Inbound Surveillance,2776506837,"""6917530197659824132""",,Legendary,3,Scout Rifle,campaign,KineticSlot,Kinetic,primary,540,High-Impact Frame,Range,1,Vault,true,false,false,8,28,,75,34,67,82,20,0,0,0,36,150,43,17,27,0,0,0,0,0,0,0,0,15,56,0,0,false,0,0,hakke,,,High-Impact Frame*,Corkscrew Rifling*,Full Bore,Accurized Rounds*,Tactical Mag,Stopping Power*,Keep Away,Explosive Payload*,Precision Instrument,"Nail, Meet Hammer*",Häkke Breach Armaments,Kill Tracker,Tier 1: Range*,,,,,,
Inbound Surveillance,2776506837,"""6917530198378840327""",,Legendary,3,Scout Rifle,campaign,KineticSlot,Kinetic,primary,540,High-Impact Frame,Stability,3,Vault,false,false,false,8,28,,75,34,67,71,20,0,0,0,44,150,53,18,27,0,0,0,0,0,0,0,0,15,56,0,0,false,0,0,hakke,,,High-Impact Frame*,Corkscrew Rifling*,Hammer-Forged Rifling,Tactical Mag*,Alloy Magazine,Stopping Power*,Bewildering Burst,Explosive Payload*,Precision Instrument,"Nail, Meet Hammer*",Häkke Breach Armaments,Kill Tracker,Tier 3: Stability*,,,,,,
Infinite Paths 8,3176697588,"""6917530194257078494""",,Legendary,3,Pulse Rifle,mercury,Energy,Arc,primary,478,Lightweight Frame,Reload Speed,3,Vault,true,false,false,8,28,,59,76,27,45,17,0,0,0,55,450,63,33,72,0,0,0,0,0,0,0,0,10,55,0,0,false,0,0,,,,Lightweight Frame*,Corkscrew Rifling*,Fluted Barrel,Accurized Rounds*,Alloy Magazine,Dragonfly*,Supercharged Magazine,Swashbuckler*,Rolling Storm,Radiolaria Transposer*,Kill Tracker,Tier 3: Reload Speed*,,,,,,,
Infinite Paths 8,3176697588,"""6917530197066740704""",,Legendary,3,Pulse Rifle,mercury,Energy,Arc,primary,540,Lightweight Frame,Reload Speed,4,Vault,true,false,false,8,28,,69,76,27,40,17,0,0,0,60,450,64,33,62,0,0,0,0,0,0,0,0,10,55,0,0,false,0,0,,,,Lightweight Frame*,Chambered Compensator*,Hammer-Forged Rifling,Accurized Rounds*,Flared Magwell,Moving Target*,Dragonfly,Swashbuckler*,Voltshot,Radiolaria Transposer*,Kill Tracker,Tier 4: Reload Speed*,,,,,,,
Infinite Paths 8,3176697588,"""6917530198262621903""",,Legendary,5,Pulse Rifle,mercury,Energy,Arc,primary,550,Lightweight Frame,Range,4,Vault,false,false,false,8,28,,89,76,27,46,17,0,0,0,55,450,60,33,79,0,0,0,0,0,0,0,0,10,55,0,0,false,0,0,,,,Lightweight Frame*,Arrowhead Brake*,Fluted Barrel,Accurized Rounds*,Extended Mag,Dragonfly*,Trickle Charge,Supercharged Magazine,Zen Moment*,Rolling Storm,Voltshot,Radiolaria Transposer*,Kill Tracker,Tier 4: Range*,Triumphant Pulse*,,,,
Infinite Paths 8,3176697588,"""6917530198266999148""",,Legendary,5,Pulse Rifle,mercury,Energy,Arc,primary,550,Lightweight Frame,Range,1,Vault,false,false,false,8,28,,59,76,27,49,17,0,0,0,56,450,60,33,72,0,0,0,0,0,0,0,0,10,55,0,0,false,0,0,,,,Lightweight Frame*,Corkscrew Rifling*,Polygonal Rifling,Accurized Rounds*,Appended Mag,Dragonfly*,Trickle Charge,Supercharged Magazine,Swashbuckler*,Zen Moment,Kill Clip,Radiolaria Transposer*,Kill Tracker,Tier 1: Range*,Triumphant Pulse*,,,,
Infinite Paths 8,3176697588,"""6917530198361524341""",,Legendary,5,Pulse Rifle,mercury,Energy,Arc,primary,550,Lightweight Frame,Handling,1,Vault,false,false,false,8,28,,89,76,27,42,17,0,0,0,50,450,60,33,80,0,0,0,0,0,0,0,0,10,55,0,0,false,0,0,,,,Lightweight Frame*,Arrowhead Brake*,Hammer-Forged Rifling,Accurized Rounds*,Steady Rounds,Moving Target*,Grave Robber,Demolitionist,Swashbuckler*,Rolling Storm,Kill Clip,Radiolaria Transposer*,Kill Tracker,Tier 1: Handling*,Triumphant Pulse*,,,,
Interference VI,2257180473,"""6917530194257079400""",,Legendary,0,Grenade Launcher,engram,Power,Arc,heavy,478,Adaptive Frame,Velocity,1,Vault,false,false,false,3,10,,66,61,0,0,13,45,45,0,18,120,70,5,40,0,0,0,0,0,0,0,0,6,36,0,0,false,0,0,cassoid,,,Adaptive Frame*,Hard Launch*,Linear Compensator,Alloy Casing*,High-Velocity Rounds,Auto-Loading Holster*,Full Court*,Kill Tracker,Tier 1: Velocity*,,,,,,,,,,
IRONWOOD 03,2041617874,"""6917530195695118106""",,Legendary,3,Hand Cannon,monumentoftriumph,Energy,Void,primary,550,Spread Shot,Reload Speed,3,Vault,false,false,false,8,28,,93,65,96,52,12,0,0,0,59,100,28,8,29,0,0,0,0,0,0,0,0,23,50,0,0,false,0,0,,,,Spread Shot*,Smallbore*,Corkscrew Rifling,Accurized Rounds*,Extended Mag,Threat Remover*,Pugilist,Destabilizing Rounds*,Collective Action,Carrion Munitions*,Kill Tracker,Tier 3: Reload Speed*,,,,,,,
IRONWOOD 03,2041617874,"""6917530195697487078""",,Legendary,5,Hand Cannon,monumentoftriumph,Energy,Void,primary,550,Spread Shot,Reload Speed,3,Vault,false,false,false,8,28,,93,65,96,43,12,0,0,0,60,100,10,11,29,0,0,0,0,0,0,0,0,33,50,0,0,false,0,0,,,,Spread Shot*,Smallbore*,Barrel Shroud,Extended Mag*,Alloy Magazine,Threat Remover*,Pugilist,Dimensional Shift,Destabilizing Rounds*,Surrounded,Master of Arms,Carrion Munitions*,Kill Tracker,Tier 3: Reload Speed*,Triumphant Pulse*,,,,
Izanagi's Burden,3211806999,"""6917530191878589162""",,Exotic,0,Sniper Rifle,blackarmory,KineticSlot,Kinetic,special,550,Honed Edge,,,Vault,true,false,false,2,5,,83,62,70,58,45,0,0,0,56,90,40,4,47,0,0,0,0,0,0,0,0,6,60,0,0,false,0,73,,,,Honed Edge*,Chambered Compensator*,Accurized Rounds*,No Distractions*,Composite Stock*,Kill Tracker,Empty Catalyst Socket*,,,,,,,,,,,,
Jötunn,417164956,"""6917530191876748527""",,Exotic,0,Fusion Rifle,blackarmory,Energy,Solar,special,334,Charge Shot,,,Vault,true,false,false,2,5,,77,67,100,47,15,0,0,0,23,0,23,5,36,833,0,0,0,0,0,0,0,8,26,0,0,false,0,0,,,,Charge Shot*,Volatile Launch*,Liquid Coils*,Shield Disorient*,Polymer Grip*,Kill Tracker,Empty Catalyst Socket*,,,,,,,,,,,,
Joxer's Longsword,2150012406,"""6917530193985745452""",,Legendary,4,Pulse Rifle,crucible,Energy,Void,primary,474,Heavy Burst,Range,1,Vault,true,false,false,8,28,,100,43,34,75,18,0,0,0,33,324,33,20,48,0,0,0,0,0,0,0,0,19,49,0,0,false,0,95,,,,Heavy Burst*,Arrowhead Brake*,Corkscrew Rifling,Alloy Magazine*,Light Mag,Lone Wolf*,Rewind Rounds,Adrenaline Junkie*,Withering Gaze,Roar of Battle*,Nadir Focus,Kill Tracker,Tier 1: Range*,,,,,,
Khvostov 7G-0X,4129629253,"""6917530193858537599""",,Exotic,0,Auto Rifle,paleheart,KineticSlot,Kinetic,primary,550,The Right Choice,,10,Vault,false,false,false,7,24,,97,87,21,47,17,0,0,0,77,600,79,41,71,0,0,0,0,0,0,0,0,27,54,0,0,false,0,1296,,,,The Right Choice*,Hammer-Forged Rifling*,Alloy Magazine*,"Eyes Up, Guardian*",Shoot to Loot*,Composite Stock*,Kill Tracker,Khvostov Catalyst*,,,,,,,,,,,
Khvostov 7G-02,4209476803,"""6917530193858536330""",,Legendary,0,Auto Rifle,paleheart,KineticSlot,Kinetic,primary,550,Adaptive Frame,Handling,10,Vault,false,false,false,7,24,,60,67,21,49,15,0,0,0,38,600,55,49,75,0,0,0,0,0,0,0,0,17,46,0,0,crafted,1,0,suros,,,Adaptive Frame*,Hammer-Forged Rifling*,Full Bore,Polygonal Rifling,Alloy Magazine*,Steady Rounds,Extended Mag,Strategist*,Pugilist,Demolitionist,Multikill Clip*,Attrition Orbs,Dealer's Choice*,Kill Tracker,Backup Mag*,,,,
Kindled Orchid,3961462214,"""6917530193290906294""",,Legendary,3,Hand Cannon,blackarmory,Energy,Void,primary,415,Adaptive Frame,Range,1,Vault,false,false,false,8,28,,99,80,84,57,14,0,0,0,72,140,46,10,55,0,0,0,0,0,0,0,0,22,60,0,0,false,0,0,,,,Adaptive Frame*,Polygonal Rifling*,Smallbore,Accurized Rounds*,Steady Rounds,Outlaw*,Kill Clip,Eye of the Storm*,Master of Arms,Forge's Kin*,Kill Tracker,Tier 1: Range*,New Age Black Armory*,,,,,,
Last Man Standing,4276696963,"""6917530194349989127""",infuse,Legendary,3,Shotgun,gambit,Energy,Solar,special,489,Aggressive Frame,Reload Speed,2,Vault,false,false,false,8,28,,47,26,80,33,12,0,0,0,26,55,33,5,25,0,0,0,0,0,0,0,0,2,33,0,0,false,0,0,,,,Aggressive Frame*,Smallbore*,Corkscrew Rifling,Appended Mag*,Accurized Rounds,Threat Detector*,Slideshot,One-Two Punch*,Trench Barrel,Gun and Run*,Kill Tracker,Tier 2: Reload Speed*,,,,,,,
Last Man Standing,4276696963,"""6917530194349989324""",keep,Legendary,5,Shotgun,gambit,Energy,Solar,special,501,Aggressive Frame,Stability,2,Vault,false,false,false,8,28,,47,26,80,26,12,0,0,0,48,60,31,4,36,0,0,0,0,0,0,0,0,2,33,0,0,false,0,0,,,,Aggressive Frame*,Barrel Shroud*,Corkscrew Rifling,Assault Mag*,Steady Rounds,Subsistence*,Threat Detector,Slideshot,One-Two Punch*,Discord,Incandescent,Gun and Run*,Kill Tracker,Tier 2: Stability*,Triumphant Pulse*,,,,
Last Man Standing,4276696963,"""6917530194351882568""",keep,Legendary,5,Shotgun,gambit,Energy,Solar,special,501,Aggressive Frame,Stability,2,Vault,false,false,false,8,28,,47,26,80,43,12,0,0,0,37,60,31,4,25,0,0,0,0,0,0,0,0,2,33,0,0,false,0,0,,,,Aggressive Frame*,Smoothbore*,Full Choke,Assault Mag*,Extended Mag,Opening Shot*,Threat Detector,Slideshot,Discord*,Incandescent,Trench Barrel,Gun and Run*,Kill Tracker,Tier 2: Stability*,Triumphant Pulse*,,,,
Last Rite,3708636616,"""6917530191895205903""",,Legendary,3,Scout Rifle,monumentoftriumph,KineticSlot,Kinetic,primary,350,Aggressive Frame,Stability,5,Vault,true,false,false,8,28,,88,51,100,60,18,0,0,0,42,120,51,14,43,0,0,0,0,0,0,0,0,13,54,0,0,false,0,26,tex-mechanica,,,Aggressive Frame*,Chambered Compensator*,Extended Barrel,Accurized Rounds*,Steady Rounds,Dual Loader*,Hip-Fire Grip,Opening Shot*,Explosive Payload,Vanguard Determination*,Tex Balanced Stock,Kill Tracker,Tier 5: Stability*,,,,,,
Last Rite,3708636616,"""6917530192022361117""",,Legendary,4,Scout Rifle,monumentoftriumph,KineticSlot,Kinetic,primary,501,Aggressive Frame,Stability,10,Vault,true,false,false,8,28,,78,51,100,60,18,0,0,0,52,120,57,20,57,0,0,0,0,0,0,0,0,13,54,0,0,false,0,14,tex-mechanica,,,Aggressive Frame*,Corkscrew Rifling*,Smallbore,Appended Mag*,Flared Magwell,Reconstruction*,Stopping Power,Vorpal Weapon*,Adhesive Ordnance,Vanguard Determination*,Tex Balanced Stock,Kill Tracker,Backup Mag*,Masterworked: Stability*,,,,,
Last Rite,3708636616,"""6917530195044346661""",,Legendary,5,Scout Rifle,monumentoftriumph,KineticSlot,Kinetic,primary,537,Aggressive Frame,Stability,10,Vault,true,false,false,8,28,,78,51,100,62,18,0,0,0,55,120,58,16,69,0,0,0,0,0,0,0,0,13,54,0,0,false,0,0,tex-mechanica,,,Aggressive Frame*,Fluted Barrel*,Smallbore,Appended Mag*,Steady Rounds,Reconstruction*,Bewildering Burst,Opening Shot*,Focused Fury,Vanguard Determination*,Tex Balanced Stock,Kill Tracker,Ballistics*,Masterworked: Stability*,,,,,
Last Thursday,3813721211,"""6917530195392038096""",infuse,Legendary,1,Pulse Rifle,kepler,KineticSlot,Strand,primary,550,Adaptive Frame,Handling,4,Vault,false,false,false,8,27,,70,65,29,49,17,0,0,0,72,390,38,34,41,0,0,0,0,0,0,0,0,22,57,0,0,false,0,0,,,,Adaptive Frame*,Chambered Compensator*,Smallbore,Ricochet Rounds*,Flared Magwell,Demolitionist*,Frenzy*,Exhaustive Research*,Kill Tracker,Tier 4: Handling*,,,,,,,,,
Last Thursday,3813721211,"""6917530195490454062""",,Legendary,4,Pulse Rifle,kepler,KineticSlot,Strand,primary,549,Adaptive Frame,Range,3,Vault,false,false,false,8,27,,90,65,29,47,17,0,0,0,57,390,20,43,54,0,0,0,0,0,0,0,0,32,57,0,0,false,0,0,,,,Adaptive Frame*,Arrowhead Brake*,Chambered Compensator,Extended Mag*,Armor-Piercing Rounds,Demolitionist*,Transcendent Moment,Headseeker*,Binary Orbit,Exhaustive Research*,Kill Tracker,Tier 3: Range*,,,,,,,
Le Monarque,3588934839,"""6917530191878588712""",,Exotic,0,Combat Bow,blackarmory,Energy,Void,primary,334,Poison Arrows,"Stability, Reload Speed",10,Vault,true,false,false,2,5,,78,70,68,0,18,0,0,0,81,0,70,0,69,0,600,78,0,0,0,0,0,18,56,0,0,false,0,720,,,,Poison Arrows*,Natural String*,Compact Arrow Shaft*,Snapshot Sights*,Kill Tracker,Le Monarque Catalyst*,,,,,,,,,,,,,
Leviathan's Breath,2591746970,"""6917530197762898533""",,Exotic,0,Combat Bow,,Power,Void,heavy,550,Big-Game Hunter,,,Hunter(542),false,false,false,3,8,,75,66,60,0,20,0,0,0,5,0,0,0,0,0,1328,84,0,0,0,0,0,17,0,0,0,false,0,293,,00001:Strike,,Big-Game Hunter*,Chain Bowstring*,Fiberglass Arrow Shaft*,Leviathan's Sigh*,Kill Tracker,Empty Catalyst Socket*,,,,,,,,,,,,,
Liminal Vigil,355893876,"""6917530198141152423""",,Legendary,5,Sidearm,dungeon,KineticSlot,Stasis,primary,550,Heavy Burst,Reload Speed,2,Vault,false,false,false,8,28,,94,85,56,71,12,0,0,0,50,325,22,26,40,0,0,0,0,0,0,0,0,22,33,0,0,false,0,0,tex-mechanica,,,Heavy Burst*,Corkscrew Rifling*,Polygonal Rifling,Armor-Piercing Rounds*,Light Mag,Zen Moment*,Headstone,Crystalline Corpsebloom,Frenzy*,Kill Clip,Rangefinder,Tex Balanced Stock*,Kill Tracker,Tier 2: Reload Speed*,Triumphant Pulse*,,,,
Line in the Sand,2450049485,"""6917530196702569606""",,Legendary,0,Linear Fusion Rifle,echoes,Power,Arc,heavy,540,Precision Frame,Stability,10,Hunter(542),true,false,false,7,24,,63,60,41,44,25,0,0,0,42,0,23,6,21,533,0,0,0,0,0,0,0,6,38,0,0,crafted,17,6,,00001:Crucible,,Precision Frame*,Full Bore*,Smallbore,Enhanced Battery*,Projection Fuse,Clown Cartridge*,Bait and Switch*,Cast No Shadows*,Kill Tracker,Abundant Ammo*,,,,,,,,,
Lionfish-4fr,2423071981,"""6917530197106640206""",,Legendary,5,Fusion Rifle,pinnacleops,KineticSlot,Stasis,special,550,Rapid-Fire Frame,Reload Speed,10,Vault,true,false,false,8,27,,84,36,50,33,15,0,0,0,45,0,63,7,70,516,0,0,0,0,0,0,0,7,52,0,0,false,0,73,veist,"00002:Arc,Epsilon",,Rapid-Fire Frame*,Arrowhead Brake*,Smallbore,Accelerated Coils*,Enhanced Battery,Transcendent Moment,Reconstruction*,Subsistence,Chill Clip*,Binary Orbit,Controlled Burst,Problem Solver*,Vanguard Determination,Veist Stinger,Kill Tracker,Ballistics*,Masterworked: Reload Speed*,Achronal Lionfish-4fr*,Sparks Everlasting*
Liturgy,3377522331,"""6917530192084851713""",,Legendary,3,Grenade Launcher,monumentoftriumph,KineticSlot,Stasis,special,356,Double Fire,Reload Speed,3,Vault,true,false,false,8,28,,58,63,0,0,13,40,20,0,57,120,45,5,39,0,0,0,0,0,0,0,0,11,29,0,0,false,0,0,,,,Double Fire*,Confined Launch*,Countermass,Proximity Grenades*,High-Velocity Rounds,Strategist*,Surplus,Chill Clip*,Desperate Measures,Dark Ether Reaper*,Kill Tracker,Tier 3: Reload Speed*,,,,,,,
Liturgy,3377522331,"""6917530194204225974""",,Legendary,3,Grenade Launcher,monumentoftriumph,KineticSlot,Stasis,special,476,Double Fire,Handling,2,Vault,false,false,false,8,28,,58,63,0,0,13,40,20,0,57,120,42,5,41,0,0,0,0,0,0,0,0,11,29,0,0,false,0,0,,,,Double Fire*,Confined Launch*,Quick Launch,Proximity Grenades*,High-Velocity Rounds,Perpetual Motion*,Envious Arsenal,Chill Clip*,Lead from Gold,Dark Ether Reaper*,Kill Tracker,Tier 2: Handling*,,,,,,,
Liturgy,3377522331,"""6917530194251054884""",,Legendary,3,Grenade Launcher,monumentoftriumph,KineticSlot,Stasis,special,478,Double Fire,Reload Speed,1,Vault,false,false,false,8,28,,58,63,0,0,13,40,20,0,57,120,48,5,39,0,0,0,0,0,0,0,0,11,29,0,0,false,0,0,,,,Double Fire*,Confined Launch*,Linear Compensator,Proximity Grenades*,Spike Grenades,Quickdraw*,Surplus,Chill Clip*,Swashbuckler,Dark Ether Reaper*,Kill Tracker,Tier 1: Reload Speed*,,,,,,,
Liturgy,3377522331,"""6917530194257073943""",,Legendary,3,Grenade Launcher,monumentoftriumph,KineticSlot,Stasis,special,478,Double Fire,Handling,2,Vault,false,false,false,8,28,,58,63,0,0,13,0,20,0,57,120,42,5,41,0,0,0,0,0,0,0,0,11,29,0,0,false,0,0,,,,Double Fire*,Confined Launch*,Smart Drift Control,Disorienting Grenades*,High-Velocity Rounds,Perpetual Motion*,Slideways,Chill Clip*,Harmony,Dark Ether Reaper*,Kill Tracker,Tier 2: Handling*,,,,,,,
Liturgy,3377522331,"""6917530194671322751""",infuse,Legendary,3,Grenade Launcher,monumentoftriumph,KineticSlot,Stasis,special,500,Double Fire,Reload Speed,1,Vault,false,false,false,8,28,,58,63,0,0,13,65,25,0,52,120,43,5,34,0,0,0,0,0,0,0,0,11,29,0,0,false,0,0,,,,Double Fire*,Volatile Launch*,Quick Launch,Spike Grenades*,Implosion Rounds,Rimestealer*,Strategist,Lead from Gold*,One for All,Dark Ether Reaper*,Kill Tracker,Tier 1: Reload Speed*,,,,,,,
Liturgy,3377522331,"""6917530195499348413""",,Legendary,3,Grenade Launcher,monumentoftriumph,KineticSlot,Stasis,special,539,Double Fire,Velocity,1,Vault,false,false,false,8,28,,58,63,0,0,13,0,26,0,42,120,42,5,34,0,0,0,0,0,0,0,0,11,29,0,0,false,0,0,,,,Double Fire*,Volatile Launch*,Linear Compensator,Disorienting Grenades*,Proximity Grenades,Perpetual Motion*,Envious Arsenal,Chill Clip*,Desperate Measures,Dark Ether Reaper*,Kill Tracker,Tier 1: Velocity*,,,,,,,
Liturgy,3377522331,"""6917530198376822049""",,Legendary,5,Grenade Launcher,monumentoftriumph,KineticSlot,Stasis,special,550,Double Fire,Reload Speed,5,Vault,false,false,false,8,28,,58,63,0,0,13,66,26,0,54,120,47,5,34,0,0,0,0,0,0,0,0,11,29,0,0,false,0,0,,,,Double Fire*,Volatile Launch*,Countermass,Spike Grenades*,Implosion Rounds,Rimestealer*,Strategist,Quickdraw,Chill Clip*,Harmony,Lead from Gold,Dark Ether Reaper*,Kill Tracker,Tier 5: Reload Speed*,Triumphant Pulse*,,,,
Lord of Wolves,3413860063,"""6917530194252770226""",,Exotic,0,Shotgun,,Energy,Solar,special,550,Shrapnel Launcher,,,Vault,false,false,false,2,4,,90,80,68,20,12,0,0,0,54,640,60,6,40,0,0,0,0,0,0,0,0,14,100,0,0,false,0,0,,,,Shrapnel Launcher*,Chambered Compensator*,Extended Mag*,Release the Wolves*,Composite Stock*,Kill Tracker,Empty Catalyst Socket*,,,,,,,,,,,,
Lotus-Eater,924095500,"""6917530192898456146""",,Legendary,5,Sidearm,monumentoftriumph,Energy,Void,special,550,Micro-Missile Frame,Velocity,10,Hunter(542),true,false,false,8,28,,89,69,0,0,18,57,56,0,52,100,71,12,47,0,0,0,0,0,0,0,0,30,84,0,0,false,0,194,,00001:Arc,,Micro-Missile Frame*,Volatile Launch*,Hard Launch,High-Velocity Rounds*,High-Explosive Ordnance,Dimensional Shift,Air Trigger*,Destabilizing Rounds*,Surrounded,Problem Solver*,Vanguard Determination,Kill Tracker,Abundant Ammo*,Masterworked: Velocity*,,,,,
Lotus-Eater,924095500,"""6917530193796174206""",,Legendary,3,Sidearm,monumentoftriumph,Energy,Void,special,440,Micro-Missile Frame,Blast Radius,4,Vault,false,false,false,8,28,,89,69,0,0,18,50,24,0,67,100,70,12,47,0,0,0,0,0,0,0,0,30,42,0,0,false,0,0,,,,Micro-Missile Frame*,Confined Launch*,Countermass,Flared Magwell*,High-Explosive Ordnance,Repulsor Brace*,Light Touch,Destabilizing Rounds*,Withering Gaze,Problem Solver*,Vanguard Determination,Kill Tracker,Tier 4: Blast Radius*,,,,,,
Lotus-Eater,924095500,"""6917530195076321116""",keep,Legendary,4,Sidearm,monumentoftriumph,Energy,Void,special,538,Micro-Missile Frame,Handling,1,Vault,false,false,false,8,28,,89,69,0,0,18,47,25,0,62,100,55,12,48,0,0,0,0,0,0,0,0,30,42,0,0,false,0,0,,,,Micro-Missile Frame*,Confined Launch*,Linear Compensator,Alloy Magazine*,High-Velocity Rounds,Reconstruction*,Repulsor Brace,Destabilizing Rounds*,Withering Gaze,Problem Solver*,Vanguard Determination,Kill Tracker,Tier 1: Handling*,,,,,,
Lotus-Eater,837298567,"""6917530195076321258""",keep,Legendary,1,Sidearm,,Energy,Void,special,525,Micro-Missile Frame,Handling,10,Vault,false,false,false,8,28,,89,69,0,0,18,52,40,0,48,100,66,12,53,0,0,0,0,0,0,0,0,30,42,0,0,false,0,0,,,,Micro-Missile Frame*,Volatile Launch*,Linear Compensator,High-Velocity Rounds*,High-Explosive Ordnance,Reconstruction*,Surrounded*,Accelerated Assault*,Problem Solver,Vanguard Determination,Kill Tracker,Masterworked: Handling*,,,,,,,
Love and Death,3482299617,"""6917530197526163903""",,Legendary,3,Grenade Launcher,monumentoftriumph,Power,Solar,heavy,540,Compressed Wave Frame,Handling,1,Vault,false,false,false,8,28,,50,29,0,0,13,60,35,0,50,120,35,5,46,0,0,0,0,0,0,0,0,6,40,0,0,false,0,0,,,,Compressed Wave Frame*,Confined Launch*,Hard Launch,High-Velocity Rounds*,Implosion Rounds,Reconstruction*,Incandescent,Chain Reaction*,Aggregate Charge,Loss*,Kill Tracker,Tier 1: Handling*,,,,,,,
"M-17 ""Fast Talker""",1419158093,"""6917530194570338378""",keep,Legendary,5,Submachine Gun,renegades,KineticSlot,Stasis,primary,495,Balanced Heat Weapon,Handling,10,Vault,true,false,false,8,28,,95,56,15,37,15,0,0,0,72,900,47,0,77,0,0,0,0,0,0,0,0,18,69,18,20,false,0,40,,,,Balanced Heat Weapon*,Chambered Compensator*,Polygonal Rifling,Particle Repeater*,Light Heatsink,Attrition Orbs*,Killing Wind,Target Lock*,Tap the Trigger,Air-Cooled Core*,Kill Tracker,Freehand Grip*,Masterworked: Handling*,,,,,,
"M-17 ""Fast Talker""",1419158093,"""6917530194673298550""",infuse,Legendary,2,Submachine Gun,renegades,KineticSlot,Stasis,primary,513,Balanced Heat Weapon,Cooling Efficiency,3,Vault,false,false,false,8,28,,85,56,15,37,15,0,0,0,49,900,42,0,71,0,0,0,0,0,0,0,0,18,69,18,26,false,0,0,,,,Balanced Heat Weapon*,Corkscrew Rifling*,Hammer-Forged Rifling,Accelerated Heatsink*,Tactical Heatsink,Delicate Tuning*,Target Lock*,Air-Cooled Core*,Kill Tracker,Tier 3: Cooling Efficiency*,,,,,,,,,
"M-17 ""Fast Talker""",1419158093,"""6917530194890757937""",infuse,Legendary,4,Submachine Gun,renegades,KineticSlot,Stasis,primary,518,Balanced Heat Weapon,Stability,2,Vault,false,false,false,8,28,,95,56,20,32,15,0,0,0,57,900,42,0,64,0,0,0,0,0,0,0,0,18,69,18,18,false,0,0,,,,Balanced Heat Weapon*,Chambered Compensator*,Fluted Barrel,Overclocked Heatsink*,Enhanced Heatsink,Attrition Orbs*,Stats for All,Master of Arms*,Thermal Atomization,Air-Cooled Core*,Kill Tracker,Tier 2: Stability*,,,,,,,
"M-17 ""Fast Talker""",1419158093,"""6917530194896262699""",keep,Legendary,4,Submachine Gun,renegades,KineticSlot,Stasis,primary,508,Balanced Heat Weapon,Range,3,Vault,false,false,false,8,28,,85,56,20,50,15,0,0,0,35,900,42,0,64,0,0,0,0,0,0,0,0,18,69,18,18,false,0,0,,,,Balanced Heat Weapon*,Full Bore*,Smallbore,Overclocked Heatsink*,Projection Fuse,Dynamic Sway Reduction*,Delicate Tuning,Target Lock*,Tap the Trigger,Air-Cooled Core*,Kill Tracker,Tier 3: Range*,,,,,,,
"M-17 ""Fast Talker""",1419158093,"""6917530194906394060""",,Legendary,4,Submachine Gun,renegades,KineticSlot,Stasis,primary,509,Balanced Heat Weapon,Reload Speed,1,Vault,false,false,false,8,28,,85,56,20,38,15,0,0,0,50,900,43,0,73,0,0,0,0,0,0,0,0,18,69,18,18,false,0,0,,,,Balanced Heat Weapon*,Corkscrew Rifling*,Full Bore,Overclocked Heatsink*,Tactical Heatsink,Dynamic Sway Reduction*,Killing Wind,Sword Logic*,Crystalline Corpsebloom,Air-Cooled Core*,Kill Tracker,Tier 1: Vent Speed*,,,,,,,
"M-17 ""Fast Talker""",1419158093,"""6917530194906398800""",keep,Legendary,5,Submachine Gun,renegades,KineticSlot,Stasis,primary,521,Balanced Heat Weapon,Range,1,Vault,true,false,false,8,28,,85,56,15,48,15,0,0,0,35,900,44,0,62,0,0,0,0,0,0,0,0,18,69,16,20,false,0,3,,,,Balanced Heat Weapon*,Full Bore*,Smallbore,Enhanced Heatsink*,Projection Fuse,Attrition Orbs*,Cooling Baubles,Killing Wind,Target Lock*,Master of Arms,Thermal Atomization,Air-Cooled Core*,Kill Tracker,Tier 1: Range*,"Infamous M-17 ""Fast Talker""*",Roguish Bolts*,,,
"M-17 ""Fast Talker""",1419158093,"""6917530194931197315""",keep,Legendary,4,Submachine Gun,renegades,KineticSlot,Stasis,primary,530,Balanced Heat Weapon,Range,1,Vault,false,false,false,8,28,,85,56,15,33,15,0,0,0,50,900,44,0,82,0,0,0,0,0,0,0,0,18,69,16,20,false,0,0,,,,Balanced Heat Weapon*,Fluted Barrel*,Hammer-Forged Rifling,Enhanced Heatsink*,Particle Repeater,Attrition Orbs*,Killing Wind,Crystalline Corpsebloom*,Thermal Atomization,Air-Cooled Core*,Kill Tracker,Tier 1: Range*,,,,,,,
"M-17 ""Fast Talker""",1419158093,"""6917530195039462143""",,Legendary,3,Submachine Gun,renegades,KineticSlot,Stasis,primary,525,Balanced Heat Weapon,Stability,1,Vault,false,false,false,8,28,,85,56,20,37,15,0,0,0,50,900,42,0,71,0,0,0,0,0,0,0,0,18,69,18,18,false,0,0,,,,Balanced Heat Weapon*,Corkscrew Rifling*,Polygonal Rifling,Overclocked Heatsink*,Enhanced Heatsink,Attrition Orbs*,Delicate Tuning,Target Lock*,Crystalline Corpsebloom,Air-Cooled Core*,Kill Tracker,Tier 1: Stability*,,,,,,,
"M-17 ""Fast Talker""",1419158093,"""6917530198209775479""",,Legendary,5,Submachine Gun,renegades,KineticSlot,Stasis,primary,550,Balanced Heat Weapon,Stability,3,Vault,false,false,false,8,28,,100,56,15,32,15,0,0,0,47,900,44,0,78,0,0,0,0,0,0,0,0,18,69,16,20,false,0,0,,,,Balanced Heat Weapon*,Arrowhead Brake*,Extended Barrel,Enhanced Heatsink*,Light Heatsink,Dynamic Sway Reduction*,Stats for All,Killing Wind,Crystalline Corpsebloom*,Tap the Trigger,Thermal Atomization,Air-Cooled Core*,Kill Tracker,Tier 3: Stability*,"Infamous M-17 ""Fast Talker""*",Roguish Bolts*,,,
Main Ingredient,2901221332,"""6917530193809250518""",,Legendary,5,Fusion Rifle,,Energy,Arc,special,456,Precision Frame,Range,10,Vault,false,false,false,8,28,,100,45,75,74,15,0,0,0,40,0,31,5,48,784,0,0,0,0,0,0,0,4,40,0,0,false,0,0,,,,Precision Frame*,Arrowhead Brake*,Smallbore,Accelerated Coils*,Particle Repeater,Firmly Planted*,Moving Target,Feeding Frenzy,High-Impact Reserves*,Reservoir Burst,Gear Shift,Accelerated Assault*,Vanguard Determination,Nadir Focus,Kill Tracker,Masterworked: Range*,Triumphant Pulse*,,
Main Ingredient,4046741099,"""6917530193830907506""",,Legendary,3,Fusion Rifle,monumentoftriumph,Energy,Arc,special,444,Precision Frame,Handling,1,Vault,false,false,false,8,28,,73,45,80,59,15,0,0,0,40,0,4,7,47,800,0,0,0,0,0,0,0,4,40,0,0,false,0,0,,,,Precision Frame*,Fluted Barrel*,Full Bore,Ionized Battery*,Projection Fuse,Under Pressure*,Snapshot Sights,Tap the Trigger*,Voltshot,Vanguard Determination*,Nadir Focus,Kill Tracker,Tier 1: Handling*,,,,,,
Main Ingredient,4046741099,"""6917530194407886722""",infuse,Legendary,4,Fusion Rifle,monumentoftriumph,Energy,Arc,special,504,Precision Frame,Charge Time,4,Vault,false,false,false,8,28,,73,45,85,59,15,0,0,0,41,0,24,5,49,787,0,0,0,0,0,0,0,4,40,0,0,false,0,0,,,,Precision Frame*,Fluted Barrel*,Smallbore,Liquid Coils*,Projection Fuse,Firmly Planted*,Moving Target,Tap the Trigger*,High-Impact Reserves,Vanguard Determination*,Nadir Focus,Kill Tracker,Tier 4: Charge Time*,,,,,,
Main Ingredient,4046741099,"""6917530195049021141""",infuse,Legendary,5,Fusion Rifle,monumentoftriumph,Energy,Arc,special,536,Precision Frame,Reload Speed,1,Vault,false,false,false,8,28,,83,45,80,70,15,0,0,0,35,0,27,6,22,800,0,0,0,0,0,0,0,4,40,0,0,false,0,0,,,,Precision Frame*,Extended Barrel*,Smallbore,Enhanced Battery*,Ionized Battery,Lead from Gold*,Snapshot Sights,Feeding Frenzy,Tap the Trigger*,Perfect Float,Reservoir Burst,Vanguard Determination*,Nadir Focus,Kill Tracker,Tier 1: Reload Speed*,Triumphant Pulse*,,,
Main Ingredient,4046741099,"""6917530195053430216""",infuse,Legendary,4,Fusion Rifle,monumentoftriumph,Energy,Arc,special,537,Precision Frame,Range,4,Vault,false,false,false,8,28,,83,45,80,63,15,0,0,0,46,0,6,7,32,800,0,0,0,0,0,0,0,4,40,0,0,false,0,0,,,,Precision Frame*,Chambered Compensator*,Polygonal Rifling,Ionized Battery*,Projection Fuse,Under Pressure*,Firmly Planted,Rangefinder*,Perfect Float,Vanguard Determination*,Nadir Focus,Kill Tracker,Tier 4: Range*,,,,,,
Main Ingredient,4046741099,"""6917530195217565917""",,Legendary,4,Fusion Rifle,monumentoftriumph,Energy,Arc,special,541,Precision Frame,Charge Time,2,Vault,false,false,false,8,28,,100,45,80,59,15,0,0,0,35,0,26,6,43,793,0,0,0,0,0,0,0,4,40,0,0,false,0,0,,,,Precision Frame*,Arrowhead Brake*,Hammer-Forged Rifling,Enhanced Battery*,Liquid Coils,Under Pressure*,Feeding Frenzy,High-Impact Reserves*,Perfect Float,Vanguard Determination*,Nadir Focus,Kill Tracker,Tier 2: Charge Time*,,,,,,
Main Ingredient,4046741099,"""6917530196221443780""",,Legendary,5,Fusion Rifle,monumentoftriumph,Energy,Arc,special,550,Precision Frame,Stability,5,Vault,false,false,false,8,28,,73,45,75,59,15,0,0,0,46,0,26,5,47,800,0,0,0,0,0,0,0,4,40,0,0,false,0,0,,,,Precision Frame*,Fluted Barrel*,Smallbore,Accelerated Coils*,Ionized Battery,Firmly Planted*,Moving Target,Snapshot Sights,Tap the Trigger*,Rangefinder,Reservoir Burst,Vanguard Determination*,Nadir Focus,Kill Tracker,Tier 5: Stability*,Triumphant Pulse*,,,
Main Ingredient,4046741099,"""6917530196406611556""",,Legendary,5,Fusion Rifle,monumentoftriumph,Energy,Arc,special,550,Precision Frame,Stability,5,Vault,false,false,false,8,28,,100,45,80,59,15,0,0,0,40,0,6,7,43,800,0,0,0,0,0,0,0,4,40,0,0,false,0,0,,,,Precision Frame*,Arrowhead Brake*,Fluted Barrel,Ionized Battery*,Particle Repeater,Under Pressure*,Snapshot Sights,Trickle Charge,High-Impact Reserves*,Rangefinder,Gear Shift,Vanguard Determination*,Nadir Focus,Kill Tracker,Tier 5: Stability*,Triumphant Pulse*,,,
Marsilion-C,867154247,"""6917530196105598382""",,Legendary,0,Grenade Launcher,engram,Power,Solar,heavy,300,Rapid-Fire Frame,Velocity,4,Warlock(504),false,false,false,6,20,,78,30,0,0,13,30,46,0,25,150,52,5,21,0,0,0,0,0,0,0,0,11,30,0,0,false,0,23,hakke,,,Rapid-Fire Frame*,Confined Launch*,Alloy Casing*,Snapshot Sights*,Impulse Amplifier*,Häkke Breach Armaments*,Kill Tracker,Tier 4: Velocity*,,,,,,,,,,,
Martyr's Retribution,2584830733,"""6917530196626543905""",,Legendary,0,Grenade Launcher,echoes,Energy,Solar,special,540,Wave Frame,Blast Radius,3,Vault,false,false,false,7,24,,75,72,0,0,13,68,78,0,24,72,73,1,60,0,0,0,0,0,0,0,0,2,57,0,0,false,0,0,,,,Wave Frame*,Volatile Launch*,Countermass,High-Velocity Rounds*,Implosion Rounds,Envious Assassin*,Incandescent*,Cast No Shadows*,Kill Tracker,Tier 3: Blast Radius*,,,,,,,,,
Matador 64,1518956169,"""6917530197381949476""",,Legendary,5,Shotgun,30th,Energy,Arc,special,550,Precision Frame,Range,1,Vault,false,false,false,8,28,,77,65,70,83,12,0,0,0,48,65,50,6,43,0,0,0,0,0,0,0,0,2,45,0,0,false,0,0,,,,Precision Frame*,Smoothbore*,Full Choke,Appended Mag*,Steady Rounds,Light Touch*,Slideways,Lead from Gold,Closing Time*,One-Two Punch,Swashbuckler,Unburied Treasure*,Kill Tracker,Tier 1: Range*,Triumphant Pulse*,,,,
Matador 64,1518956169,"""6917530197512151253""",,Legendary,5,Shotgun,30th,Energy,Arc,special,550,Precision Frame,Reload Speed,2,Vault,false,false,false,8,28,,77,65,70,76,12,0,0,0,64,70,50,5,29,0,0,0,0,0,0,0,0,2,45,0,0,false,0,0,,,,Precision Frame*,Rifled Barrel*,Smoothbore,Assault Mag*,Accurized Rounds,Light Touch*,Slideways,Supercharged Magazine,Closing Time*,One-Two Punch,Swashbuckler,Unburied Treasure*,Kill Tracker,Tier 2: Reload Speed*,Triumphant Pulse*,,,,
Merciless,4190156464,"""6917530196626552300""",,Exotic,0,Fusion Rifle,,Energy,Solar,special,550,Conserve Momentum,,10,Vault,false,false,false,1,1,,94,69,75,39,15,0,0,0,52,0,23,8,31,1000,0,0,0,0,0,0,0,25,55,0,0,false,0,0,,,,Conserve Momentum*,Chambered Compensator*,Extended Mag*,Impetus*,Fitted Stock*,Kill Tracker,,,,,,,,,,,,,
Microcosm,4207066264,"""6917530192307957020""",,Exotic,0,Trace Rifle,paleheart,Power,Kinetic,heavy,540,Paracausal Beam,,10,Vault,true,false,false,7,24,,98,100,6,78,16,0,0,0,90,1000,25,104,58,0,0,0,0,0,0,0,0,10,47,0,0,false,0,660,,"00002:Stasis,Support",,Paracausal Beam*,Hammer-Forged Rifling*,Enhanced Battery*,Paracausal Imbuement*,Hand-Laid Stock*,Kill Tracker,Microcosm Catalyst*,,,,,,,,,,,,
Midnight Coup,2033531689,"""6917530193955974610""",,Legendary,5,Hand Cannon,brave,KineticSlot,Kinetic,primary,454,Adaptive Frame,Range,1,Vault,false,false,false,8,28,,80,90,84,73,14,0,0,0,36,140,56,12,56,0,0,0,0,0,0,0,0,24,60,0,0,false,0,0,,,,Adaptive Frame*,Full Bore*,Smallbore,Accurized Rounds*,Extended Mag,Shoot to Loot*,Moving Target,Attrition Orbs,Ancillary Ordinance*,Opening Shot,Desperate Measures,Indomitability*,Kill Tracker,Tier 1: Range*,Triumphant Pulse*,,,,
Mint Retrograde,3285784871,"""6917530193963488375""",,Legendary,5,Pulse Rifle,,KineticSlot,Strand,special,550,Micro-Missile Frame,Handling,10,Hunter(542),true,false,false,8,28,,60,74,0,0,20,88,55,0,62,200,32,6,35,0,0,0,0,0,0,0,0,20,21,0,0,false,0,276,,"00003:Epsilon,Prismatic,Void",,Micro-Missile Frame*,Confined Launch*,Linear Compensator,Appended Mag*,Implosion Rounds,Beacon Rounds*,Hatchling,Envious Arsenal,Bait and Switch*,Master of Arms,Frenzy,Problem Solver*,Vanguard Determination,Kill Tracker,Abundant Ammo*,Masterworked: Handling*,Triumphant Pulse*,,
Mint Retrograde,3285784871,"""6917530197403982190""",,Legendary,3,Pulse Rifle,,KineticSlot,Strand,special,550,Micro-Missile Frame,Reload Speed,1,Vault,true,false,false,8,28,,60,74,0,0,20,87,54,0,42,200,26,6,15,0,0,0,0,0,0,0,0,20,9,0,0,false,0,0,,,,Micro-Missile Frame*,Volatile Launch*,Linear Compensator,Appended Mag*,Extended Mag,Rewind Rounds*,Field Prep,Bait and Switch*,Cascade Point,Problem Solver*,Vanguard Determination,Kill Tracker,Tier 1: Reload Speed*,,,,,,
Mint Retrograde,3285784871,"""6917530197732312701""",,Legendary,5,Pulse Rifle,,KineticSlot,Strand,special,540,Micro-Missile Frame,Stability,5,Vault,true,false,false,8,28,,90,74,0,0,20,72,59,0,58,200,27,6,31,0,0,0,0,0,0,0,0,20,9,0,0,false,0,0,,,,Micro-Missile Frame*,Countermass*,Hard Launch,Appended Mag*,Alloy Magazine,Rewind Rounds*,Field Prep,Hatchling,Bait and Switch*,Chain Reaction,Elemental Honing,Problem Solver*,Vanguard Determination,Kill Tracker,Tier 5: Stability*,Triumphant Pulse*,,,
Modified B-7 Pistol,3146657388,"""6917530193404204735""",,Legendary,2,Hand Cannon,renegades,KineticSlot,Stasis,primary,427,Dynamic Heat Weapon,Cooling Efficiency,4,Vault,false,false,false,8,28,,55,70,78,47,14,0,0,0,49,180,70,0,30,0,0,0,0,0,0,0,0,40,54,90,84,false,0,0,,,,Dynamic Heat Weapon*,Full Bore*,Polygonal Rifling,Enhanced Heatsink*,Ionized Heatsink,Firefly*,Crystalline Corpsebloom*,Air-Cooled Core*,Kill Tracker,Tier 4: Cooling Efficiency*,,,,,,,,,
Modified B-7 Pistol,3146657388,"""6917530193479433724""",,Legendary,3,Hand Cannon,renegades,KineticSlot,Stasis,primary,445,Dynamic Heat Weapon,Stability,5,Vault,false,false,false,8,28,,55,70,78,32,14,0,0,0,69,180,70,0,50,0,0,0,0,0,0,0,0,40,54,100,105,false,0,0,,,,Dynamic Heat Weapon*,Fluted Barrel*,Polygonal Rifling,Accelerated Heatsink*,Enhanced Heatsink,Rimestealer*,Delicate Tuning,Headstone*,Eye of the Storm,Air-Cooled Core*,Kill Tracker,Tier 5: Stability*,,,,,,,
Modified B-7 Pistol,3146657388,"""6917530194732529025""",infuse,Legendary,5,Hand Cannon,renegades,KineticSlot,Stasis,primary,550,Dynamic Heat Weapon,Handling,10,Vault,true,false,false,8,28,,55,70,78,43,14,0,0,0,70,180,77,0,55,0,0,0,0,0,0,0,0,40,66,100,105,false,0,1329,,00001:Arc,,Dynamic Heat Weapon*,Corkscrew Rifling*,Polygonal Rifling,Accelerated Heatsink*,Particle Repeater,Keep Away,Firefly*,Headstone*,Adagio,Air-Cooled Core*,Kill Tracker,Abundant Ammo*,Masterworked: Handling*,,,,,,
Modified B-7 Pistol,3146657388,"""6917530198202465605""",,Legendary,4,Hand Cannon,renegades,KineticSlot,Stasis,primary,540,Dynamic Heat Weapon,Stability,1,Vault,false,false,false,8,28,,65,70,80,43,14,0,0,0,60,180,70,0,28,0,0,0,0,0,0,0,0,40,54,100,70,false,0,0,,,,Dynamic Heat Weapon*,Extended Barrel*,Polygonal Rifling,Overclocked Heatsink*,Projection Fuse,Rapid Hit*,Firefly,Adagio*,Crystalline Corpsebloom,Air-Cooled Core*,Kill Tracker,Tier 1: Stability*,,,,,,,
Modified B-7 Pistol,3146657388,"""6917530198214542521""",,Legendary,4,Hand Cannon,renegades,KineticSlot,Stasis,primary,540,Dynamic Heat Weapon,Reload Speed,1,Vault,false,false,false,8,28,,55,70,80,47,14,0,0,0,50,180,71,0,33,0,0,0,0,0,0,0,0,40,54,100,70,false,0,0,,,,Dynamic Heat Weapon*,Full Bore*,Hammer-Forged Rifling,Overclocked Heatsink*,Enhanced Heatsink,Firefly*,Demolitionist,Opening Shot*,Crystalline Corpsebloom,Air-Cooled Core*,Kill Tracker,Tier 1: Vent Speed*,,,,,,,
Modified B-7 Pistol,3146657388,"""6917530198214547550""",,Legendary,4,Hand Cannon,renegades,KineticSlot,Stasis,primary,540,Dynamic Heat Weapon,Handling,3,Vault,false,false,false,8,28,,65,70,80,43,14,0,0,0,59,180,70,0,31,0,0,0,0,0,0,0,0,40,54,100,70,false,0,0,,,,Dynamic Heat Weapon*,Extended Barrel*,Polygonal Rifling,Overclocked Heatsink*,Enhanced Heatsink,Cooling Baubles*,Rimestealer,Headstone*,Eye of the Storm,Air-Cooled Core*,Kill Tracker,Tier 3: Handling*,,,,,,,
Modified B-7 Pistol,3146657388,"""6917530198214549889""",,Legendary,5,Hand Cannon,renegades,KineticSlot,Stasis,primary,550,Dynamic Heat Weapon,Range,10,Hunter(542),true,false,false,8,28,,85,70,78,59,14,0,0,0,64,180,75,0,52,0,0,0,0,0,0,0,0,40,66,100,80,false,0,723,,,,Dynamic Heat Weapon*,Arrowhead Brake*,Hammer-Forged Rifling,Ionized Heatsink,Projection Fuse*,Firefly*,Delicate Tuning,Headstone*,Eye of the Storm,Air-Cooled Core*,Kill Tracker,Abundant Ammo*,Masterworked: Range*,,,,,,
Monody-44,3201200906,"""6917530196260147639""",,Legendary,3,Fusion Rifle,monumentoftriumph,Energy,Void,special,400,High-Impact Frame,Handling,4,Vault,false,false,false,8,28,,85,59,95,48,15,0,0,0,34,0,15,6,18,967,0,0,0,0,0,0,0,8,20,0,0,false,0,0,suros,,,High-Impact Frame*,Chambered Compensator*,Fluted Barrel,Enhanced Battery*,Projection Fuse,Subsistence*,Enlightened Action,Destabilizing Rounds*,Closing Time,Suros Synergy*,Kill Tracker,Tier 4: Handling*,,,,,,,
Monte Carlo,4068264807,"""6917530192902170982""",,Exotic,0,Auto Rifle,,KineticSlot,Kinetic,primary,382,Monte Carlo Method,,,Vault,true,false,false,3,8,,80,50,21,50,15,0,0,0,65,600,79,41,80,0,0,0,0,0,0,0,0,29,52,0,0,false,0,122,,,,Monte Carlo Method*,Fluted Barrel*,High-Caliber Rounds*,Markov Chain*,Composite Stock*,Kill Tracker,Empty Catalyst Socket*,,,,,,,,,,,,
Motif-41,1685533876,"""6917530193891946702""",,Legendary,3,Grenade Launcher,monumentoftriumph,Energy,Solar,special,400,Area Denial Frame,Reload Speed,1,Vault,false,false,false,8,28,,100,67,0,0,13,100,83,0,33,72,75,1,75,0,0,0,0,0,0,0,0,3,59,0,0,false,0,0,suros,,,Area Denial Frame*,Countermass*,Hard Launch,High-Velocity Rounds*,Implosion Rounds,Stats for All*,Auto-Loading Holster,Reverberation*,Attrition Orbs,Suros Synergy*,Kill Tracker,Tier 1: Reload Speed*,,,,,,,
Multimach CCX,3211624072,"""6917530193258530867""",,Legendary,0,Submachine Gun,ironbanner,KineticSlot,Kinetic,primary,550,Lightweight Frame,Reload Speed,10,Hunter(542),true,false,false,6,23,,100,55,15,37,15,0,0,0,61,900,46,42,72,0,0,0,0,0,0,0,0,12,64,0,0,crafted,22,421,field-forged,00001:Epsilon,,Lightweight Frame*,Polygonal Rifling*,Tactical Mag*,Attrition Orbs*,Kinetic Tremors*,Skulking Wolf*,Field-Tested,Kill Tracker,Ballistics*,,,,,,,,,,
Nameless Midnight,1957301533,"""6917530193815851990""",,Legendary,5,Scout Rifle,monumentoftriumph,KineticSlot,Kinetic,primary,455,Precision Frame,Range,9,Vault,true,false,false,8,28,,100,62,62,61,20,0,0,0,38,180,44,16,53,0,0,0,0,0,0,0,0,10,46,0,0,false,0,8,,,,Precision Frame*,Arrowhead Brake*,Hammer-Forged Rifling,Accurized Rounds*,Tactical Mag,Triple Tap*,No Distractions,Kinetic Tremors*,Headseeker,Vanguard Determination*,Nadir Focus,Kill Tracker,Tier 9: Range*,,,,,,
Nameless Midnight,1957301533,"""6917530193957841746""",,Legendary,4,Scout Rifle,monumentoftriumph,KineticSlot,Kinetic,primary,469,Precision Frame,Range,3,Vault,true,false,false,8,28,,100,62,62,55,20,0,0,0,43,180,44,16,53,0,0,0,0,0,0,0,0,10,46,0,0,false,0,0,,,,Precision Frame*,Arrowhead Brake*,Polygonal Rifling,Accurized Rounds*,Alloy Magazine,Zen Moment*,Shoot to Loot,Kinetic Tremors*,Kill Clip,Vanguard Determination*,Nadir Focus,Kill Tracker,Tier 3: Range*,,,,,,
Nameless Midnight,1957301533,"""6917530194319659990""",,Legendary,4,Scout Rifle,monumentoftriumph,KineticSlot,Kinetic,primary,488,Precision Frame,Handling,2,Vault,true,false,false,8,28,,100,62,62,52,20,0,0,0,43,180,44,16,55,0,0,0,0,0,0,0,0,10,46,0,0,false,0,0,,,,Precision Frame*,Arrowhead Brake*,Full Bore,Accurized Rounds*,Tactical Mag,Zen Moment*,Fourth Time's the Charm,Kinetic Tremors*,Explosive Payload,Vanguard Determination*,Nadir Focus,Kill Tracker,Tier 2: Handling*,,,,,,
Nameless Midnight,1957301533,"""6917530194432797147""",,Legendary,3,Scout Rifle,monumentoftriumph,KineticSlot,Kinetic,primary,492,Precision Frame,Reload Speed,1,Vault,true,false,false,8,28,,79,62,62,50,20,0,0,0,43,180,45,16,56,0,0,0,0,0,0,0,0,10,46,0,0,false,0,0,,,,Precision Frame*,Fluted Barrel*,Smallbore,Accurized Rounds*,Flared Magwell,Triple Tap*,Fourth Time's the Charm,Kinetic Tremors*,Explosive Payload,Vanguard Determination*,Nadir Focus,Kill Tracker,Tier 1: Reload Speed*,,,,,,
Nameless Midnight,1957301533,"""6917530195066580313""",keep,Legendary,5,Scout Rifle,monumentoftriumph,KineticSlot,Kinetic,primary,536,Precision Frame,Handling,3,Vault,true,false,false,8,28,,100,62,62,40,20,0,0,0,44,180,55,17,56,0,0,0,0,0,0,0,0,10,46,0,0,false,0,0,,,,Precision Frame*,Arrowhead Brake*,Hammer-Forged Rifling,Tactical Mag*,Steady Rounds,Triple Tap*,Zen Moment,Shoot to Loot,Kinetic Tremors*,Kill Clip,Explosive Payload,Vanguard Determination*,Nadir Focus,Kill Tracker,Tier 3: Handling*,Triumphant Pulse*,,,
Nameless Midnight,1957301533,"""6917530196406607691""",,Legendary,5,Scout Rifle,monumentoftriumph,KineticSlot,Kinetic,primary,550,Precision Frame,Handling,10,Vault,true,false,false,8,28,,100,62,62,55,20,0,0,0,43,180,51,18,68,0,0,0,0,0,0,0,0,10,46,0,0,false,0,331,,,,Precision Frame*,Arrowhead Brake*,Fluted Barrel,Appended Mag*,Steady Rounds,Triple Tap*,No Distractions,Kinetic Tremors*,Feeding Frenzy,Vanguard Determination*,Nadir Focus,Kill Tracker,Enhanced Range*,Masterworked: Handling*,,,,,
New Land Beyond,2581676735,"""6917530189702868187""",,Exotic,0,Sniper Rifle,deluxe,KineticSlot,Kinetic,special,300,The Master,,,Warlock(504),true,false,false,7,26,,80,69,90,87,25,0,0,0,38,72,21,4,74,0,0,0,0,0,0,0,0,1,54,0,0,false,0,0,field-forged,,,The Master*,Horizon Ironsights*,Accurized Rounds*,Bullseye Bolster*,Snapshot Sights*,Short-Action Stock*,Kill Tracker,Empty Catalyst Socket*,,,,,,,,,,,
New Malpais,1736135946,"""6917530189728798551""",,Exotic,0,Pulse Rifle,seasonpass,KineticSlot,Strand,special,300,Atomizing Rounds,,,Warlock(504),true,false,false,8,27,,80,74,23,38,17,0,0,0,57,320,66,36,36,0,0,0,0,0,0,0,0,20,24,0,0,false,0,0,,,,Atomizing Rounds*,Hammer-Forged Rifling*,Tactical Mag*,Suspending Blast*,Fitted Stock*,Kill Tracker,Empty Catalyst Socket*,,,,,,,,,,,,
New Purpose,1400385226,"""6917530197887123540""",,Legendary,5,Pulse Rifle,duality,KineticSlot,Stasis,primary,550,High-Impact Frame,Reload Speed,1,Vault,false,false,false,8,28,,70,32,33,72,18,0,0,0,60,340,32,28,42,0,0,0,0,0,0,0,0,19,60,0,0,false,0,9,,,,High-Impact Frame*,Fluted Barrel*,Polygonal Rifling,High-Caliber Rounds*,Flared Magwell,Rapid Hit*,Zen Moment,Feeding Frenzy,Rimestealer*,Meganeura,Pugilist,Bitterspite*,Kill Tracker,Tier 1: Reload Speed*,Triumphant Pulse*,,,,
Nightshade,1559068369,"""6917530191899425584""",favorite,Legendary,3,Pulse Rifle,,KineticSlot,Strand,primary,353,Lightweight Frame,Handling,10,Vault,true,false,false,8,28,,56,68,27,41,17,0,0,0,62,450,61,36,84,0,0,0,0,0,0,0,0,10,46,0,0,false,0,379,fotc,,,Lightweight Frame*,Corkscrew Rifling*,Full Bore,Appended Mag*,Light Mag,Outlaw*,Lead From Light,Hatchling*,Feeding Frenzy,Accelerated Assault*,Vanguard Determination,Nadir Focus,Kill Tracker,Masterworked: Handling*,,,,,
Nightshade,34731066,"""6917530193813629119""",,Legendary,2,Pulse Rifle,monumentoftriumph,KineticSlot,Strand,primary,441,Lightweight Frame,Stability,3,Vault,true,false,false,8,28,,56,68,27,38,17,0,0,0,67,450,38,39,71,0,0,0,0,0,0,0,0,20,46,0,0,false,0,0,fotc,,,Lightweight Frame*,Corkscrew Rifling*,Hammer-Forged Rifling,Extended Mag*,Appended Mag,Outlaw*,Headseeker*,Vanguard Determination*,Nadir Focus,Kill Tracker,Tier 3: Stability*,,,,,,,,
Nightshade,34731066,"""6917530193830904632""",,Legendary,4,Pulse Rifle,monumentoftriumph,KineticSlot,Strand,primary,458,Lightweight Frame,Range,4,Vault,true,false,false,8,28,,56,68,27,50,17,0,0,0,65,450,58,30,71,0,0,0,0,0,0,0,0,10,46,0,0,false,0,0,fotc,,,Lightweight Frame*,Corkscrew Rifling*,Hammer-Forged Rifling,Armor-Piercing Rounds*,Ricochet Rounds,Outlaw*,Lead From Light,Headseeker*,Eye of the Storm,Vanguard Determination*,Nadir Focus,Kill Tracker,Tier 4: Range*,,,,,,
Nightshade,34731066,"""6917530193837811470""",,Legendary,3,Pulse Rifle,monumentoftriumph,KineticSlot,Strand,primary,457,Lightweight Frame,Handling,4,Vault,true,false,false,8,28,,56,68,27,38,17,0,0,0,64,450,38,39,75,0,0,0,0,0,0,0,0,20,46,0,0,false,0,0,fotc,,,Lightweight Frame*,Corkscrew Rifling*,Full Bore,Extended Mag*,Ricochet Rounds,Outlaw*,Under Pressure,Headseeker*,Feeding Frenzy,Vanguard Determination*,Nadir Focus,Kill Tracker,Tier 4: Handling*,,,,,,
Nightshade,34731066,"""6917530194040947226""",,Legendary,5,Pulse Rifle,monumentoftriumph,KineticSlot,Strand,primary,484,Lightweight Frame,Reload Speed,2,Vault,true,false,false,8,28,,86,68,27,33,17,0,0,0,54,450,42,39,78,0,0,0,0,0,0,0,0,20,46,0,0,false,0,0,fotc,,,Lightweight Frame*,Arrowhead Brake*,Fluted Barrel,Extended Mag*,High-Caliber Rounds,Outlaw*,Moving Target,Lucky Shot,Hatchling*,Feeding Frenzy,Desperate Measures,Vanguard Determination*,Nadir Focus,Kill Tracker,Tier 2: Reload Speed*,Triumphant Pulse*,,,
Nightshade,34731066,"""6917530194048947644""",keep,Legendary,5,Pulse Rifle,monumentoftriumph,KineticSlot,Strand,primary,550,Lightweight Frame,Range,10,Vault,true,false,false,8,28,,66,68,27,55,17,0,0,0,77,450,45,39,67,0,0,0,0,0,0,0,0,20,46,0,0,false,0,773,fotc,,,Lightweight Frame*,Chambered Compensator*,Fluted Barrel,Extended Mag*,High-Caliber Rounds,Outlaw,Keep Away*,Hatchling*,Moving Target,Vanguard Determination*,Nadir Focus,Kill Tracker,Ballistics*,Masterworked: Range*,,,,,
Nightshade,34731066,"""6917530194389925757""",,Legendary,4,Pulse Rifle,monumentoftriumph,KineticSlot,Strand,primary,502,Lightweight Frame,Stability,1,Vault,true,false,false,8,28,,86,68,27,33,17,0,0,0,60,450,40,39,78,0,0,0,0,0,0,0,0,20,46,0,0,false,0,0,fotc,,,Lightweight Frame*,Arrowhead Brake*,Polygonal Rifling,Extended Mag*,Flared Magwell,Outlaw*,Slice,Headseeker*,Hatchling,Vanguard Determination*,Nadir Focus,Kill Tracker,Tier 1: Stability*,,,,,,
Nightshade,34731066,"""6917530198209781601""",,Legendary,5,Pulse Rifle,monumentoftriumph,KineticSlot,Strand,primary,550,Lightweight Frame,Range,2,Vault,false,false,false,8,28,,86,68,27,35,17,0,0,0,59,450,58,30,78,0,0,0,0,0,0,0,0,10,46,0,0,false,0,0,fotc,,,Lightweight Frame*,Arrowhead Brake*,Smallbore,Alloy Magazine*,Appended Mag,Under Pressure*,Lucky Shot,Lead From Light,Headseeker*,Hatchling,Feeding Frenzy,Vanguard Determination*,Nadir Focus,Kill Tracker,Tier 2: Range*,Triumphant Pulse*,,,
No Feelings,1271275406,"""6917530193055988947""",,Legendary,3,Scout Rifle,monumentoftriumph,Energy,Arc,primary,392,Precision Frame,Range,10,Vault,false,false,false,8,28,,76,66,62,70,20,0,0,0,52,180,47,15,58,0,0,0,0,0,0,0,0,10,56,0,0,false,0,10,,,,Precision Frame*,Fluted Barrel*,Smallbore,Accurized Rounds*,Extended Mag,Outlaw,Voltshot*,Meganeura*,Box Breathing,Forge's Kin*,Kill Tracker,Stunloader*,Masterworked: Range*,New Age Black Armory*,,,,,
No Feelings,1271275406,"""6917530193080578598""",,Legendary,3,Scout Rifle,monumentoftriumph,Energy,Arc,primary,407,Precision Frame,Handling,4,Vault,false,false,false,8,28,,100,66,62,47,20,0,0,0,44,180,29,18,54,0,0,0,0,0,0,0,0,20,56,0,0,false,0,0,,,,Precision Frame*,Arrowhead Brake*,Fluted Barrel,Extended Mag*,Alloy Magazine,Rolling Storm*,Rapid Hit,Explosive Payload*,Gear Shift,Forge's Kin*,Kill Tracker,Tier 4: Handling*,New Age Black Armory*,,,,,,
No Feelings,1271275406,"""6917530196080424094""",,Legendary,4,Scout Rifle,monumentoftriumph,Energy,Arc,primary,550,Precision Frame,Stability,1,Vault,false,false,false,8,28,,76,66,62,65,20,0,0,0,51,180,44,15,45,0,0,0,0,0,0,0,0,10,56,0,0,false,0,0,,,,Precision Frame*,Corkscrew Rifling*,Polygonal Rifling,Accurized Rounds*,Steady Rounds,Rapid Hit*,Impromptu Ammunition,Gear Shift*,Adrenaline Junkie,Forge's Kin*,Kill Tracker,Tier 1: Stability*,,,,,,,
No Feelings,1271275406,"""6917530196092535305""",,Legendary,4,Scout Rifle,monumentoftriumph,Energy,Arc,primary,550,Precision Frame,Range,2,Vault,false,false,false,8,28,,100,66,62,49,20,0,0,0,50,180,60,16,52,0,0,0,0,0,0,0,0,10,56,0,0,false,0,0,,,,Precision Frame*,Arrowhead Brake*,Extended Barrel,Tactical Mag*,Extended Mag,Rapid Hit*,Impromptu Ammunition,Explosive Payload*,Gear Shift,Forge's Kin*,Kill Tracker,Tier 2: Range*,,,,,,,
No Hesitation,1801007332,"""6917530192665067846""",junk,Legendary,0,Auto Rifle,paleheart,Energy,Solar,primary,540,Support Frame,Reload Speed,10,Vault,true,false,false,7,24,,85,68,21,70,16,0,0,0,38,600,78,52,77,0,0,0,0,0,0,0,0,19,54,0,0,false,0,55,,,,Support Frame*,Full Bore*,Polygonal Rifling,Accurized Rounds*,Alloy Magazine,Target Lock*,Chaos Reshaped*,Dealer's Choice*,Kill Tracker,Backup Mag*,Masterworked: Reload Speed*,,,,,,,,
No Hesitation,1801007332,"""6917530196237749826""",,Legendary,0,Auto Rifle,paleheart,Energy,Solar,primary,540,Support Frame,Handling,5,Titan(542),false,true,false,7,24,,85,68,21,55,16,0,0,0,48,600,68,49,87,0,0,0,0,0,0,0,0,19,54,0,0,false,0,0,,,,Support Frame*,Hammer-Forged Rifling*,Smallbore,Appended Mag*,Tactical Mag,Grave Robber*,Attrition Orbs*,Dealer's Choice*,Kill Tracker,Tier 5: Handling*,,,,,,,,,
No Time to Explain,1594120904,"""6917530195690849820""",,Exotic,0,Pulse Rifle,deluxe,KineticSlot,Kinetic,primary,550,Rewind Again,,10,Vault,false,false,false,4,12,,73,40,33,70,17,0,0,0,60,340,60,24,57,0,0,0,0,0,0,0,0,24,57,0,0,false,0,1311,,,,Rewind Again*,Fluted Barrel*,Accurized Rounds*,Time-Slip*,Feeding Frenzy*,Kill Tracker,No Time to Explain Catalyst*,,,,,,,,,,,,
Nox Perennial V,2366022261,"""6917530194245145996""",,Legendary,3,Fusion Rifle,engram,KineticSlot,Strand,special,477,High-Impact Frame,Charge Time,1,Vault,false,false,false,8,28,,75,59,95,55,15,0,0,0,24,0,16,6,8,964,0,0,0,0,0,0,0,6,21,0,0,false,0,0,cassoid,,,High-Impact Frame*,Extended Barrel*,Fluted Barrel,Enhanced Battery*,Particle Repeater,Threat Detector*,Lead from Gold,Elemental Capacitor*,Controlled Burst,Wild Card*,Kill Tracker,Tier 1: Charge Time*,,,,,,,
Nox Perennial V,2366022261,"""6917530195492797795""",,Legendary,3,Fusion Rifle,engram,KineticSlot,Strand,special,539,High-Impact Frame,Reload Speed,1,Vault,false,false,false,8,28,,95,59,95,45,15,0,0,0,24,0,17,6,28,967,0,0,0,0,0,0,0,6,21,0,0,false,0,0,cassoid,,,High-Impact Frame*,Arrowhead Brake*,Hammer-Forged Rifling,Enhanced Battery*,Liquid Coils,Fragile Focus*,Threat Detector,Elemental Capacitor*,Wellspring,Wild Card*,Kill Tracker,Tier 1: Reload Speed*,,,,,,,
Nox Perennial V,2366022261,"""6917530195496987953""",,Legendary,3,Fusion Rifle,engram,KineticSlot,Strand,special,539,High-Impact Frame,Handling,1,Vault,false,false,false,8,28,,95,59,90,45,15,0,0,0,24,0,16,5,29,967,0,0,0,0,0,0,0,6,21,0,0,false,0,0,cassoid,,,High-Impact Frame*,Arrowhead Brake*,Chambered Compensator,Accelerated Coils*,Projection Fuse,Lead from Gold*,Loose Change,Controlled Burst*,Hatchling,Wild Card*,Kill Tracker,Tier 1: Handling*,,,,,,,
Nox Perennial V,2366022261,"""6917530196140319684""",,Legendary,3,Fusion Rifle,engram,KineticSlot,Strand,special,540,High-Impact Frame,Range,2,Warlock(504),false,false,false,8,28,,65,59,95,47,15,0,0,0,29,0,0,7,33,967,0,0,0,0,0,0,0,6,21,0,0,false,0,0,cassoid,,,High-Impact Frame*,Fluted Barrel*,Full Bore,Ionized Battery*,Particle Repeater,Envious Assassin*,Loose Change,Controlled Burst*,Kickstart,Wild Card*,Kill Tracker,Tier 2: Range*,,,,,,,
Nox Perennial V,2366022261,"""6917530197017007999""",,Legendary,5,Fusion Rifle,engram,KineticSlot,Strand,special,550,High-Impact Frame,Stability,5,Vault,false,false,false,8,28,,95,59,95,45,15,0,0,0,29,0,18,6,30,967,0,0,0,0,0,0,0,6,21,0,0,false,0,0,cassoid,,,High-Impact Frame*,Arrowhead Brake*,Corkscrew Rifling,Enhanced Battery*,Ionized Battery,Envious Assassin*,Threat Detector,Lead from Gold,Controlled Burst*,Kickstart,Wellspring,Wild Card*,Kill Tracker,Tier 5: Stability*,Triumphant Pulse*,,,,
Nox Perennial V,2366022261,"""6917530198005428584""",,Legendary,3,Fusion Rifle,engram,KineticSlot,Strand,special,540,High-Impact Frame,Charge Time,1,Vault,false,false,false,8,28,,65,59,100,55,15,0,0,0,24,0,16,5,18,964,0,0,0,0,0,0,0,6,21,0,0,false,0,0,cassoid,,,High-Impact Frame*,Hammer-Forged Rifling*,Polygonal Rifling,Liquid Coils*,Projection Fuse,Envious Assassin*,Under Pressure,Elemental Capacitor*,Controlled Burst,Wild Card*,Kill Tracker,Tier 1: Charge Time*,,,,,,,
Nox Sidereal IV,2875763009,"""6917530196262343938""",,Legendary,4,Fusion Rifle,monumentoftriumph,KineticSlot,Stasis,special,500,Aggressive Frame,Charge Time,3,Vault,false,false,false,8,28,,51,43,90,36,15,0,0,0,41,0,35,6,34,657,0,0,0,0,0,0,0,7,31,0,0,false,0,0,cassoid,,,Aggressive Frame*,Corkscrew Rifling*,Full Bore,Accelerated Coils*,Enhanced Battery,Clown Cartridge*,Demolitionist,Frenzy*,Adrenaline Junkie,Vanguard Determination*,Wild Card,Kill Tracker,Tier 3: Charge Time*,,,,,,
Null Composure,2150643740,"""6917530193954049983""",,Legendary,5,Fusion Rifle,monumentoftriumph,Energy,Void,special,450,Rapid-Fire Frame,Reload Speed,10,Vault,true,false,false,8,28,,55,38,55,40,16,0,0,0,46,0,75,8,66,516,0,0,0,0,0,0,0,4,55,0,0,false,0,1,,,,Rapid-Fire Frame*,Corkscrew Rifling*,Fluted Barrel,Enhanced Battery*,Ionized Battery,Reconstruction*,Reservoir Burst*,Problem Solver*,Vanguard Determination,Kill Tracker,Enhanced Reload*,Masterworked: Reload Speed*,,,,,,,
Null Composure,2150643740,"""6917530193959707527""",,Legendary,5,Fusion Rifle,monumentoftriumph,Energy,Void,special,465,Rapid-Fire Frame,Handling,3,Vault,false,false,false,8,28,,65,38,50,40,16,0,0,0,35,0,50,8,50,533,0,0,0,0,0,0,0,4,55,0,0,false,0,0,,,,Rapid-Fire Frame*,Extended Barrel*,Polygonal Rifling,Accelerated Coils*,Ionized Battery,Overflow*,Envious Arsenal,Successful Warm-Up,Reservoir Burst*,High-Impact Reserves,Controlled Burst,Problem Solver*,Vanguard Determination,Kill Tracker,Tier 3: Handling*,Triumphant Pulse*,,,
Null Composure,2150643740,"""6917530193965519479""",,Legendary,5,Fusion Rifle,monumentoftriumph,Energy,Void,special,468,Rapid-Fire Frame,Stability,4,Vault,false,false,false,8,28,,65,38,50,29,16,0,0,0,50,0,50,6,52,533,0,0,0,0,0,0,0,4,55,0,0,false,0,0,,,,Rapid-Fire Frame*,Chambered Compensator*,Fluted Barrel,Accelerated Coils*,Liquid Coils,Heating Up*,Reconstruction,Successful Warm-Up,High-Impact Reserves*,Controlled Burst,Master of Arms,Problem Solver*,Vanguard Determination,Kill Tracker,Tier 4: Stability*,Triumphant Pulse*,,,
Null Composure,2150643740,"""6917530193985748327""",,Legendary,5,Fusion Rifle,monumentoftriumph,Energy,Void,special,474,Rapid-Fire Frame,Range,3,Vault,false,false,false,8,28,,65,38,50,32,16,0,0,0,46,0,50,6,52,533,0,0,0,0,0,0,0,4,55,0,0,false,0,0,,,,Rapid-Fire Frame*,Chambered Compensator*,Smallbore,Accelerated Coils*,Ionized Battery,Feeding Frenzy*,Reconstruction,Successful Warm-Up,High-Impact Reserves*,Controlled Burst,Elemental Honing,Problem Solver*,Vanguard Determination,Kill Tracker,Tier 3: Range*,Triumphant Pulse*,,,
One Small Step,2527058296,"""6917530194224251090""",,Legendary,5,Shotgun,monumentoftriumph,KineticSlot,Stasis,special,477,Rapid-Fire Frame,Range,1,Vault,false,false,false,8,28,,60,68,65,43,12,0,0,0,37,140,72,8,40,0,0,0,0,0,0,0,0,2,53,0,0,false,0,0,,,,Rapid-Fire Frame*,Smoothbore*,Barrel Shroud,Tactical Mag*,Steady Rounds,Proximity Power*,Rimestealer,Grave Robber,One-Two Punch*,Trench Barrel,One for All,Loss*,Kill Tracker,Tier 1: Range*,Triumphant Pulse*,,,,
Ouster Engine,2223968549,"""6917530193961597745""",,Legendary,5,Grenade Launcher,monumentoftriumph,KineticSlot,Stasis,special,467,Area Denial Frame,Reload Speed,4,Vault,false,false,false,8,28,,92,72,0,0,13,100,82,0,33,72,78,1,74,0,0,0,0,0,0,0,0,3,88,0,0,false,0,0,suros,,,Area Denial Frame*,Countermass*,Linear Compensator,High-Velocity Rounds*,Implosion Rounds,Air Trigger*,Auto-Loading Holster,Blast Distributor,One for All*,Chaos Reshaped,Vorpal Weapon,Problem Solver*,Vanguard Determination,Suros Synergy,Kill Tracker,Tier 4: Reload Speed*,Triumphant Pulse*,,
Ouster Engine,2223968549,"""6917530193963484485""",,Legendary,5,Grenade Launcher,monumentoftriumph,KineticSlot,Stasis,special,467,Area Denial Frame,Reload Speed,3,Vault,false,false,false,8,28,,62,72,0,0,13,100,88,0,27,72,77,1,63,0,0,0,0,0,0,0,0,3,58,0,0,false,0,0,suros,,,Area Denial Frame*,Linear Compensator*,Smart Drift Control,High-Velocity Rounds*,Implosion Rounds,Auto-Loading Holster*,Rimestealer,Blast Distributor,One for All*,Chaos Reshaped,Vorpal Weapon,Problem Solver*,Vanguard Determination,Suros Synergy,Kill Tracker,Tier 3: Reload Speed*,Triumphant Pulse*,,
Ouster Engine,2223968549,"""6917530193977883748""",,Legendary,3,Grenade Launcher,monumentoftriumph,KineticSlot,Stasis,special,459,Area Denial Frame,Reload Speed,1,Vault,false,false,false,8,28,,62,72,0,0,13,100,71,0,37,72,74,1,63,0,0,0,0,0,0,0,0,3,58,0,0,false,0,0,suros,,,Area Denial Frame*,Confined Launch*,Smart Drift Control,High-Velocity Rounds*,Implosion Rounds,Auto-Loading Holster*,Envious Assassin,One for All*,Aggregate Charge,Problem Solver*,Vanguard Determination,Suros Synergy,Kill Tracker,Tier 1: Reload Speed*,,,,,
Ouster Engine,2223968549,"""6917530195073579785""",keep,Legendary,5,Grenade Launcher,monumentoftriumph,KineticSlot,Stasis,special,538,Area Denial Frame,Velocity,2,Vault,false,false,false,8,28,,62,72,0,0,13,100,80,0,22,72,74,1,58,0,0,0,0,0,0,0,0,3,58,0,0,false,0,0,suros,,,Area Denial Frame*,Volatile Launch*,Confined Launch,High-Velocity Rounds*,Implosion Rounds,Auto-Loading Holster*,Rimestealer,One for All*,Vorpal Weapon,Problem Solver*,Vanguard Determination,Suros Synergy,Kill Tracker,Tier 2: Velocity*,,,,,
Ouster Engine,2223968549,"""6917530196894341485""",,Legendary,5,Grenade Launcher,monumentoftriumph,KineticSlot,Stasis,special,550,Area Denial Frame,Reload Speed,1,Vault,false,false,false,8,28,,62,72,0,0,13,100,73,0,37,72,75,1,63,0,0,0,0,0,0,0,0,3,88,0,0,false,0,0,suros,,,Area Denial Frame*,Confined Launch*,Smart Drift Control,High-Velocity Rounds*,Implosion Rounds,Air Trigger*,Auto-Loading Holster,Envious Assassin,One for All*,Chaos Reshaped,Vorpal Weapon,Problem Solver*,Vanguard Determination,Suros Synergy,Kill Tracker,Tier 1: Reload Speed*,Triumphant Pulse*,,
Ouster Engine,2223968549,"""6917530197727034532""",,Legendary,5,Grenade Launcher,monumentoftriumph,KineticSlot,Stasis,special,550,Area Denial Frame,Blast Radius,1,Vault,false,false,false,8,28,,62,72,0,0,13,100,78,0,22,72,74,1,58,0,0,0,0,0,0,0,0,3,88,0,0,false,0,0,suros,,,Area Denial Frame*,Volatile Launch*,Linear Compensator,High-Velocity Rounds*,Implosion Rounds,Air Trigger*,Envious Assassin,Blast Distributor,One for All*,Aggregate Charge,Vorpal Weapon,Problem Solver*,Vanguard Determination,Suros Synergy,Kill Tracker,Tier 1: Blast Radius*,Triumphant Pulse*,,
Out of Bounds,2579239008,"""6917530193872787977""",,Legendary,5,Submachine Gun,crucible,Energy,Arc,primary,461,Lightweight Frame,Stability,10,Vault,false,false,false,8,28,,100,55,15,48,14,0,0,0,58,900,33,41,63,0,0,0,0,0,0,0,0,23,47,0,0,false,0,712,omolon,"00003:Alpha,PvP,Raid",,Lightweight Frame*,Extended Barrel*,Full Bore,Alloy Magazine*,High-Caliber Rounds,Subsistence,Voltshot*,Golden Tricorn Enhanced,Adrenaline Junkie*,Roar of Battle*,Omolon Fluid Dynamics,Kill Tracker,Freehand Grip*,Masterworked: Stability*,,,,,
Out of Bounds,2579239008,"""6917530197764976184""",,Legendary,5,Submachine Gun,crucible,Energy,Arc,primary,550,Lightweight Frame,Reload Speed,3,Vault,false,false,false,8,28,,100,55,15,39,14,0,0,0,54,900,31,41,63,0,0,0,0,0,0,0,0,23,47,0,0,false,0,0,omolon,,,Lightweight Frame*,Chambered Compensator*,Hammer-Forged Rifling,High-Caliber Rounds*,Flared Magwell,Subsistence*,Loose Change,Voltshot,Golden Tricorn Enhanced*,Rangefinder,Frenzy,Roar of Battle*,Omolon Fluid Dynamics,Kill Tracker,Tier 3: Reload Speed*,Triumphant Pulse*,,,
Outbreak Perfected,3824673936,"""6917530191177131222""",favorite,Exotic,0,Pulse Rifle,,KineticSlot,Kinetic,primary,310,The Corruption Spreads,,10,Vault,true,false,false,2,6,,100,65,27,64,17,0,0,0,50,450,45,35,30,0,0,0,0,0,0,0,0,29,54,0,0,crafted,7,754,,,,The Corruption Spreads*,Extended Barrel*,Accurized Rounds*,Outlaw*,Parasitism*,Fitted Stock*,Kill Tracker,,,,,,,,,,,,
Outrageous Fortune,4146673634,"""6917530197106635711""",,Legendary,5,Grenade Launcher,pinnacleops,Power,Solar,heavy,540,Rapid-Fire Frame,Blast Radius,1,Vault,false,false,false,8,27,,57,30,0,0,13,53,52,0,29,150,20,6,20,0,0,0,0,0,0,0,0,6,40,0,0,false,0,0,hakke,,,Rapid-Fire Frame*,Volatile Launch*,Linear Compensator,High-Explosive Ordnance*,High-Velocity Rounds,Impulse Amplifier*,Envious Arsenal,Stats for All,Full Court*,Bait and Switch,Binary Orbit,Problem Solver*,Vanguard Determination,Häkke Breach Armaments,Kill Tracker,Tier 1: Blast Radius*,Achronal Outrageous Fortune*,Sparks Everlasting*,
Oxygen SR3,4104613038,"""6917530196223636558""",,Legendary,5,Scout Rifle,monumentoftriumph,Energy,Solar,primary,550,Precision Frame,Range,4,Vault,false,false,false,8,28,,60,67,62,48,20,0,0,0,51,180,46,18,57,0,0,0,0,0,0,0,0,10,54,0,0,false,0,110,omolon,,,Precision Frame*,Fluted Barrel*,Smallbore,Appended Mag*,Flared Magwell,Heal Clip*,Pugilist,To the Pain,Meganeura*,Burning Ambition,One for All,Problem Solver*,Vanguard Determination,Omolon Fluid Dynamics,Kill Tracker,Tier 4: Range*,Infamous Oxygen SR3*,Roguish Bolts*,
Perfect Paradox,4108648762,"""6917530195830063475""",,Legendary,5,Shotgun,echoes,KineticSlot,Kinetic,special,550,Rapid-Fire Frame,Range,1,Vault,true,false,false,8,28,,61,70,65,41,12,0,0,0,50,140,75,8,43,0,0,0,0,0,0,0,0,2,54,0,0,false,0,0,,,,Rapid-Fire Frame*,Smallbore*,Corkscrew Rifling,Appended Mag,Tactical Mag*,Stopping Power,Pugilist*,One-Two Punch*,Ancillary Ordinance,Cast No Shadows*,Kill Tracker,Tier 1: Range*,,,,,,,
Perfect Paradox,4108648762,"""6917530196700535626""",,Legendary,5,Shotgun,echoes,KineticSlot,Kinetic,special,550,Rapid-Fire Frame,Stability,3,Vault,true,false,false,8,28,,61,70,65,49,12,0,0,0,45,140,75,8,43,0,0,0,0,0,0,0,0,2,54,0,0,false,0,0,,,,Rapid-Fire Frame*,Smoothbore*,Barrel Shroud,Appended Mag,Tactical Mag*,Slideshot,Bewildering Burst,Pugilist*,Trench Barrel,Swashbuckler,One-Two Punch*,Cast No Shadows*,Kill Tracker,Tier 3: Stability*,Triumphant Pulse*,,,,
Perfect Paradox,4108648762,"""6917530197896596623""",,Legendary,5,Shotgun,echoes,KineticSlot,Kinetic,special,550,Rapid-Fire Frame,Range,1,Vault,false,false,false,8,28,,61,70,65,50,12,0,0,0,42,140,75,8,43,0,0,0,0,0,0,0,0,2,54,0,0,false,0,0,,,,Rapid-Fire Frame*,Smoothbore*,Barrel Shroud,Tactical Mag*,Extended Mag,Bewildering Burst,Pugilist*,Threat Remover,Trench Barrel,Swashbuckler,One-Two Punch*,Cast No Shadows*,Kill Tracker,Tier 1: Range*,Triumphant Pulse*,,,,
Perfect Pitch,2191451996,"""6917530191876747736""",,Legendary,3,Submachine Gun,monumentoftriumph,Energy,Solar,primary,340,Precision Frame,Range,5,Vault,true,false,false,8,28,,100,54,25,67,15,0,0,0,39,600,18,30,10,0,0,0,0,0,0,0,0,15,21,0,0,false,0,0,,,,Precision Frame*,Extended Barrel*,Smallbore,Alloy Magazine*,Light Mag,Enlightened Action*,Discord,Rampage*,Target Lock,Vanguard Determination*,Kill Tracker,Tier 5: Range*,,,,,,,
Perfect Pitch,2191451996,"""6917530196957207707""",,Legendary,5,Submachine Gun,monumentoftriumph,Energy,Solar,primary,550,Precision Frame,Range,1,Vault,false,false,false,8,28,,93,54,25,65,15,0,0,0,39,600,0,34,20,0,0,0,0,0,0,0,0,25,21,0,0,false,0,0,,,,Precision Frame*,Hammer-Forged Rifling*,Smallbore,Extended Mag*,Appended Mag,Subsistence,Keep Away,Heal Clip*,Incandescent*,Harmony,Focused Fury,Vanguard Determination*,Kill Tracker,Tier 1: Range*,Triumphant Pulse*,,,,
Phyllotactic Spiral,3635821806,"""6917530194594699585""",,Legendary,0,Pulse Rifle,campaign,Energy,Arc,primary,500,High-Impact Frame,Reload Speed,1,Warlock(504),false,false,false,6,20,,90,31,33,68,18,0,0,0,44,340,13,37,16,0,0,0,0,0,0,0,0,26,48,0,0,false,0,0,,,,High-Impact Frame*,Extended Barrel*,Polygonal Rifling,Extended Mag*,Flared Magwell,Keep Away*,Elemental Capacitor*,Nanotech Tracer Missiles*,Kill Tracker,Tier 1: Reload Speed*,,,,,,,,,
Phyllotactic Spiral,3635821806,"""6917530195264125280""",,Legendary,0,Pulse Rifle,campaign,Energy,Arc,primary,532,High-Impact Frame,Handling,10,Vault,false,false,false,6,20,,90,31,33,58,18,0,0,0,54,340,32,37,31,0,0,0,0,0,0,0,0,16,48,0,0,false,0,260,,,,High-Impact Frame*,Chambered Compensator*,Extended Barrel,Alloy Magazine*,High-Caliber Rounds,Keep Away*,Voltshot*,Nanotech Tracer Missiles*,Kill Tracker,Backup Mag*,Masterworked: Handling*,,,,,,,,
Positive Outlook,1832481283,"""6917530195206570498""",,Legendary,5,Auto Rifle,,Energy,Void,primary,540,Precision Frame,Reload Speed,10,Vault,true,false,false,8,28,,66,26,29,75,16,0,0,0,53,450,63,33,56,0,0,0,0,0,0,0,0,10,59,0,0,false,0,0,omolon,,,Precision Frame*,Corkscrew Rifling*,Fluted Barrel,Alloy Magazine*,Armor-Piercing Rounds,Ambitious Assassin*,Repulsor Brace,Feeding Frenzy,Mega Kill Clip*,Dragonfly,Feeding Frenzy,Accelerated Assault*,Vanguard Determination,Omolon Fluid Dynamics,Kill Tracker,Masterworked: Reload Speed*,Triumphant Pulse*,,
Positive Outlook,1832481283,"""6917530195228801309""",,Legendary,5,Auto Rifle,,Energy,Void,primary,543,Precision Frame,Range,10,Vault,false,false,false,8,28,,66,26,29,94,16,0,0,0,38,450,30,39,47,0,0,0,0,0,0,0,0,20,59,0,0,false,0,0,omolon,,,Precision Frame*,Full Bore*,Smallbore,Extended Mag*,Armor-Piercing Rounds,Dynamic Sway Reduction*,Feeding Frenzy,Dragonfly*,Target Lock,Accelerated Assault*,Vanguard Determination,Omolon Fluid Dynamics,Kill Tracker,Masterworked: Range*,,,,,
Positive Outlook,1832481283,"""6917530195231012818""",,Legendary,5,Auto Rifle,,Energy,Void,primary,543,Precision Frame,Range,10,Vault,false,false,false,8,28,,66,26,29,94,16,0,0,0,43,450,50,37,47,0,0,0,0,0,0,0,0,10,59,0,0,false,0,0,omolon,,,Precision Frame*,Full Bore*,Hammer-Forged Rifling,Appended Mag*,Ricochet Rounds,Zen Moment*,Dynamic Sway Reduction,Destabilizing Rounds*,Target Lock,Accelerated Assault*,Vanguard Determination,Omolon Fluid Dynamics,Kill Tracker,Masterworked: Range*,,,,,
Positive Outlook,3625635456,"""6917530195873065291""",,Legendary,5,Auto Rifle,monumentoftriumph,Energy,Void,primary,550,Precision Frame,Range,1,Vault,true,false,false,8,28,,66,26,29,65,16,0,0,0,53,450,25,39,62,0,0,0,0,0,0,0,0,20,59,0,0,false,0,0,omolon,,,Precision Frame*,Fluted Barrel*,Hammer-Forged Rifling,Extended Mag*,Flared Magwell,Zen Moment*,Dynamic Sway Reduction,Ambitious Assassin,Destabilizing Rounds*,Dragonfly,Tap the Trigger,Vanguard Determination*,Omolon Fluid Dynamics,Kill Tracker,Tier 1: Range*,Triumphant Pulse*,,,
Positive Outlook,3625635456,"""6917530197606041835""",,Legendary,3,Auto Rifle,monumentoftriumph,Energy,Void,primary,550,Precision Frame,Reload Speed,2,Vault,true,false,false,8,28,,66,26,29,69,16,0,0,0,47,450,50,37,51,0,0,0,0,0,0,0,0,10,59,0,0,false,0,0,omolon,,,Precision Frame*,Corkscrew Rifling*,Fluted Barrel,Appended Mag*,Flared Magwell,Ambitious Assassin*,Repulsor Brace,Destabilizing Rounds*,Mega Kill Clip,Vanguard Determination*,Omolon Fluid Dynamics,Kill Tracker,Tier 2: Reload Speed*,,,,,,
Praxic Blade,3049715579,"""6917530193456670278""",,Exotic,0,Sword,renegades,KineticSlot,Kinetic,special,511,Ranged Weapon,,10,Vault,false,false,false,8,28,,0,0,85,0,0,0,0,0,0,0,0,63,0,0,0,0,86,16,10,80,0,0,0,0,0,false,0,3078,,"00003:Alpha,PvP,Raid",,Ranged Weapon*,Fencing Tang*,Offensive Grip*,Cormorant Reversal*,Kill Tracker,Cormorant Combo*,Energy Conduit*,Dark Matter Crystal: Blue*,Invigorating Blade*,Offensive Form*,Gyro Core*,,,,,,,,
Praxic Blade,3049715579,"""6917530194699103561""",,Exotic,0,Sword,renegades,KineticSlot,Kinetic,special,550,Ranged Weapon,,10,Vault,true,false,false,8,28,,0,0,85,0,0,0,0,0,0,0,0,63,0,0,0,0,86,16,10,80,0,0,0,0,0,false,0,2732,,00001:Stasis,,Ranged Weapon*,Fencing Tang*,Offensive Grip*,Cormorant Reversal*,Kill Tracker,Cormorant Combo*,Hyperblade*,Dark Matter Crystal: Warmind*,Invigorating Blade*,Offensive Form*,Impact Core*,,,,,,,,
Precipial,367772693,"""6917530195353118090""",,Legendary,2,Shotgun,kepler,Energy,Void,special,548,Precision Frame,Reload Speed,3,Vault,false,false,false,8,27,,75,70,70,78,12,0,0,0,50,65,21,6,26,0,0,0,0,0,0,0,0,14,45,0,0,false,0,0,,,,Precision Frame*,Rifled Barrel*,Smoothbore,Extended Mag*,Light Mag,One-Two Punch*,Vorpal Weapon*,Exhaustive Research*,Kill Tracker,Tier 3: Reload Speed*,,,,,,,,,
Precipial,367772693,"""6917530195413394862""",infuse,Legendary,2,Shotgun,kepler,Energy,Void,special,550,Precision Frame,Handling,4,Vault,false,false,false,8,27,,75,70,70,83,12,0,0,0,45,65,38,6,45,0,0,0,0,0,0,0,0,4,45,0,0,false,0,0,,,,Precision Frame*,Smoothbore*,Smallbore,Appended Mag*,Steady Rounds,Proximity Power*,Swashbuckler*,Exhaustive Research*,Kill Tracker,Tier 4: Handling*,,,,,,,,,
Premonition,1969802090,"""6917530194230548934""",,Legendary,3,Pulse Rifle,dungeon,Energy,Void,primary,477,High-Impact Frame,Range,1,Vault,false,false,false,8,28,,77,37,33,66,18,0,0,0,55,340,40,28,38,0,0,0,0,0,0,0,0,10,53,0,0,false,0,0,,,,High-Impact Frame*,Corkscrew Rifling*,Smallbore,Alloy Magazine*,High-Caliber Rounds,Firefly*,Rapid Hit,Desperado*,Meganeura,Loss*,Kill Tracker,Tier 1: Range*,,,,,,,
Pro Memoria,3605603507,"""6917530193862451099""",,Legendary,0,Machine Gun,paleheart,Power,Strand,heavy,540,Aggressive Frame,Stability,10,Vault,false,false,false,7,24,,79,46,33,45,17,0,0,0,70,600,60,64,60,0,0,0,0,0,0,0,0,15,45,0,0,false,0,313,,,,Aggressive Frame*,Fluted Barrel*,Smallbore,Flared Magwell*,Light Mag,Reconstruction*,Frenzy*,Dealer's Choice*,Kill Tracker,Masterworked: Stability*,,,,,,,,,
Prolonged Engagement,2624561525,"""6917530194010750825""",,Legendary,2,Submachine Gun,monumentoftriumph,KineticSlot,Stasis,primary,462,Lightweight Frame,Range,4,Vault,true,false,false,8,28,,100,55,15,29,14,0,0,0,46,900,9,45,78,0,0,0,0,0,0,0,0,31,60,0,0,false,0,0,veist,,,Lightweight Frame*,Arrowhead Brake*,Extended Barrel,Extended Mag*,High-Caliber Rounds,Subsistence*,Headstone*,Vanguard Determination*,Veist Stinger,Kill Tracker,Tier 4: Range*,,,,,,,,
Prolonged Engagement,2624561525,"""6917530194045270163""",,Legendary,3,Submachine Gun,monumentoftriumph,KineticSlot,Stasis,primary,482,Lightweight Frame,Reload Speed,1,Vault,true,false,false,8,28,,95,55,15,25,14,0,0,0,56,900,10,45,63,0,0,0,0,0,0,0,0,31,60,0,0,false,0,0,veist,,,Lightweight Frame*,Chambered Compensator*,Full Bore,Extended Mag*,Appended Mag,Outlaw*,Dynamic Sway Reduction,Headstone*,Tap the Trigger,Vanguard Determination*,Veist Stinger,Kill Tracker,Tier 1: Reload Speed*,,,,,,
Prolonged Engagement,2624561525,"""6917530194431003003""",,Legendary,5,Submachine Gun,monumentoftriumph,KineticSlot,Stasis,primary,502,Lightweight Frame,Reload Speed,10,Warlock(504),false,true,false,8,28,,100,55,15,30,14,0,0,0,51,900,26,45,85,0,0,0,0,0,0,0,0,31,60,0,0,false,0,240,veist,,,Lightweight Frame*,Arrowhead Brake*,Polygonal Rifling,Extended Mag*,Flared Magwell,Outlaw*,Proximity Power,Headstone*,Desperate Measures,Vanguard Determination*,Veist Stinger,Kill Tracker,Freehand Grip*,Masterworked: Reload Speed*,,,,,
Prolonged Engagement,2624561525,"""6917530196872231839""",,Legendary,3,Submachine Gun,monumentoftriumph,KineticSlot,Stasis,primary,540,Lightweight Frame,Range,2,Vault,true,false,false,8,28,,95,55,15,37,14,0,0,0,46,900,29,41,58,0,0,0,0,0,0,0,0,21,60,0,0,false,0,0,veist,,,Lightweight Frame*,Extended Barrel*,Hammer-Forged Rifling,Alloy Magazine*,Ricochet Rounds,Outlaw*,Perpetual Motion,Headstone*,Perfect Float,Vanguard Determination*,Veist Stinger,Kill Tracker,Tier 2: Range*,,,,,,
Prolonged Engagement,2624561525,"""6917530196894336376""",,Legendary,5,Submachine Gun,monumentoftriumph,KineticSlot,Stasis,primary,550,Lightweight Frame,Handling,1,Vault,true,false,false,8,28,,100,55,15,25,14,0,0,0,46,900,29,41,81,0,0,0,0,0,0,0,0,21,60,0,0,false,0,0,veist,,,Lightweight Frame*,Arrowhead Brake*,Smallbore,Alloy Magazine*,Armor-Piercing Rounds,Subsistence*,Perpetual Motion,Dynamic Sway Reduction,Headstone*,Perfect Float,Tap the Trigger,Vanguard Determination*,Veist Stinger,Kill Tracker,Tier 1: Handling*,Triumphant Pulse*,,,
Prometheus Lens,19024058,"""6917530193848727564""",,Exotic,0,Trace Rifle,,Energy,Solar,special,540,Prismatic Inferno,,10,Vault,true,false,false,1,2,,100,100,6,70,16,0,0,0,60,1000,40,100,35,0,0,0,0,0,0,0,0,16,100,0,0,false,0,762,,"00002:Support,Support",,Prismatic Inferno*,Chambered Compensator*,Projection Fuse*,Flame Refraction*,Composite Stock*,Kill Tracker,,,,,,,,,,,,,
Prosecutor,1091550016,"""6917530196820715195""",,Legendary,5,Auto Rifle,dungeon,Energy,Arc,primary,550,Precision Frame,Reload Speed,3,Vault,false,false,false,8,28,,79,34,29,60,16,0,0,0,53,450,30,38,42,0,0,0,0,0,0,0,0,20,60,0,0,false,0,0,,,,Precision Frame*,Chambered Compensator*,Smallbore,Extended Mag*,Ricochet Rounds,Dragonfly*,Eddy Current,Light Touch,Voltshot*,Onslaught,Sword Logic,Crossing Over*,Kill Tracker,Tier 3: Reload Speed*,Triumphant Pulse*,,,,
Psi Aeterna IV,3556730800,"""6917530193627462242""",,Legendary,4,Pulse Rifle,monumentoftriumph,Energy,Arc,special,300,Micro-Missile Frame,Stability,1,Titan(542),false,false,false,8,28,,100,68,0,0,20,68,63,0,63,200,41,5,37,0,0,0,0,0,0,0,0,20,11,0,0,false,0,0,cassoid,,,Micro-Missile Frame*,Countermass*,Quick Launch,Tactical Mag*,Alloy Magazine,Stats for All*,Trickle Charge,Jolting Feedback*,One for All,Vanguard Determination*,Wild Card,Kill Tracker,Tier 1: Stability*,,,,,,
Psi Aeterna IV,3556730800,"""6917530193631348589""",,Legendary,4,Pulse Rifle,monumentoftriumph,Energy,Arc,special,300,Micro-Missile Frame,Blast Radius,4,Warlock(504),false,false,false,8,28,,71,68,0,0,20,83,54,0,60,200,32,6,26,0,0,0,0,0,0,0,0,20,11,0,0,false,0,0,cassoid,,,Micro-Missile Frame*,Confined Launch*,Smart Drift Control,Appended Mag*,Extended Mag,Beacon Rounds*,Trickle Charge,Collective Pugilism*,Elemental Honing,Vanguard Determination*,Wild Card,Kill Tracker,Tier 4: Blast Radius*,,,,,,
Psi Aeterna IV,3556730800,"""6917530193635343444""",,Legendary,4,Pulse Rifle,monumentoftriumph,Energy,Arc,special,300,Micro-Missile Frame,Blast Radius,1,Titan(542),false,false,false,8,28,,71,68,0,0,20,80,54,0,66,200,41,5,26,0,0,0,0,0,0,0,0,20,11,0,0,false,0,0,cassoid,,,Micro-Missile Frame*,Confined Launch*,Countermass,Tactical Mag*,Flared Magwell,Blast Distributor*,Trickle Charge,Jolting Feedback*,Rolling Storm,Vanguard Determination*,Wild Card,Kill Tracker,Tier 1: Blast Radius*,,,,,,
Punching Out,1469372193,"""6917530195204849114""",,Legendary,3,Sidearm,monumentoftriumph,Energy,Solar,primary,527,Rapid-Fire Frame,Reload Speed,3,Vault,true,false,false,8,28,,98,56,35,21,12,0,0,0,73,450,26,20,47,0,0,0,0,0,0,0,0,22,65,0,0,false,0,0,suros,,,Rapid-Fire Frame*,Chambered Compensator*,Full Bore,Extended Mag*,Appended Mag,Overflow*,Demolitionist,Kill Clip*,Adrenaline Junkie,Vanguard Determination*,Suros Synergy,Kill Tracker,Tier 3: Reload Speed*,,,,,,
Punching Out,1469372193,"""6917530196090198800""",,Legendary,5,Sidearm,monumentoftriumph,Energy,Solar,primary,550,Rapid-Fire Frame,Stability,1,Vault,true,false,false,8,28,,100,56,35,21,12,0,0,0,64,450,25,20,64,0,0,0,0,0,0,0,0,22,65,0,0,false,0,0,suros,,,Rapid-Fire Frame*,Arrowhead Brake*,Fluted Barrel,Extended Mag*,Flared Magwell,Overflow*,Subsistence,Rangefinder,Kill Clip*,Meganeura,Incandescent,Vanguard Determination*,Suros Synergy,Kill Tracker,Tier 1: Stability*,Triumphant Pulse*,,,
Python,4276696962,"""6917530194321898185""",keep,Legendary,5,Shotgun,gambit,Energy,Void,special,492,Aggressive Frame,Range,4,Vault,true,false,false,8,28,,60,37,80,40,12,0,0,0,40,60,36,4,13,0,0,0,0,0,0,0,0,2,37,0,0,false,0,7,,,,Aggressive Frame*,Rifled Barrel*,Smallbore,Assault Mag*,Steady Rounds,Slideshot*,Overflow,Pugilist,Opening Shot*,One-Two Punch,Swashbuckler,Gun and Run*,Kill Tracker,Tier 4: Range*,Triumphant Pulse*,,,,
Python,4276696962,"""6917530194326116950""",infuse,Legendary,5,Shotgun,gambit,Energy,Void,special,492,Aggressive Frame,Reload Speed,1,Vault,true,false,false,8,28,,60,37,80,42,12,0,0,0,30,55,48,5,27,0,0,0,0,0,0,0,0,2,37,0,0,false,0,0,,,,Aggressive Frame*,Smoothbore*,Full Choke,Tactical Mag*,Accurized Rounds,Threat Detector*,Dimensional Shift,Loose Change,Opening Shot*,Trench Barrel,Swashbuckler,Gun and Run*,Kill Tracker,Tier 1: Reload Speed*,Triumphant Pulse*,,,,
Python,4276696962,"""6917530194328020240""",infuse,Legendary,5,Shotgun,gambit,Energy,Void,special,492,Aggressive Frame,Range,1,Vault,true,false,false,8,28,,60,37,80,43,12,0,0,0,24,55,38,5,27,0,0,0,0,0,0,0,0,2,37,0,0,false,0,0,,,,Aggressive Frame*,Smoothbore*,Corkscrew Rifling,Appended Mag*,Tactical Mag,Slideshot*,Overflow,Pugilist,Opening Shot*,One-Two Punch,Swashbuckler,Gun and Run*,Kill Tracker,Tier 1: Range*,Triumphant Pulse*,,,,
Python,4276696962,"""6917530194335029986""",keep,Legendary,5,Shotgun,gambit,Energy,Void,special,495,Aggressive Frame,Range,1,Vault,true,false,false,8,28,,60,37,80,43,12,0,0,0,24,55,38,5,27,0,0,0,0,0,0,0,0,2,37,0,0,false,0,0,,,,Aggressive Frame*,Smoothbore*,Full Choke,Appended Mag*,Light Mag,Slideshot*,Overflow,Pugilist,Opening Shot*,Destabilizing Rounds,Harmony,Gun and Run*,Kill Tracker,Tier 1: Range*,Triumphant Pulse*,,,,
Python,4276696962,"""6917530194349991753""",keep,Legendary,5,Shotgun,gambit,Energy,Void,special,500,Aggressive Frame,Handling,2,Vault,true,false,false,8,28,,60,37,80,25,12,0,0,0,51,60,36,4,40,0,0,0,0,0,0,0,0,2,37,0,0,false,0,0,,,,Aggressive Frame*,Barrel Shroud*,Corkscrew Rifling,Assault Mag*,Tactical Mag,Slideshot*,Dimensional Shift,Pugilist,Opening Shot*,Destabilizing Rounds,Trench Barrel,Gun and Run*,Kill Tracker,Tier 2: Handling*,Triumphant Pulse*,,,,
Qua Vinctus IV,337893613,"""6917530193574019123""",,Legendary,5,Machine Gun,monumentoftriumph,Power,Strand,heavy,441,High-Impact Frame,Stability,1,Vault,false,false,false,8,28,,59,32,70,78,16,0,0,0,27,360,31,48,38,0,0,0,0,0,0,0,0,14,38,0,0,false,0,87,cassoid,00001:Strand,,High-Impact Frame*,Corkscrew Rifling*,Extended Barrel,Accurized Rounds*,Steady Rounds,Slice*,Demolitionist,Transcendent Moment,Killing Tally*,Tear,Meganeura,Roar of Battle*,Wild Card,Kill Tracker,Tier 1: Stability*,Infamous Qua Vinctus IV*,Roguish Bolts*,,
Quicksilver Storm,4293613902,"""6917530189718314387""",,Exotic,0,Auto Rifle,deluxe,KineticSlot,Strand,primary,442,Missile Tracers,,10,Vault,true,false,false,5,18,,88,83,18,50,16,0,0,0,100,720,54,50,53,0,0,0,0,0,0,0,0,26,59,0,0,false,0,1792,,,,Missile Tracers*,Corkscrew Rifling*,High-Caliber Rounds*,Grenade Chaser*,Hand-Laid Stock*,Kill Tracker,Quicksilver Storm Catalyst*,,,,,,,,,,,,
Rapacious Appetite,1081724548,"""6917530194257076153""",,Legendary,0,Submachine Gun,dungeon,KineticSlot,Stasis,primary,478,Aggressive Frame,Reload Speed,3,Vault,false,false,false,6,21,,94,27,22,48,14,0,0,0,11,720,5,34,58,0,0,0,0,0,0,0,0,28,34,0,0,false,0,0,,,,Aggressive Frame*,Corkscrew Rifling*,Polygonal Rifling,Extended Mag*,Light Mag,Fourth Time's the Charm*,One for All*,Kill Tracker,Unsated Hunger*,Tier 3: Reload Speed*,,,,,,,,,
Rapid Growth,3856342856,"""6917530194914396560""",,Legendary,5,Sniper Rifle,,Energy,Arc,special,511,Rapid-Fire Frame,Reload Speed,3,Vault,true,false,false,8,28,,81,69,55,32,35,0,0,0,36,140,40,7,77,0,0,0,0,0,0,0,0,13,45,0,0,false,0,0,hakke,,,Rapid-Fire Frame*,Arrowhead Brake*,Extended Barrel,Extended Mag*,Flared Magwell,Trickle Charge*,Keep Away,Snapshot Sights,Gear Shift*,Meganeura,Closing Time,Dream Work*,Häkke Breach Armaments,Kill Tracker,Tier 3: Reload Speed*,Triumphant Pulse*,,,
Rapid Growth,3856342856,"""6917530194916677578""",,Legendary,5,Sniper Rifle,,Energy,Arc,special,511,Rapid-Fire Frame,Handling,1,Vault,true,false,false,8,28,,51,69,55,47,35,0,0,0,27,140,57,7,62,0,0,0,0,0,0,0,0,3,45,0,0,false,0,0,hakke,,,Rapid-Fire Frame*,Full Bore*,Polygonal Rifling,Appended Mag*,Steady Rounds,Supercharged Magazine*,Trickle Charge,Keep Away,Gear Shift*,Closing Time,Binary Orbit,Dream Work*,Häkke Breach Armaments,Kill Tracker,Tier 1: Handling*,Triumphant Pulse*,,,
Rapid Growth,3856342856,"""6917530194916677906""",,Legendary,5,Sniper Rifle,,Energy,Arc,special,511,Rapid-Fire Frame,Handling,1,Vault,true,false,false,8,28,,51,69,55,47,35,0,0,0,33,140,66,7,62,0,0,0,0,0,0,0,0,3,45,0,0,false,0,0,hakke,,,Rapid-Fire Frame*,Full Bore*,Smallbore,Tactical Mag*,Alloy Magazine,Trickle Charge*,Light Touch,Snapshot Sights,Gear Shift*,Meganeura,Closing Time,Dream Work*,Häkke Breach Armaments,Kill Tracker,Tier 1: Handling*,Triumphant Pulse*,,,
Rapid Growth,3856342856,"""6917530194916678291""",,Legendary,5,Sniper Rifle,,Energy,Arc,special,511,Rapid-Fire Frame,Handling,2,Vault,true,false,false,8,28,,81,69,55,44,35,0,0,0,36,140,55,6,79,0,0,0,0,0,0,0,0,3,45,0,0,false,0,0,hakke,,,Rapid-Fire Frame*,Arrowhead Brake*,Polygonal Rifling,Accurized Rounds*,Flared Magwell,Trickle Charge*,Fourth Time's the Charm,Light Touch,Rolling Storm*,Aggregate Charge,Binary Orbit,Dream Work*,Häkke Breach Armaments,Kill Tracker,Tier 2: Handling*,Triumphant Pulse*,,,
Reckless Endangerment,3085559077,"""6917530192020423600""",,Legendary,4,Shotgun,monumentoftriumph,KineticSlot,Kinetic,special,356,Lightweight Frame,Handling,5,Vault,true,false,false,8,28,,60,50,65,50,12,0,0,0,48,80,41,7,70,0,0,0,0,0,0,0,0,13,26,0,0,false,0,0,,,,Lightweight Frame*,Smallbore*,Full Choke,Extended Mag*,Light Mag,Perpetual Motion*,Grave Robber,Snapshot Sights*,Offhand Strike,Vanguard Determination*,Kill Tracker,Tier 5: Handling*,,,,,,,
Reckless Endangerment,3085559077,"""6917530194828592971""",infuse,Legendary,5,Shotgun,monumentoftriumph,KineticSlot,Kinetic,special,516,Lightweight Frame,Stability,3,Vault,false,false,false,8,28,,60,50,65,53,12,0,0,0,43,80,61,7,51,0,0,0,0,0,0,0,0,3,26,0,0,false,0,0,,,,Lightweight Frame*,Rifled Barrel*,Full Choke,Appended Mag*,Extended Mag,Steady Hands*,Grave Robber,Barrel Constrictor,Snapshot Sights*,All-Star,Offhand Strike,Vanguard Determination*,Kill Tracker,Tier 3: Stability*,Triumphant Pulse*,,,,
Reckless Endangerment,3085559077,"""6917530198282539359""",,Legendary,4,Shotgun,monumentoftriumph,KineticSlot,Kinetic,special,550,Lightweight Frame,Reload Speed,1,Vault,false,false,false,8,28,,60,50,65,50,12,0,0,0,59,95,60,6,65,0,0,0,0,0,0,0,0,3,26,0,0,false,0,0,,,,Lightweight Frame*,Smallbore*,Full Choke,Assault Mag*,Accurized Rounds,Perpetual Motion*,Grave Robber,Swashbuckler*,Binary Orbit,Vanguard Determination*,Kill Tracker,Tier 1: Reload Speed*,,,,,,,
Reckless Oracle,4158265643,"""6917530197648208921""",,Legendary,3,Auto Rifle,pantheon,Energy,Void,primary,550,Rapid-Fire Frame,Stability,1,Vault,false,false,false,8,28,,59,75,18,31,16,0,0,0,62,720,55,57,47,0,0,0,0,0,0,0,0,10,54,0,0,false,0,0,,,,Rapid-Fire Frame*,Corkscrew Rifling*,Smallbore,Appended Mag*,Ricochet Rounds,Destabilizing Rounds*,Dimensional Shift,Chaos Reshaped*,Withering Gaze,Elliptical Orbit*,Photoinhibition,Kill Tracker,Tier 1: Stability*,,,,,,
Reckless Oracle,4158265643,"""6917530197648212180""",,Legendary,5,Auto Rifle,pantheon,Energy,Void,primary,550,Rapid-Fire Frame,Handling,2,Vault,true,false,false,8,28,,59,75,18,38,16,0,0,0,73,720,55,50,49,0,0,0,0,0,0,0,0,10,54,0,0,false,0,0,,,,Rapid-Fire Frame*,Corkscrew Rifling*,Full Bore,Ricochet Rounds*,Flared Magwell,Destabilizing Rounds*,Keep Away,Fourth Time's the Charm,Paracausal Affinity*,Chaos Reshaped,Swashbuckler,Elliptical Orbit*,Photoinhibition,Kill Tracker,Tier 2: Handling*,Triumphant Pulse*,,,
Reckless Oracle,4158265643,"""6917530197648212306""",,Legendary,3,Auto Rifle,pantheon,Energy,Void,primary,550,Rapid-Fire Frame,Reload Speed,2,Vault,false,false,false,8,28,,59,75,18,41,16,0,0,0,46,720,57,57,37,0,0,0,0,0,0,0,0,10,54,0,0,false,0,0,,,,Rapid-Fire Frame*,Full Bore*,Hammer-Forged Rifling,Appended Mag*,Ricochet Rounds,Keep Away*,Fourth Time's the Charm,Withering Gaze*,Kill Clip,Elliptical Orbit*,Photoinhibition,Kill Tracker,Tier 2: Reload Speed*,,,,,,
Reckless Oracle,4158265643,"""6917530197757274236""",,Legendary,5,Auto Rifle,pantheon,Energy,Void,primary,550,Rapid-Fire Frame,Reload Speed,1,Vault,true,false,false,8,28,,59,75,18,44,16,0,0,0,67,720,56,50,42,0,0,0,0,0,0,0,0,10,54,0,0,false,0,123,,,,Rapid-Fire Frame*,Hammer-Forged Rifling*,Smallbore,Ricochet Rounds*,Flared Magwell,Destabilizing Rounds*,Proximity Power,Fourth Time's the Charm,One for All*,Withering Gaze,Kill Clip,Elliptical Orbit*,Photoinhibition,Kill Tracker,Tier 1: Reload Speed*,Triumphant Pulse*,,,
Reckless Oracle,4158265643,"""6917530197762902173""",,Legendary,5,Auto Rifle,pantheon,Energy,Void,primary,550,Rapid-Fire Frame,Range,10,Vault,true,false,false,8,28,,89,75,18,41,16,0,0,0,61,720,60,50,69,0,0,0,0,0,0,0,0,10,54,0,0,false,0,93,,00001:Strike,,Rapid-Fire Frame*,Arrowhead Brake*,Smallbore,Alloy Magazine*,Light Mag,Destabilizing Rounds*,Dimensional Shift,Repulsor Brace*,Swashbuckler,Elliptical Orbit*,Photoinhibition,Kill Tracker,Enhanced Handling*,Masterworked: Range*,,,,,
Red Tape,736362511,"""6917530192785585319""",,Legendary,3,Scout Rifle,monumentoftriumph,KineticSlot,Stasis,primary,378,Lightweight Frame,Range,1,Vault,true,false,false,8,28,,56,69,60,38,20,0,0,0,43,200,62,16,69,0,0,0,0,0,0,0,0,16,53,0,0,false,0,0,,,,Lightweight Frame*,Corkscrew Rifling*,Fluted Barrel,Tactical Mag*,Flared Magwell,Rimestealer*,Fourth Time's the Charm,Headstone*,Explosive Payload,Dark Ether Reaper*,Kill Tracker,Tier 1: Range*,,,,,,,
Red Tape,736362511,"""6917530196121943332""",,Legendary,5,Scout Rifle,monumentoftriumph,KineticSlot,Stasis,primary,540,Lightweight Frame,Handling,10,Titan(542),true,false,false,8,28,,56,69,60,50,20,0,0,0,57,200,73,15,84,0,0,0,0,0,0,0,0,16,53,0,0,false,0,934,,,,Lightweight Frame*,Corkscrew Rifling*,Full Bore,Appended Mag,Flared Magwell*,Attrition Orbs,Demolitionist*,Headstone*,Explosive Payload,Dark Ether Reaper*,Kill Tracker,Ballistics*,Masterworked: Handling*,,,,,,
Red Tape,736362511,"""6917530196121949528""",,Legendary,4,Scout Rifle,monumentoftriumph,KineticSlot,Stasis,primary,300,Lightweight Frame,Handling,1,Titan(542),true,false,false,8,28,,66,69,60,44,20,0,0,0,44,200,52,15,61,0,0,0,0,0,0,0,0,16,53,0,0,false,0,0,,,,Lightweight Frame*,Chambered Compensator*,Hammer-Forged Rifling,Accurized Rounds*,Extended Mag,Keep Away*,Fourth Time's the Charm,Headstone*,One for All,Dark Ether Reaper*,Kill Tracker,Tier 1: Handling*,,,,,,,
Red Tape,736362511,"""6917530196692526155""",,Legendary,3,Scout Rifle,monumentoftriumph,KineticSlot,Stasis,primary,540,Lightweight Frame,Stability,1,Vault,true,false,false,8,28,,56,69,60,47,20,0,0,0,39,200,52,15,69,0,0,0,0,0,0,0,0,16,53,0,0,false,0,0,,,,Lightweight Frame*,Corkscrew Rifling*,Full Bore,Accurized Rounds*,Alloy Magazine,Closing Time*,Lone Wolf,Headstone*,Adrenaline Junkie,Dark Ether Reaper*,Kill Tracker,Tier 1: Stability*,,,,,,,
Refurbished A499,3661051060,"""6917530193448726116""",,Legendary,3,Sniper Rifle,monumentoftriumph,Power,Kinetic,heavy,520,Disruption Weapon [Shield-Piercing],Range,10,Vault,false,false,false,8,28,,49,14,100,99,22,0,0,0,45,72,29,1,33,0,0,0,0,0,0,0,0,90,26,0,0,false,0,197,,,,Disruption Weapon [Shield-Piercing]*,Corkscrew Rifling*,Hammer-Forged Rifling,Accurized Rounds,Flared Magwell*,Snapshot Sights*,Lone Wolf,Ancillary Ordinance,Auto-Loading Holster*,Air-Cooled Core*,Kill Tracker,Enhanced Range*,Masterworked: Range*,,,,,,
Refurbished A499,3661051060,"""6917530194894565129""",,Legendary,4,Sniper Rifle,monumentoftriumph,Power,Kinetic,heavy,506,Disruption Weapon [Shield-Piercing],Stability,2,Vault,false,false,false,8,28,,49,14,100,98,22,0,0,0,20,72,11,1,21,0,0,0,0,0,0,0,0,90,26,0,0,false,0,0,,,,Disruption Weapon [Shield-Piercing]*,Full Bore*,Polygonal Rifling,Accurized Rounds*,Flared Magwell,Bewildering Burst*,Snapshot Sights,Ancillary Ordinance*,Aggregate Charge,Air-Cooled Core*,Kill Tracker,Tier 2: Stability*,,,,,,,
Refurbished A499,3661051060,"""6917530194896264993""",,Legendary,3,Sniper Rifle,monumentoftriumph,Power,Kinetic,heavy,508,Disruption Weapon [Shield-Piercing],Range,3,Vault,false,false,false,8,28,,79,14,100,74,22,0,0,0,32,72,26,1,35,0,0,0,0,0,0,0,0,90,26,0,0,false,0,0,,,,Disruption Weapon [Shield-Piercing]*,Arrowhead Brake*,Hammer-Forged Rifling,Flared Magwell*,Light Mag,Bewildering Burst*,Moving Target,Ancillary Ordinance*,Box Breathing,Air-Cooled Core*,Kill Tracker,Tier 3: Range*,,,,,,,
Refurbished A499,3661051060,"""6917530194906398241""",,Legendary,5,Sniper Rifle,monumentoftriumph,Power,Kinetic,heavy,549,Disruption Weapon [Shield-Piercing],Stability,10,Vault,true,false,false,8,28,,79,14,100,86,22,0,0,0,48,72,32,1,42,0,0,0,0,0,0,0,0,90,26,0,0,false,0,127,,,,Disruption Weapon [Shield-Piercing]*,Arrowhead Brake*,Polygonal Rifling,Accurized Rounds,Flared Magwell*,Gutshot Straight*,Moving Target,Aggregate Charge*,Auto-Loading Holster,Air-Cooled Core*,Kill Tracker,Enhanced Range*,Masterworked: Stability*,,,,,,
Refurbished A499,3661051060,"""6917530194918677998""",,Legendary,4,Sniper Rifle,monumentoftriumph,Power,Kinetic,heavy,511,Disruption Weapon [Shield-Piercing],Reload Speed,1,Vault,false,false,false,8,28,,49,14,100,79,22,0,0,0,43,72,12,1,25,0,0,0,0,0,0,0,0,97,26,0,0,false,0,0,,,,Disruption Weapon [Shield-Piercing]*,Hammer-Forged Rifling*,Smallbore,Steady Rounds*,Light Mag,Outlaw*,No Distractions,Envious Assassin*,Ancillary Ordinance,Air-Cooled Core*,Kill Tracker,Tier 1: Reload Speed*,,,,,,,
Refurbished A499,3661051060,"""6917530194920771298""",,Legendary,4,Sniper Rifle,monumentoftriumph,Power,Kinetic,heavy,525,Disruption Weapon [Shield-Piercing],Range,3,Vault,false,false,false,8,28,,79,14,100,70,22,0,0,0,43,72,11,1,37,0,0,0,0,0,0,0,0,97,26,0,0,false,0,0,,,,Disruption Weapon [Shield-Piercing]*,Arrowhead Brake*,Smallbore,Steady Rounds*,Flared Magwell,Bewildering Burst*,Snapshot Sights,Ancillary Ordinance*,Aggregate Charge,Air-Cooled Core*,Kill Tracker,Tier 3: Range*,,,,,,,
Refurbished A499,3661051060,"""6917530195027858718""",,Legendary,4,Sniper Rifle,monumentoftriumph,Power,Kinetic,heavy,519,Disruption Weapon [Shield-Piercing],Reload Speed,2,Vault,false,false,false,8,28,,49,14,100,67,22,0,0,0,55,72,13,1,25,0,0,0,0,0,0,0,0,97,26,0,0,false,0,0,,,,Disruption Weapon [Shield-Piercing]*,Polygonal Rifling*,Smallbore,Steady Rounds*,Flared Magwell,Bewildering Burst*,Gutshot Straight,Ancillary Ordinance*,Aggregate Charge,Air-Cooled Core*,Kill Tracker,Tier 2: Reload Speed*,,,,,,,
Refurbished A499,3661051060,"""6917530195032441153""",,Legendary,3,Sniper Rifle,monumentoftriumph,Power,Kinetic,heavy,520,Disruption Weapon [Shield-Piercing],Stability,1,Vault,false,false,false,8,28,,49,14,100,71,22,0,0,0,43,72,26,1,40,0,0,0,0,0,0,0,0,90,26,0,0,false,0,0,,,,Disruption Weapon [Shield-Piercing]*,Extended Barrel,Fluted Barrel*,Accurized Rounds,Flared Magwell*,Outlaw,Snapshot Sights*,Auto-Loading Holster*,Ambitious Assassin,Air-Cooled Core*,Kill Tracker,Tier 1: Stability*,,,,,,,
Refurbished A499,3661051060,"""6917530195039460466""",,Legendary,4,Sniper Rifle,monumentoftriumph,Power,Kinetic,heavy,525,Disruption Weapon [Shield-Piercing],Reload Speed,3,Vault,false,false,false,8,28,,49,14,100,67,22,0,0,0,49,72,14,1,41,0,0,0,0,0,0,0,0,97,26,0,0,false,0,0,,,,Disruption Weapon [Shield-Piercing]*,Fluted Barrel*,Polygonal Rifling,Steady Rounds*,Light Mag,Bewildering Burst*,Snapshot Sights,Ancillary Ordinance*,Auto-Loading Holster,Air-Cooled Core*,Kill Tracker,Tier 3: Reload Speed*,,,,,,,
Refurbished A499,3661051060,"""6917530195041948082""",,Legendary,4,Sniper Rifle,monumentoftriumph,Power,Kinetic,heavy,525,Disruption Weapon [Shield-Piercing],Range,2,Vault,false,false,false,8,28,,49,14,100,75,22,0,0,0,49,72,11,1,30,0,0,0,0,0,0,0,0,97,26,0,0,false,0,0,,,,Disruption Weapon [Shield-Piercing]*,Corkscrew Rifling*,Hammer-Forged Rifling,Steady Rounds*,Flared Magwell,Gutshot Straight*,No Distractions,Mulligan*,Box Breathing,Air-Cooled Core*,Kill Tracker,Tier 2: Range*,,,,,,,
Refurbished A499,3661051060,"""6917530195041949068""",,Legendary,4,Sniper Rifle,monumentoftriumph,Power,Kinetic,heavy,525,Disruption Weapon [Shield-Piercing],Reload Speed,1,Vault,false,false,false,8,28,,59,14,100,94,22,0,0,0,27,72,12,1,16,0,0,0,0,0,0,0,0,90,26,0,0,false,0,0,,,,Disruption Weapon [Shield-Piercing]*,Extended Barrel*,Fluted Barrel,Accurized Rounds*,Flared Magwell,Outlaw*,No Distractions,Box Breathing*,Ambitious Assassin,Air-Cooled Core*,Kill Tracker,Tier 1: Reload Speed*,,,,,,,
Refurbished A499,3661051060,"""6917530195041949253""",,Legendary,5,Sniper Rifle,monumentoftriumph,Power,Kinetic,heavy,525,Disruption Weapon [Shield-Piercing],Reload Speed,1,Vault,false,false,false,8,28,,79,14,100,83,22,0,0,0,27,72,12,1,37,0,0,0,0,0,0,0,0,90,26,0,0,false,0,0,,,,Disruption Weapon [Shield-Piercing]*,Arrowhead Brake*,Full Bore,Accurized Rounds*,Light Mag,Gutshot Straight*,Outlaw,Lone Wolf,Envious Assassin*,Mulligan,Ancillary Ordinance,Air-Cooled Core*,Kill Tracker,Tier 1: Reload Speed*,Infamous Refurbished A499*,Roguish Bolts*,,,
Refurbished A499,3661051060,"""6917530195044345376""",,Legendary,5,Sniper Rifle,monumentoftriumph,Power,Kinetic,heavy,525,Disruption Weapon [Shield-Piercing],Stability,1,Vault,false,false,false,8,28,,59,14,100,83,22,0,0,0,39,72,11,1,21,0,0,0,0,0,0,0,0,90,26,0,0,false,0,0,,,,Disruption Weapon [Shield-Piercing]*,Chambered Compensator*,Corkscrew Rifling,Accurized Rounds*,Light Mag,Gutshot Straight*,Lone Wolf,No Distractions,Mulligan*,Box Breathing,Aggregate Charge,Air-Cooled Core*,Kill Tracker,Tier 1: Stability*,Infamous Refurbished A499*,Roguish Bolts*,,,
Refurbished A499,3661051060,"""6917530195044346181""",,Legendary,4,Sniper Rifle,monumentoftriumph,Power,Kinetic,heavy,525,Disruption Weapon [Shield-Piercing],Range,3,Vault,false,false,false,8,28,,49,14,100,85,22,0,0,0,34,72,11,1,21,0,0,0,0,0,0,0,0,97,26,0,0,false,0,0,,,,Disruption Weapon [Shield-Piercing]*,Full Bore*,Smallbore,Steady Rounds*,Light Mag,Gutshot Straight*,No Distractions,Ancillary Ordinance*,Ambitious Assassin,Air-Cooled Core*,Kill Tracker,Tier 3: Range*,,,,,,,
Refurbished A499,3661051060,"""6917530195044348755""",,Legendary,5,Sniper Rifle,monumentoftriumph,Power,Kinetic,heavy,550,Disruption Weapon [Shield-Piercing],Stability,10,Hunter(542),true,false,false,8,28,,49,14,100,94,22,0,0,0,61,72,32,1,30,0,0,0,0,0,0,0,0,90,26,0,0,false,0,58,,,,Disruption Weapon [Shield-Piercing]*,Polygonal Rifling,Smallbore*,Flared Magwell*,Light Mag,Outlaw,Snapshot Sights*,Aggregate Charge*,Ambitious Assassin,Air-Cooled Core*,Kill Tracker,Enhanced Range*,Masterworked: Stability*,,,,,,
Refurbished A499,3661051060,"""6917530195044349572""",,Legendary,4,Sniper Rifle,monumentoftriumph,Power,Kinetic,heavy,525,Disruption Weapon [Shield-Piercing],Handling,2,Vault,false,false,false,8,28,,59,14,100,83,22,0,0,0,38,72,11,1,23,0,0,0,0,0,0,0,0,90,26,0,0,false,0,0,,,,Disruption Weapon [Shield-Piercing]*,Chambered Compensator*,Smallbore,Accurized Rounds*,Steady Rounds,Gutshot Straight*,Lone Wolf,Aggregate Charge*,Auto-Loading Holster,Air-Cooled Core*,Kill Tracker,Tier 2: Handling*,,,,,,,
Refurbished A499,3661051060,"""6917530198209776519""",,Legendary,5,Sniper Rifle,monumentoftriumph,Power,Kinetic,heavy,550,Disruption Weapon [Shield-Piercing],Handling,1,Vault,false,false,false,8,28,,49,14,100,95,22,0,0,0,27,72,11,1,26,0,0,0,0,0,0,0,0,90,26,0,0,false,0,0,,,,Disruption Weapon [Shield-Piercing]*,Hammer-Forged Rifling*,Polygonal Rifling,Accurized Rounds*,Light Mag,Bewildering Burst*,Gutshot Straight,Snapshot Sights,Mulligan*,Aggregate Charge,Ambitious Assassin,Air-Cooled Core*,Kill Tracker,Tier 1: Handling*,Infamous Refurbished A499*,Roguish Bolts*,,,
Refurbished A499,3661051060,"""6917530198209778045""",,Legendary,5,Sniper Rifle,monumentoftriumph,Power,Kinetic,heavy,540,Disruption Weapon [Shield-Piercing],Stability,1,Vault,false,false,false,8,28,,49,14,100,73,22,0,0,0,55,72,11,1,30,0,0,0,0,0,0,0,0,97,26,0,0,false,0,0,,,,Disruption Weapon [Shield-Piercing]*,Corkscrew Rifling*,Fluted Barrel,Steady Rounds*,Light Mag,Gutshot Straight,Snapshot Sights*,Lone Wolf,Ancillary Ordinance,Box Breathing*,Ambitious Assassin,Air-Cooled Core*,Kill Tracker,Tier 1: Stability*,Infamous Refurbished A499*,Roguish Bolts*,,,
Resounding,3273807888,"""6917530191882829735""",,Legendary,4,Fusion Rifle,monumentoftriumph,KineticSlot,Strand,special,341,Aggressive Frame,Range,1,Vault,true,false,false,8,28,,69,50,95,47,15,0,0,0,40,0,14,8,19,667,0,0,0,0,0,0,0,8,38,0,0,false,0,0,,,,Aggressive Frame*,Extended Barrel*,Smallbore,Ionized Battery*,Liquid Coils,Cornered*,Threat Detector,Reservoir Burst*,Rampage,Vanguard Determination*,Wild Card,Kill Tracker,Tier 1: Range*,,,,,,
Retrofit Escapade,3103325054,"""6917530194141692260""",,Legendary,0,Machine Gun,seasonpass,Power,Void,heavy,482,Rapid-Fire Frame,Range,1,Vault,false,false,false,5,19,,55,70,25,44,16,0,0,0,44,900,67,77,56,0,0,0,0,0,0,0,0,12,29,0,0,false,0,0,suros,,,Rapid-Fire Frame*,Hammer-Forged Rifling*,Smallbore,Accurized Rounds*,Appended Mag,Feeding Frenzy*,Target Lock*,Ambush*,Suros Synergy,Kill Tracker,Tier 1: Range*,,,,,,,,
Revision Zero,1473821207,"""6917530192850020965""",,Exotic,0,Pulse Rifle,rasputin,KineticSlot,Kinetic,primary,379,Hunter's Trace,,10,Vault,true,false,false,5,19,,65,40,35,56,18,0,0,0,70,450,38,36,35,0,0,0,0,0,0,0,0,15,58,0,0,crafted,1,0,hakke,,,Hunter's Trace*,Corkscrew Rifling*,Alloy Magazine*,Moving Target*,Composite Stock*,Häkke Light Burst Fire*,Häkke Heavy Burst Fire,Kill Tracker,,,,,,,,,,,
Riskrunner,3089417789,"""6917530189733112196""",,Exotic,0,Submachine Gun,,Energy,Arc,primary,550,Arc Conductor,,10,Vault,true,false,false,1,1,,100,50,20,50,14,0,0,0,55,900,15,47,71,0,0,0,0,0,0,0,0,41,50,0,0,false,0,0,,00001:Arc,,Arc Conductor*,Arrowhead Brake*,Extended Mag*,Superconductor*,Short-Action Stock*,Kill Tracker,Riskrunner Catalyst*,,,,,,,,,,,,
Ros Lysis II,2351747819,"""6917530193471109684""",,Rare,0,Auto Rifle,campaign,KineticSlot,Kinetic,primary,432,Adaptive Frame,,,Warlock(504),false,false,false,2,4,,47,70,21,52,19,0,0,0,39,600,65,41,62,0,0,0,0,0,0,0,0,0,47,0,0,false,0,0,cassoid,,,Adaptive Frame*,Red Dot-OAS*,Quickdraw IS,Flared Magwell*,Dynamic Sway Reduction*,,,,,,,,,,,,,,
Rose,882778888,"""6917530193256386200""",,Legendary,0,Hand Cannon,crucible,KineticSlot,Kinetic,primary,397,Lightweight Frame,Handling,1,Vault,false,false,false,5,19,,95,85,84,53,14,0,0,0,55,140,55,11,81,0,0,0,0,0,0,0,0,20,58,0,0,false,0,0,,,,Lightweight Frame*,Fluted Barrel*,Accurized Rounds*,Slideshot*,Explosive Payload*,Smooth Grip*,Kill Tracker,Tier 1: Handling*,,,,,,,,,,,
Salvager's Salvo,1692109318,"""6917530193954049903""",,Legendary,5,Grenade Launcher,monumentoftriumph,Energy,Arc,special,463,Lightweight Frame,Handling,1,Vault,false,false,false,8,28,,75,70,0,0,13,82,81,0,26,90,70,1,87,0,0,0,0,0,0,0,0,2,70,0,0,false,0,0,,,,Lightweight Frame*,Quick Launch*,Smart Drift Control,Proximity Grenades*,Spike Grenades,Demolitionist*,Light Touch,Trickle Charge,Collective Action*,Voltshot,Reaper's Tithe,Problem Solver*,Vanguard Determination,Kill Tracker,Tier 1: Handling*,Triumphant Pulse*,,,
Salvation's Grip,370712896,"""6917530195793781030""",,Exotic,0,Grenade Launcher,europa,Power,Stasis,heavy,550,Cryocannon,,10,Vault,true,false,false,4,12,,63,68,0,0,13,55,37,0,36,120,55,8,57,0,0,0,0,0,0,0,0,19,40,0,0,false,0,426,,,,Cryocannon*,Linear Compensator*,Alloy Casing*,Shatter Shot*,Polymer Grip*,Kill Tracker,Salvation's Grip Catalyst*,,,,,,,,,,,,
Sarpedon-D,1242785638,"""6917530192381310758""",,Legendary,5,Hand Cannon,monumentoftriumph,Energy,Arc,primary,368,Spread Shot,Range,1,Vault,true,false,false,8,28,,85,63,96,49,12,0,0,0,27,100,29,14,25,0,0,0,0,0,0,0,0,21,52,0,0,false,0,42,hakke,,,Spread Shot*,Smoothbore*,Full Choke,Appended Mag*,Alloy Magazine,Impromptu Ammunition*,Eddy Current,Proximity Power,One-Two Punch*,Trench Barrel,Desperate Measures,Problem Solver*,Vanguard Determination,Häkke Breach Armaments,Kill Tracker,Backup Mag*,Tier 1: Range*,Infamous Sarpedon-D*,Roguish Bolts*
Sarpedon-D,1242785638,"""6917530196840494835""",,Legendary,5,Hand Cannon,monumentoftriumph,Energy,Arc,primary,550,Spread Shot,Reload Speed,2,Vault,false,false,false,8,28,,85,63,96,48,12,0,0,0,27,100,31,10,25,0,0,0,0,0,0,0,0,21,52,0,0,false,0,0,hakke,,,Spread Shot*,Smoothbore*,Barrel Shroud,Appended Mag*,Steady Rounds,Impromptu Ammunition*,Proximity Power,Trickle Charge,Collective Pugilism*,Rolling Storm,One-Two Punch,Problem Solver*,Vanguard Determination,Häkke Breach Armaments,Kill Tracker,Tier 2: Reload Speed*,Infamous Sarpedon-D*,Roguish Bolts*,
Sarpedon-D,1242785638,"""6917530198378840780""",,Legendary,5,Hand Cannon,monumentoftriumph,Energy,Arc,primary,550,Spread Shot,Handling,4,Vault,false,false,false,8,28,,85,63,96,51,12,0,0,0,35,100,27,8,29,0,0,0,0,0,0,0,0,21,52,0,0,false,0,0,hakke,,,Spread Shot*,Smallbore*,Barrel Shroud,Accurized Rounds*,Alloy Magazine,Impromptu Ammunition*,Proximity Power,Trickle Charge,Collective Pugilism*,Trench Barrel,Voltshot,Problem Solver*,Vanguard Determination,Häkke Breach Armaments,Kill Tracker,Tier 4: Handling*,Infamous Sarpedon-D*,Roguish Bolts*,
Scintillation,1207321710,"""6917530195650428507""",,Legendary,5,Linear Fusion Rifle,monumentoftriumph,Power,Strand,heavy,550,Adaptive Burst,Handling,10,Vault,false,false,false,8,28,,76,64,38,59,26,0,0,0,56,0,35,5,53,516,0,0,0,0,0,0,0,11,48,0,0,false,0,68,veist,,,Adaptive Burst*,Corkscrew Rifling*,Extended Barrel,Accelerated Coils*,Enhanced Battery,Rewind Rounds*,Auto-Loading Holster,Bait and Switch*,Firing Line,Problem Solver*,Vanguard Determination,Veist Stinger,Kill Tracker,Abundant Ammo*,Masterworked: Handling*,,,,
Seraphine Haze,1524387902,"""6917530197101194092""",,Legendary,5,Submachine Gun,pinnacleops,KineticSlot,Stasis,primary,540,Aggressive Frame,Handling,1,Vault,false,false,false,8,27,,100,32,22,46,14,0,0,0,28,720,23,33,48,0,0,0,0,0,0,0,0,30,36,0,0,false,0,0,,,,Aggressive Frame*,Chambered Compensator*,Polygonal Rifling,Appended Mag*,Flared Magwell,Demolitionist*,Dynamic Sway Reduction,Lead From Light,Attrition Orbs*,Collective Pugilism,Crystalline Corpsebloom,Problem Solver*,Vanguard Determination,Tenacity,Kill Tracker,Tier 1: Handling*,Ferrous Seraphine Haze*,Sparks Everlasting*,
Seraphine Haze,1524387902,"""6917530197106638844""",,Legendary,5,Submachine Gun,pinnacleops,KineticSlot,Stasis,primary,540,Aggressive Frame,Stability,10,Hunter(542),false,true,false,8,27,,100,32,22,51,14,0,0,0,49,720,37,32,52,0,0,0,0,0,0,0,0,30,36,0,0,false,0,97,,00001:Prismatic,,Aggressive Frame*,Chambered Compensator*,Smallbore,Tactical Mag*,Steady Rounds,Hip-Fire Grip,Subsistence,Demolitionist*,Attrition Orbs,Desperate Measures,Crystalline Corpsebloom*,Problem Solver*,Vanguard Determination,Tenacity,Kill Tracker,Masterworked: Stability*,Ferrous Seraphine Haze*,Sparks Everlasting*,
Service of Luzaku,4284533075,"""6917530189731049035""",,Exotic,0,Machine Gun,seasonpass,Power,Strand,heavy,550,Dichotomous Thinking,,10,Vault,true,false,false,8,28,,72,51,70,73,16,0,0,0,41,360,29,48,95,0,0,0,0,0,0,0,0,16,49,0,0,false,0,538,,,,Dichotomous Thinking*,Fluted Barrel*,Accurized Rounds*,Meaning-Making*,Hand-Laid Stock*,Kill Tracker,Service of Luzaku Catalyst*,,,,,,,,,,,,
Service Revolver,3796682229,"""6917530193296801479""",infuse,Legendary,5,Hand Cannon,monumentoftriumph,KineticSlot,Kinetic,primary,416,Precision Frame,Stability,5,Vault,true,false,false,8,28,,100,74,78,44,14,0,0,0,57,180,30,12,43,0,0,0,0,0,0,0,0,35,48,0,0,false,0,56,,,,Precision Frame*,Arrowhead Brake*,Smallbore,Accurized Rounds*,Appended Mag,Rapid Hit*,Rangefinder,Moving Target,Mega Kill Clip*,Rampage,Explosive Payload,Vanguard Determination*,Nadir Focus,Kill Tracker,Targeting Adjuster*,Tier 5: Stability*,Triumphant Pulse*,,
Service Revolver,3796682229,"""6917530196258322075""",,Legendary,5,Hand Cannon,monumentoftriumph,KineticSlot,Kinetic,primary,550,Precision Frame,Range,4,Vault,true,false,false,8,28,,88,67,78,63,14,0,0,0,43,180,30,12,27,0,0,0,0,0,0,0,0,35,48,0,0,false,0,0,,,,Precision Frame*,Full Bore*,Hammer-Forged Rifling,Accurized Rounds*,Steady Rounds,Rapid Hit*,Outlaw,Shoot to Loot,Mega Kill Clip*,Rampage,Kinetic Tremors,Vanguard Determination*,Nadir Focus,Kill Tracker,Tier 4: Range*,Triumphant Pulse*,,,
Service Revolver,3796682229,"""6917530196833987809""",,Legendary,1,Hand Cannon,monumentoftriumph,KineticSlot,Kinetic,primary,540,Precision Frame,Range,2,Vault,true,false,false,8,28,,100,67,78,34,14,0,0,0,52,180,30,15,41,0,0,0,0,0,0,0,0,35,48,0,0,false,0,0,,,,Precision Frame*,Arrowhead Brake*,Corkscrew Rifling,Appended Mag*,Extended Mag,Rapid Hit*,Mega Kill Clip*,Vanguard Determination*,Nadir Focus,Kill Tracker,Tier 2: Range*,,,,,,,,
Service Revolver,3796682229,"""6917530197467193056""",,Legendary,5,Hand Cannon,monumentoftriumph,KineticSlot,Kinetic,primary,550,Precision Frame,Stability,2,Vault,true,false,false,8,28,,88,67,78,50,14,0,0,0,60,180,30,12,36,0,0,0,0,0,0,0,0,35,48,0,0,false,0,0,,,,Precision Frame*,Corkscrew Rifling*,Full Bore,Accurized Rounds*,Flared Magwell,Rapid Hit*,Rangefinder,Outlaw,Mega Kill Clip*,Lucky Shot,Explosive Payload,Vanguard Determination*,Nadir Focus,Kill Tracker,Tier 2: Stability*,Triumphant Pulse*,,,
Service Revolver,3796682229,"""6917530198121153064""",,Legendary,5,Hand Cannon,monumentoftriumph,KineticSlot,Kinetic,primary,550,Precision Frame,Range,1,Vault,false,false,false,8,28,,98,67,78,56,14,0,0,0,52,180,30,12,22,0,0,0,0,0,0,0,0,35,48,0,0,false,0,0,,,,Precision Frame*,Extended Barrel*,Fluted Barrel,Accurized Rounds*,Extended Mag,Rapid Hit*,Rangefinder,Shoot to Loot,Mega Kill Clip*,Rampage,Kinetic Tremors,Vanguard Determination*,Nadir Focus,Kill Tracker,Tier 1: Range*,Triumphant Pulse*,,,
Seventh Seraph Carbine,2560370239,"""6917530194206472128""",,Legendary,3,Auto Rifle,cosmodrome,KineticSlot,Kinetic,primary,476,Precision Frame,Range,2,Vault,false,false,false,8,28,,74,39,29,80,16,0,0,0,29,450,41,34,34,0,0,0,0,0,0,0,0,17,51,0,0,false,0,0,,,,Precision Frame*,Full Bore*,Polygonal Rifling,Alloy Magazine*,Flared Magwell,Reconstruction*,Ambitious Assassin,Collective Action*,Ancillary Ordinance,Eyes Up*,Rasputin's Arsenal,Kill Tracker,Tier 2: Range*,,,,,,
Seventh Seraph CQC-12,2308010345,"""6917530196753576002""",,Legendary,3,Shotgun,monumentoftriumph,Energy,Solar,special,540,Lightweight Frame,Handling,5,Vault,false,false,false,8,28,,56,46,65,50,12,0,0,0,51,80,70,7,74,0,0,0,0,0,0,0,0,2,27,0,0,false,0,0,suros,,,Lightweight Frame*,Smallbore*,Full Choke,Tactical Mag*,Extended Mag,Slideshot*,Threat Detector,Snapshot Sights*,One-Two Punch,Eyes Up*,Rasputin's Arsenal,Kill Tracker,Tier 5: Handling*,,,,,,
Seventh Seraph CQC-12,2308010345,"""6917530196753580215""",,Legendary,4,Shotgun,monumentoftriumph,Energy,Solar,special,540,Lightweight Frame,Stability,2,Vault,false,false,false,8,28,,56,46,65,60,12,0,0,0,36,80,62,7,69,0,0,0,0,0,0,0,0,2,27,0,0,false,0,0,suros,,,Lightweight Frame*,Smoothbore*,Corkscrew Rifling,Appended Mag*,Extended Mag,Slideshot*,Discord,Closing Time*,Incandescent,Eyes Up*,Rasputin's Arsenal,Kill Tracker,Tier 2: Stability*,,,,,,
Seventh Seraph CQC-12,2308010345,"""6917530196755766115""",,Legendary,3,Shotgun,monumentoftriumph,Energy,Solar,special,540,Lightweight Frame,Stability,2,Vault,false,false,false,8,28,,56,46,65,48,12,0,0,0,46,80,60,7,74,0,0,0,0,0,0,0,0,2,27,0,0,false,0,0,suros,,,Lightweight Frame*,Corkscrew Rifling*,Full Choke,Appended Mag*,Accurized Rounds,Slideshot*,Threat Detector,Snapshot Sights*,Closing Time,Eyes Up*,Rasputin's Arsenal,Kill Tracker,Tier 2: Stability*,,,,,,
Seventh Seraph Officer Revolver,3490736392,"""6917530194200124204""",,Legendary,3,Hand Cannon,dungeon,KineticSlot,Kinetic,primary,476,Precision Frame,Range,4,Vault,false,false,false,8,28,,94,74,78,41,14,0,0,0,69,180,49,12,25,0,0,0,0,0,0,0,0,43,52,0,0,false,0,0,,,,Precision Frame*,Chambered Compensator*,Smallbore,Seraph Rounds*,Accurized Rounds,Fourth Time's the Charm*,Ambitious Assassin,Redirection*,Adhesive Ordnance,Eyes Up*,Rasputin's Arsenal,Kill Tracker,Tier 4: Range*,,,,,,
Seventh Seraph SI-2,453798564,"""6917530196751446986""",,Legendary,3,Sidearm,monumentoftriumph,Energy,Void,primary,540,Lightweight Frame,Stability,1,Vault,false,false,false,8,28,,100,73,43,28,12,0,0,0,44,360,47,14,76,0,0,0,0,0,0,0,0,22,31,0,0,false,0,0,,,,Lightweight Frame*,Arrowhead Brake*,Full Bore,Seraph Rounds*,Steady Rounds,Disruption Break,Destabilizing Rounds*,Meganeura*,Collective Action,Eyes Up*,Rasputin's Arsenal,Kill Tracker,Tier 1: Stability*,,,,,,
Seventh Seraph VY-7,1719169808,"""6917530191811194236""",,Legendary,3,Submachine Gun,monumentoftriumph,Energy,Arc,primary,333,Precision Frame,Handling,3,Vault,true,false,false,8,28,,100,57,25,57,14,0,0,0,57,600,29,32,18,0,0,0,0,0,0,0,0,12,30,0,0,false,0,298,,,,Precision Frame*,Chambered Compensator*,Polygonal Rifling,Tactical Mag*,Alloy Magazine,Trickle Charge*,Supercharged Magazine,Dragonfly*,Onslaught,Eyes Up*,Rasputin's Arsenal,Kill Tracker,Tier 3: Handling*,,,,,,
Shoreline Dissident,1193318082,"""6917530191590586948""",,Legendary,3,Sniper Rifle,campaign,Energy,Void,special,300,Rapid-Fire Frame,Range,3,Warlock(504),true,false,false,8,27,,55,75,55,53,35,0,0,0,55,140,60,6,70,0,0,0,0,0,0,0,0,3,55,0,0,false,0,0,,,,Rapid-Fire Frame*,Polygonal Rifling*,Smallbore,Accurized Rounds*,Flared Magwell,Shoot to Loot*,Lone Wolf,Binary Orbit*,High Ground,Bray Legacy*,Kill Tracker,Tier 3: Range*,,,,,,,
Skyburner's Oath,4255268456,"""6917530193846397860""",,Exotic,0,Scout Rifle,,Energy,Solar,primary,454,Slug Rifle,,10,Vault,false,false,false,1,1,,100,90,67,80,21,0,0,0,50,150,30,20,85,0,0,0,0,0,0,0,0,45,60,0,0,false,0,188,,,,Slug Rifle*,Extended Barrel*,Extended Mag*,For the Empire*,Short-Action Stock*,Kill Tracker,Skyburner Catalyst*,,,,,,,,,,,,
Slayer's Fang,1047932517,"""6917530198238133941""",,Exotic,0,Shotgun,revenant,Energy,Void,special,550,Nightsworn Sight,,10,Hunter(542),false,false,false,7,25,,80,70,75,55,12,0,0,0,30,70,45,7,50,0,0,0,0,0,0,0,0,1,70,0,0,crafted,6,201,,00001:Crucible,,Nightsworn Sight*,Arrowhead Brake*,Flared Magwell*,Heart Piercer*,Composite Stock*,Kill Tracker,Repulsor Brace Refit*,,,,,,,,,,,,
Snorri FR5,4114929480,"""6917530189714227215""",,Legendary,0,Fusion Rifle,engram,Energy,Void,special,301,Precision Frame,Range,1,Vault,true,false,false,5,16,,100,62,75,62,17,0,0,0,50,0,33,6,47,800,0,0,0,0,0,0,0,6,38,0,0,false,0,0,omolon,,,Precision Frame*,Arrowhead Brake*,Full Bore,Accelerated Coils*,Enhanced Battery,Steady Hands*,High-Impact Reserves*,Omolon Fluid Dynamics*,Kill Tracker,Tier 1: Range*,,,,,,,,,
Sojourner's Tale,2130875369,"""6917530194257077058""",,Legendary,0,Shotgun,revenant,Energy,Solar,special,478,Pinpoint Slug Frame,Reload Speed,1,Vault,false,false,false,7,25,,66,35,70,61,12,0,0,0,55,65,55,7,58,0,0,0,0,0,0,0,0,2,43,0,0,false,0,0,,,,Pinpoint Slug Frame*,Chambered Compensator*,Extended Barrel,Tactical Mag*,Extended Mag,Offhand Strike*,Opening Shot*,Splicer Surge*,Kill Tracker,Tier 1: Reload Speed*,,,,,,,,,
Sole Survivor,2920648677,"""6917530194338859582""",infuse,Legendary,5,Sniper Rifle,gambit,Energy,Arc,special,495,Adaptive Frame,Handling,5,Vault,false,false,false,8,28,,80,51,70,45,40,0,0,0,47,90,43,4,63,0,0,0,0,0,0,0,0,2,41,0,0,false,0,0,,,,Adaptive Frame*,Fluted Barrel*,Hammer-Forged Rifling,Alloy Magazine*,Ricochet Rounds,Snapshot Sights*,Eddy Current,Light Touch,Voltshot*,Eye of the Storm,Mega Kill Clip,Gun and Run*,Kill Tracker,Tier 5: Handling*,Triumphant Pulse*,,,,
Sole Survivor,2920648677,"""6917530194346284993""",infuse,Legendary,5,Sniper Rifle,gambit,Energy,Arc,special,499,Adaptive Frame,Reload Speed,1,Vault,false,false,false,8,28,,90,51,70,45,40,0,0,0,47,90,44,4,38,0,0,0,0,0,0,0,0,2,41,0,0,false,0,0,,,,Adaptive Frame*,Chambered Compensator*,Extended Barrel,Alloy Magazine*,High-Caliber Rounds,Outlaw*,Light Touch,Envious Arsenal,Voltshot*,Frenzy,Gear Shift,Gun and Run*,Kill Tracker,Tier 1: Reload Speed*,Triumphant Pulse*,,,,
Sole Survivor,2920648677,"""6917530194348173505""",keep,Legendary,5,Sniper Rifle,gambit,Energy,Arc,special,500,Adaptive Frame,Range,1,Vault,true,false,false,8,28,,100,51,70,46,40,0,0,0,41,90,25,5,54,0,0,0,0,0,0,0,0,12,41,0,0,false,0,0,,,,Adaptive Frame*,Arrowhead Brake*,Corkscrew Rifling,Extended Mag*,Appended Mag,Snapshot Sights*,Rapid Hit,Elemental Capacitor,Voltshot*,Frenzy,Mega Kill Clip,Gun and Run*,Kill Tracker,Tier 1: Range*,Triumphant Pulse*,,,,
Sole Survivor,2920648677,"""6917530194349989870""",infuse,Legendary,5,Sniper Rifle,gambit,Energy,Arc,special,500,Adaptive Frame,Range,1,Vault,true,false,false,8,28,,100,51,70,52,40,0,0,0,52,90,43,4,54,0,0,0,0,0,0,0,0,2,41,0,0,false,0,7,,,,Adaptive Frame*,Arrowhead Brake*,Full Bore,Ricochet Rounds*,Light Mag,Snapshot Sights*,Rapid Hit,Eddy Current,Frenzy*,Gear Shift,Elemental Honing,Gun and Run*,Kill Tracker,Tier 1: Range*,Triumphant Pulse*,,,,
Sole Survivor,2920648677,"""6917530194357864846""",keep,Legendary,5,Sniper Rifle,gambit,Energy,Arc,special,501,Adaptive Frame,Range,1,Vault,false,false,false,8,28,,90,51,70,57,40,0,0,0,36,90,43,4,33,0,0,0,0,0,0,0,0,2,41,0,0,false,0,0,,,,Adaptive Frame*,Extended Barrel*,Smallbore,Alloy Magazine*,Appended Mag,Outlaw*,Eddy Current,Light Touch,Voltshot*,Mega Kill Clip,Elemental Honing,Gun and Run*,Kill Tracker,Tier 1: Range*,Triumphant Pulse*,,,,
Someday,3232203524,"""6917530191588322936""",,Legendary,0,Shotgun,paleheart,KineticSlot,Kinetic,special,330,Precision Frame,Stability,1,Vault,true,false,false,7,24,,79,74,70,83,12,0,0,0,52,65,51,5,45,0,0,0,0,0,0,0,0,3,37,0,0,false,0,0,,,,Precision Frame*,Corkscrew Rifling*,Full Choke,Accurized Rounds*,Light Mag,Dual Loader*,Opening Shot*,Dealer's Choice*,Kill Tracker,Tier 1: Stability*,,,,,,,,,
Someday,3232203524,"""6917530196237746524""",,Legendary,0,Shotgun,paleheart,KineticSlot,Kinetic,special,540,Precision Frame,Stability,1,Titan(542),false,false,false,7,24,,79,74,70,83,12,0,0,0,47,65,51,6,40,0,0,0,0,0,0,0,0,3,37,0,0,false,0,0,,,,Precision Frame*,Smoothbore*,Barrel Shroud,Appended Mag*,Accurized Rounds,One-Two Punch*,Collective Action*,Dealer's Choice*,Kill Tracker,Tier 1: Stability*,,,,,,,,,
Something New,1705150753,"""6917530194914401549""",,Legendary,5,Hand Cannon,,KineticSlot,Stasis,primary,511,Aggressive Frame,Range,3,Vault,true,false,false,8,28,,98,60,92,79,14,0,0,0,41,120,25,8,30,0,0,0,0,0,0,0,0,23,51,0,0,false,0,0,,,,Aggressive Frame*,Hammer-Forged Rifling*,Polygonal Rifling,Appended Mag,Ricochet Rounds*,Demolitionist,Rapid Hit*,Keep Away,Precision Instrument*,Collective Demolition,Desperate Measures,Dream Work*,Nadir Focus,Kill Tracker,Tier 3: Range*,Triumphant Pulse*,,,
Something New,1705150753,"""6917530196840500249""",,Legendary,5,Hand Cannon,,KineticSlot,Stasis,primary,540,Aggressive Frame,Range,2,Vault,true,false,false,8,28,,100,60,92,60,14,0,0,0,47,120,41,8,26,0,0,0,0,0,0,0,0,23,51,0,0,false,0,0,,,,Aggressive Frame*,Chambered Compensator*,Full Bore,Flared Magwell*,Light Mag,Rapid Hit*,Wellspring,Built to Blast,Precision Instrument*,Binary Orbit,Desperate Measures,Dream Work*,Nadir Focus,Kill Tracker,Tier 2: Range*,Triumphant Pulse*,,,
Something New,2877020298,"""6917530196844759703""",,Legendary,5,Hand Cannon,,KineticSlot,Stasis,primary,540,Aggressive Frame,Handling,2,Vault,true,false,true,8,28,,98,60,92,73,14,0,0,0,21,120,25,8,28,0,0,0,0,0,0,0,0,23,51,0,0,false,0,0,,,,Aggressive Frame*,Full Bore*,Polygonal Rifling,Alloy Magazine*,Light Mag,Demolitionist*,Wellspring,Built to Blast,Headstone*,Kill Clip,Binary Orbit,Dream Work*,Nadir Focus,Kill Tracker,Tier 2: Handling*,Triumphant Pulse*,,,
Sorrow's Verse,775830132,"""6917530194826754875""",keep,Legendary,4,Auto Rifle,crucible,Energy,Arc,primary,516,Adaptive Frame,Range,2,Vault,false,false,false,8,28,,83,68,21,46,16,0,0,0,39,600,40,49,76,0,0,0,0,0,0,0,0,20,49,0,0,false,0,0,suros,,,Adaptive Frame*,Arrowhead Brake*,Fluted Barrel,Extended Mag*,Alloy Magazine,Zen Moment*,Recycled Energy,Rampage*,Demolitionist,Roar of Battle*,Suros Synergy,Kill Tracker,Tier 2: Range*,,,,,,
Spare Rations,810474119,"""6917530194344519767""",infuse,Legendary,5,Hand Cannon,gambit,KineticSlot,Stasis,primary,499,Lightweight Frame,Stability,1,Vault,false,false,false,8,28,,100,83,84,58,14,0,0,0,66,140,56,13,67,0,0,0,0,0,0,0,0,23,57,0,0,false,0,0,,,,Lightweight Frame*,Chambered Compensator*,Hammer-Forged Rifling,Accurized Rounds*,Flared Magwell,Snapshot Sights*,Moving Target,Keep Away,Eye of the Storm*,One for All,Desperate Measures,Gun and Run*,Kill Tracker,Tier 1: Stability*,Triumphant Pulse*,,,,
Steelfeather Repeater,771811870,"""6917530194254867233""",,Legendary,3,Auto Rifle,engram,KineticSlot,Kinetic,primary,477,Rapid-Fire Frame,Handling,4,Vault,false,false,false,8,28,,57,72,18,34,16,0,0,0,51,720,50,49,47,0,0,0,0,0,0,0,0,10,53,0,0,false,0,0,,,,Rapid-Fire Frame*,Corkscrew Rifling*,Smallbore,High-Caliber Rounds*,Ricochet Rounds,Bewildering Burst*,Slideways,Surrounded*,Ancillary Ordinance,Cast No Shadows*,Kill Tracker,Tier 4: Handling*,,,,,,,
Steelfeather Repeater,771811870,"""6917530194667626586""",,Legendary,3,Auto Rifle,engram,KineticSlot,Kinetic,primary,500,Rapid-Fire Frame,Range,4,Warlock(504),false,false,false,8,28,,87,72,18,28,16,0,0,0,46,720,50,49,48,0,0,0,0,0,0,0,0,10,53,0,0,false,0,0,,,,Rapid-Fire Frame*,Arrowhead Brake*,Extended Barrel,Alloy Magazine*,Ricochet Rounds,Slideways*,Firmly Planted,Surrounded*,Vorpal Weapon,Cast No Shadows*,Kill Tracker,Tier 4: Range*,,,,,,,
Steelfeather Repeater,771811870,"""6917530195256341982""",,Legendary,3,Auto Rifle,engram,KineticSlot,Kinetic,primary,532,Rapid-Fire Frame,Range,1,Vault,false,false,false,8,28,,57,72,18,30,16,0,0,0,51,720,50,56,48,0,0,0,0,0,0,0,0,10,53,0,0,false,0,0,,,,Rapid-Fire Frame*,Corkscrew Rifling*,Smallbore,Appended Mag*,High-Caliber Rounds,Grave Robber*,Firmly Planted,Surrounded*,Ancillary Ordinance,Cast No Shadows*,Kill Tracker,Tier 1: Range*,,,,,,,
Steelfeather Repeater,771811870,"""6917530197018914017""",,Legendary,5,Auto Rifle,engram,KineticSlot,Kinetic,primary,550,Rapid-Fire Frame,Reload Speed,2,Vault,false,false,false,8,28,,57,72,18,36,16,0,0,0,46,720,34,59,38,0,0,0,0,0,0,0,0,20,53,0,0,false,0,0,,,,Rapid-Fire Frame*,Hammer-Forged Rifling*,Smallbore,Extended Mag*,Flared Magwell,Subsistence*,Bewildering Burst,Proximity Power,Surrounded*,Swashbuckler,Multikill Clip,Cast No Shadows*,Kill Tracker,Tier 2: Reload Speed*,Triumphant Pulse*,,,,
Steelfeather Repeater,771811870,"""6917530197522791007""",,Legendary,3,Auto Rifle,engram,KineticSlot,Kinetic,primary,540,Rapid-Fire Frame,Reload Speed,2,Vault,false,false,false,8,28,,67,72,18,34,16,0,0,0,46,720,32,59,33,0,0,0,0,0,0,0,0,20,53,0,0,false,0,0,,,,Rapid-Fire Frame*,Extended Barrel*,Fluted Barrel,Extended Mag*,High-Caliber Rounds,Grave Robber*,Subsistence,Surrounded*,Vorpal Weapon,Cast No Shadows*,Kill Tracker,Tier 2: Reload Speed*,,,,,,,
Still Hunt,2905188646,"""6917530191662271322""",infuse,Exotic,0,Sniper Rifle,exoticquest,Energy,Solar,special,550,Cayde's Retribution,,10,Vault,true,false,false,7,24,,69,68,70,64,40,0,0,0,59,90,44,6,62,0,0,0,0,0,0,0,0,4,70,0,0,false,0,0,,,,Cayde's Retribution*,Polygonal Rifling*,Golden Munitions*,Sharpshooter*,Short-Action Stock*,Crucible Tracker,Still Hunt Catalyst*,,,,,,,,,,,,
Stryker's Sure-Hand,2158575991,"""6917530193078718535""",,Legendary,3,Sword,,Power,Void,heavy,406,Aggressive Frame,Impact,3,Vault,true,false,true,8,28,,0,0,75,0,0,0,0,0,0,0,0,54,0,0,0,0,20,80,0,40,0,0,0,0,0,false,0,0,,,,Aggressive Frame*,Honed Edge*,Jagged Edge,Burst Guard*,Swordmaster's Guard,Repulsor Brace*,Rampage,Binary Orbit*,Destabilizing Rounds,Forge's Kin*,Kill Tracker,Tier 3: Impact*,New Age Black Armory*,,,,,,
Stryker's Sure-Hand,2490460292,"""6917530196071923259""",,Legendary,5,Sword,blackarmory,Power,Void,heavy,550,Aggressive Frame,Impact,1,Vault,true,false,false,8,28,,0,0,73,0,0,0,0,0,0,0,0,58,0,0,0,0,20,41,43,40,0,0,0,0,0,false,0,0,,,,Aggressive Frame*,Hungry Edge*,Honed Edge,Balanced Guard*,Enduring Guard,Tireless Blade*,Sharp Harvest,Rampage,Flash Counter*,Whirlwind Blade,Impromptu Ammunition,Forge's Kin*,Kill Tracker,Tier 1: Impact*,Triumphant Pulse*,,,,
Sublimation,1674692344,"""6917530195315070627""",,Legendary,1,Scout Rifle,kepler,Energy,Arc,primary,545,High-Impact Frame,Handling,2,Vault,false,false,false,8,27,,72,38,67,97,21,0,0,0,16,150,27,12,24,0,0,0,0,0,0,0,0,19,54,0,0,false,0,0,,,,High-Impact Frame*,Full Bore*,Hammer-Forged Rifling,Accurized Rounds*,Alloy Magazine,Rapid Hit*,Explosive Payload*,Exhaustive Research*,Kill Tracker,Tier 2: Handling*,,,,,,,,,
Sublimation,1674692344,"""6917530195367450018""",,Legendary,1,Scout Rifle,kepler,Energy,Arc,primary,550,High-Impact Frame,Handling,3,Vault,false,false,false,8,27,,100,38,67,72,21,0,0,0,26,150,27,14,40,0,0,0,0,0,0,0,0,19,54,0,0,false,0,0,,,,High-Impact Frame*,Arrowhead Brake*,Chambered Compensator,Appended Mag*,Alloy Magazine,Impromptu Ammunition*,Voltshot*,Exhaustive Research*,Kill Tracker,Tier 3: Handling*,,,,,,,,,
Sublimation,1674692344,"""6917530195385590478""",infuse,Legendary,1,Scout Rifle,kepler,Energy,Arc,primary,550,High-Impact Frame,Stability,1,Vault,false,false,false,8,27,,82,38,67,82,21,0,0,0,27,150,7,15,17,0,0,0,0,0,0,0,0,29,54,0,0,false,0,0,,,,High-Impact Frame*,Extended Barrel*,Polygonal Rifling,Extended Mag*,Steady Rounds,Moving Target*,Voltshot*,Exhaustive Research*,Kill Tracker,Tier 1: Stability*,,,,,,,,,
Sublimation,1674692344,"""6917530195415857553""",infuse,Legendary,2,Scout Rifle,kepler,Energy,Arc,primary,550,High-Impact Frame,Reload Speed,3,Vault,false,false,false,8,27,,82,38,67,72,21,0,0,0,41,150,40,13,22,0,0,0,0,0,0,0,0,19,54,0,0,false,0,0,,,,High-Impact Frame*,Chambered Compensator*,Corkscrew Rifling,Tactical Mag*,Flared Magwell,Eddy Current*,No Distractions*,Exhaustive Research*,Kill Tracker,Tier 3: Reload Speed*,,,,,,,,,
Subzero Salvo,978122008,"""6917530194319660809""",infuse,Legendary,4,Rocket Launcher,europa,Power,Arc,heavy,478,Precision Frame,Handling,4,Vault,false,false,false,8,28,,79,61,0,0,20,41,50,0,54,15,34,1,45,0,0,0,0,0,0,0,0,3,34,0,0,false,0,0,,,,Precision Frame*,Confined Launch*,Linear Compensator,High-Velocity Rounds*,Impact Casing,Impulse Amplifier*,Danger Zone,Gear Shift*,Harmony,Winterized Gear*,Kill Tracker,Tier 4: Handling*,,,,,,,
Subzero Salvo,978122008,"""6917530194321899302""",infuse,Legendary,4,Rocket Launcher,europa,Power,Arc,heavy,478,Precision Frame,Reload Speed,2,Vault,false,false,false,8,28,,100,61,0,0,20,36,48,0,41,15,25,1,52,0,0,0,0,0,0,0,0,3,34,0,0,false,0,0,,,,Precision Frame*,Countermass*,Hard Launch,Black Powder*,Impact Casing,Impulse Amplifier*,Envious Assassin,Rolling Storm*,Harmony,Winterized Gear*,Kill Tracker,Tier 2: Reload Speed*,,,,,,,
Subzero Salvo,978122008,"""6917530195688865147""",,Legendary,3,Rocket Launcher,europa,Power,Arc,heavy,540,Precision Frame,Handling,1,Vault,false,false,false,8,28,,79,61,0,0,20,25,63,0,19,15,53,1,42,0,0,0,0,0,0,0,0,3,34,0,0,false,0,0,,,,Precision Frame*,Hard Launch*,Quick Launch,Alloy Casing*,Implosion Rounds,Voltshot*,Envious Assassin,Rolling Storm*,Gear Shift,Winterized Gear*,Kill Tracker,Tier 1: Handling*,,,,,,,
Subzero Salvo,978122008,"""6917530196142337478""",,Legendary,3,Rocket Launcher,europa,Power,Arc,heavy,540,Precision Frame,Handling,2,Vault,false,false,false,8,28,,79,61,0,0,20,40,38,0,44,15,53,1,43,0,0,0,0,0,0,0,0,3,34,0,0,false,0,0,,,,Precision Frame*,Confined Launch*,Hard Launch,Alloy Casing*,Black Powder,Impulse Amplifier*,Envious Assassin,Gear Shift*,Aggregate Charge,Winterized Gear*,Kill Tracker,Tier 2: Handling*,,,,,,,
Succession,2731922624,"""6917530193965513504""",,Legendary,4,Sniper Rifle,brave,KineticSlot,Kinetic,special,455,Aggressive Frame,Range,5,Vault,false,false,false,8,28,,90,48,90,93,50,0,0,0,34,72,35,3,26,0,0,0,0,0,0,0,0,4,50,0,0,false,0,11,,,,Aggressive Frame*,Chambered Compensator*,Fluted Barrel,Accurized Rounds*,Alloy Magazine,Harmony*,Reconstruction,Focused Fury*,Snapshot Sights,Indomitability*,Kill Tracker,Tier 5: Range*,,,,,,,
Sullen Claw,1085743380,"""6917530197230006348""",,Legendary,5,Sword,dungeon,Power,Void,heavy,550,Lightweight Frame,Impact,4,Vault,false,false,false,8,28,,0,0,64,0,0,0,0,0,0,0,0,84,0,0,0,0,40,72,62,80,0,0,0,0,0,false,0,1,,,,Lightweight Frame*,Hungry Edge*,Enduring Blade,Honed Edge,Heavy Guard*,Swordmaster's Guard,Proximity Power,Impromptu Ammunition,Eager Edge*,Destabilizing Rounds,Bait and Switch,Sword Logic*,Imperial Allegiance*,Kill Tracker,Tier 5: Impact*,Infamous Sullen Claw*,Roguish Bolts*,,
Sullen Claw,1085743380,"""6917530197230010156""",,Legendary,5,Sword,dungeon,Power,Void,heavy,550,Lightweight Frame,Impact,1,Vault,false,false,false,8,28,,0,0,60,0,0,0,0,0,0,0,0,87,0,0,0,0,50,41,43,80,0,0,0,0,0,false,0,0,,,,Lightweight Frame*,Enduring Blade*,Honed Edge,Jagged Edge,Balanced Guard*,Swordmaster's Guard,Repulsor Brace*,Impromptu Ammunition,Eager Edge,Assassin's Blade*,Bait and Switch,Counterattack,Imperial Allegiance*,Kill Tracker,Tier 1: Impact*,Infamous Sullen Claw*,Roguish Bolts*,,
Sullen Claw,1085743380,"""6917530197230012104""",,Legendary,5,Sword,dungeon,Power,Void,heavy,550,Lightweight Frame,Impact,1,Hunter(542),false,false,false,8,28,,0,0,64,0,0,0,0,0,0,0,0,80,0,0,0,0,52,41,41,80,0,0,0,0,0,false,0,8,,"00002:Dungeon,Stasis",,Lightweight Frame*,Honed Edge*,Jagged Edge,Tempered Edge,Balanced Guard*,Burst Guard,Impromptu Ammunition,Eager Edge*,Vorpal Weapon,Whirlwind Blade,Assassin's Blade*,Counterattack,Imperial Allegiance*,Kill Tracker,Synergy*,Tier 1: Impact*,Infamous Sullen Claw*,Roguish Bolts*,
Sunshot,2907129557,"""6917530189718320136""",favorite,Exotic,0,Hand Cannon,,Energy,Solar,primary,537,Sunburn,,10,Vault,true,false,false,1,1,,100,60,80,41,14,0,0,0,45,150,72,12,91,0,0,0,0,0,0,0,0,27,53,0,0,false,0,373,,,,Sunburn*,Chambered Compensator*,Accurized Rounds*,Sun Blast*,Textured Grip*,Kill Tracker,,,,,,,,,,,,,
Sunshot,2907129557,"""6917530194560713626""",,Exotic,0,Hand Cannon,,Energy,Solar,primary,300,Sunburn,,10,Vault,true,false,false,1,1,,100,60,80,41,14,0,0,0,45,150,72,12,91,0,0,0,0,0,0,0,0,27,53,0,0,false,0,0,,,,Sunburn*,Chambered Compensator*,Accurized Rounds*,Sun Blast*,Textured Grip*,Kill Tracker,,,,,,,,,,,,,
Sunshot,2907129557,"""6917530196105601976""",,Exotic,0,Hand Cannon,,Energy,Solar,primary,300,Sunburn,,10,Vault,true,false,false,1,1,,100,60,80,41,14,0,0,0,45,150,72,12,91,0,0,0,0,0,0,0,0,27,53,0,0,false,0,31,,,,Sunburn*,Chambered Compensator*,Accurized Rounds*,Sun Blast*,Textured Grip*,Kill Tracker,,,,,,,,,,,,,
SUROS Regime,2856683562,"""6917530195201587155""",,Exotic,0,Auto Rifle,,KineticSlot,Kinetic,primary,533,SUROS Legacy,,10,Vault,false,false,false,1,3,,50,68,21,55,16,0,0,0,58,600,73,27,64,0,0,0,0,0,0,0,0,31,90,0,0,false,0,0,suros,,,SUROS Legacy*,Hammer-Forged Rifling*,Tactical Mag*,Spinning Up*,Dual Speed Receiver,Hand-Laid Stock*,Kill Tracker,,,,,,,,,,,,
Survivor's Epitaph,4059111040,"""6917530193872789908""",,Legendary,4,Hand Cannon,dungeon,KineticSlot,Kinetic,primary,461,Precision Frame,Range,5,Vault,false,false,false,8,28,,100,74,78,37,14,0,0,0,56,180,27,16,55,0,0,0,0,0,0,0,0,45,47,0,0,false,0,0,tex-mechanica,,,Precision Frame*,Arrowhead Brake*,Fluted Barrel,Extended Mag*,Alloy Magazine,Rapid Hit*,Eye of the Storm,Kill Clip*,Adagio,Roar of Battle*,Tex Balanced Stock,Kill Tracker,Tier 5: Range*,,,,,,
Sweet Business,1345867570,"""6917530191590590118""",,Exotic,0,Auto Rifle,,KineticSlot,Kinetic,primary,329,Payday,,10,Vault,true,false,false,1,1,,100,80,18,35,16,0,0,0,55,360,0,150,5,0,0,0,0,0,0,0,0,32,80,0,0,false,0,0,,,,Payday*,Polygonal Rifling*,Armor-Piercing Rounds*,Business Time*,Composite Stock*,Kill Tracker,,,,,,,,,,,,,
Syncopation-53,2856514843,"""6917530196134557035""",,Legendary,0,Pulse Rifle,engram,KineticSlot,Stasis,primary,540,Adaptive Frame,Reload Speed,4,Warlock(504),false,false,false,5,16,,89,66,29,51,19,0,0,0,79,390,46,36,41,0,0,0,0,0,0,0,0,14,45,0,0,false,0,0,suros,,,Adaptive Frame*,Chambered Compensator*,Fluted Barrel,Ricochet Rounds*,Light Mag,Hip-Fire Grip*,Headseeker*,Suros Synergy*,Kill Tracker,Tier 4: Reload Speed*,,,,,,,,,
Tarnished Mettle,2218569744,"""6917530195199908421""",,Legendary,0,Scout Rifle,plunder,Energy,Arc,primary,527,Lightweight Frame,Handling,2,Vault,false,false,false,5,18,,52,73,60,40,20,0,0,0,33,200,53,17,68,0,0,0,0,0,0,0,0,18,49,0,0,false,0,0,,,,Lightweight Frame*,Hammer-Forged Rifling*,Smallbore,Appended Mag*,Tactical Mag,Demolitionist*,Explosive Payload*,Right Hook*,Kill Tracker,Tier 2: Handling*,,,,,,,,,
Tatara Gaze,2531614757,"""6917530193264895798""",,Legendary,3,Sniper Rifle,blackarmory,Energy,Arc,special,411,Aggressive Frame,Handling,2,Vault,false,false,false,8,28,,79,49,90,81,50,0,0,0,35,72,37,3,47,0,0,0,0,0,0,0,0,4,45,0,0,false,0,0,,,,Aggressive Frame*,Fluted Barrel*,Full Bore,Accurized Rounds*,Steady Rounds,Impromptu Ammunition*,Snapshot Sights,Mega Kill Clip*,Voltshot,Forge's Kin*,Kill Tracker,Tier 2: Handling*,New Age Black Armory*,,,,,,
Tatara Gaze,2531614757,"""6917530198244453992""",,Legendary,4,Sniper Rifle,blackarmory,Energy,Arc,special,550,Aggressive Frame,Stability,4,Vault,false,false,false,8,28,,100,49,90,71,50,0,0,0,40,72,48,4,42,0,0,0,0,0,0,0,0,4,45,0,0,false,0,0,,,,Aggressive Frame*,Arrowhead Brake*,Full Bore,Tactical Mag*,Alloy Magazine,Rewind Rounds*,Discord,Mega Kill Clip*,Triple Tap,Forge's Kin*,Kill Tracker,Tier 4: Stability*,,,,,,,
Telesto,2208405142,"""6917530195201591123""",,Exotic,0,Fusion Rifle,,Energy,Void,special,537,Unplanned Reprieve,,10,Vault,false,false,false,1,2,,66,46,85,35,20,0,0,0,79,0,80,4,62,833,0,0,0,0,0,0,0,9,55,0,0,false,0,0,,,,Unplanned Reprieve*,Projection Fuse*,Harbinger's Pulse*,Polymer Grip*,Kill Tracker,,,,,,,,,,,,,,
Tempered Dynamo,2274706510,"""6917530193055989853""",,Legendary,3,Fusion Rifle,monumentoftriumph,Energy,Arc,special,395,Aggressive Frame,Reload Speed,1,Vault,false,false,false,8,28,,90,65,90,52,15,0,0,0,57,0,35,5,33,667,0,0,0,0,0,0,0,8,30,0,0,false,0,0,,,,Aggressive Frame*,Chambered Compensator*,Extended Barrel,Accelerated Coils*,Enhanced Battery,Backup Plan*,Overflow,Rampage*,Closing Time,Forge's Kin*,Kill Tracker,Tier 1: Reload Speed*,New Age Black Armory*,,,,,,
Tempered Dynamo,2274706510,"""6917530193057930729""",,Legendary,4,Fusion Rifle,monumentoftriumph,Energy,Arc,special,492,Aggressive Frame,Handling,10,Vault,true,false,false,8,28,,80,65,90,62,15,0,0,0,57,0,40,7,57,653,0,0,0,0,0,0,0,8,30,0,0,false,0,3,,,,Aggressive Frame*,Corkscrew Rifling*,Hammer-Forged Rifling,Accelerated Coils*,Enhanced Battery,Rewind Rounds*,Opening Shot,Rampage,Jolting Feedback*,Forge's Kin*,Kill Tracker,Backup Mag*,Masterworked: Handling*,New Age Black Armory*,,,,,
Tempered Dynamo,2274706510,"""6917530193281366466""",,Legendary,3,Fusion Rifle,monumentoftriumph,Energy,Arc,special,413,Aggressive Frame,Stability,2,Vault,false,false,false,8,28,,90,65,90,62,15,0,0,0,49,0,34,5,28,667,0,0,0,0,0,0,0,8,30,0,0,false,0,0,,,,Aggressive Frame*,Extended Barrel*,Polygonal Rifling,Accelerated Coils*,Particle Repeater,Backup Plan*,Kickstart,Kill Clip*,Discord,Forge's Kin*,Kill Tracker,Tier 2: Stability*,New Age Black Armory*,,,,,,
Tempered Dynamo,2274706510,"""6917530195148068143""",,Legendary,3,Fusion Rifle,monumentoftriumph,Energy,Arc,special,538,Aggressive Frame,Reload Speed,1,Vault,false,false,false,8,28,,80,65,95,67,15,0,0,0,37,0,15,7,33,667,0,0,0,0,0,0,0,8,30,0,0,false,0,0,,,,Aggressive Frame*,Full Bore*,Hammer-Forged Rifling,Ionized Battery*,Particle Repeater,Backup Plan*,Opening Shot,Rampage*,Jolting Feedback,Forge's Kin*,Kill Tracker,Tier 1: Reload Speed*,House of Meyrin*,,,,,,
Temptation's Hook,3977827673,"""6917530193260728619""",,Legendary,3,Sword,heresy,Power,Arc,heavy,397,Caster Frame,Impact,1,Vault,true,false,false,8,28,,0,0,62,0,0,0,0,0,0,0,0,62,0,0,0,0,50,40,40,40,0,0,0,0,0,false,0,0,,,,Caster Frame*,Honed Edge*,Tempered Edge,Balanced Guard*,Burst Guard,Tireless Blade*,Duelist's Trance,Jolting Feedback*,Whirlwind Blade,Paracausal Fluid*,Kill Tracker,Tier 1: Impact*,,,,,,,
Temptation's Hook,3977827673,"""6917530195720090999""",,Legendary,3,Sword,heresy,Power,Arc,heavy,540,Caster Frame,Impact,4,Vault,true,false,false,8,28,,0,0,60,0,0,0,0,0,0,0,0,69,0,0,0,0,50,40,40,40,0,0,0,0,0,false,0,66,,,,Caster Frame*,Enduring Blade*,Jagged Edge,Balanced Guard*,Swordmaster's Guard,Relentless Strikes*,Attrition Orbs,Jolting Feedback*,Assassin's Blade,Paracausal Fluid*,Kill Tracker,Tier 5: Impact*,,,,,,,
Temptation's Hook,3977827673,"""6917530196239507362""",,Legendary,3,Sword,heresy,Power,Arc,heavy,540,Caster Frame,Impact,4,Titan(542),false,true,false,8,28,,0,0,64,0,0,0,0,0,0,0,0,62,0,0,0,0,50,80,20,40,0,0,0,0,0,false,0,0,,,,Caster Frame*,Honed Edge*,Tempered Edge,Burst Guard*,Swordmaster's Guard,Relentless Strikes*,Sharp Harvest,Chain Reaction*,En Garde,Paracausal Fluid*,Kill Tracker,Tier 5: Impact*,,,,,,,
Temptation's Hook,3977827673,"""6917530197269419061""",,Legendary,5,Sword,heresy,Power,Arc,heavy,550,Caster Frame,Impact,4,Vault,true,false,false,8,28,,0,0,62,0,0,0,0,0,0,0,0,66,0,0,0,0,50,41,63,40,0,0,0,0,0,false,0,0,,,,Caster Frame*,Hungry Edge*,Tempered Edge,Balanced Guard*,Swordmaster's Guard,Tireless Blade*,Relentless Strikes,Duelist's Trance,Chain Reaction*,Rolling Storm,Assassin's Blade,Paracausal Fluid*,Kill Tracker,Tier 5: Impact*,Triumphant Pulse*,,,,
Terminus Horizon,3814261872,"""6917530198103355320""",,Legendary,5,Machine Gun,dungeon,Power,Arc,heavy,550,High-Impact Frame,Handling,2,Vault,false,false,false,8,28,,100,35,70,64,17,0,0,0,25,360,26,55,52,0,0,0,0,0,0,0,0,17,48,0,0,false,0,0,tex-mechanica,,,High-Impact Frame*,Arrowhead Brake*,Smallbore,Alloy Magazine,Appended Mag*,Fourth Time's the Charm,Trickle Charge*,Feeding Frenzy,Jolting Feedback*,Mega Kill Clip,Target Lock,Tex Balanced Stock*,Kill Tracker,Tier 2: Handling*,Triumphant Pulse*,,,,
Terminus Horizon,3814261872,"""6917530198139023221""",,Legendary,5,Machine Gun,dungeon,Power,Arc,heavy,550,High-Impact Frame,Range,4,Vault,false,false,false,8,28,,74,35,70,74,17,0,0,0,31,360,6,59,43,0,0,0,0,0,0,0,0,27,48,0,0,false,0,0,tex-mechanica,,,High-Impact Frame*,Corkscrew Rifling*,Polygonal Rifling,Extended Mag*,Armor-Piercing Rounds,Meganeura*,Fourth Time's the Charm,Trickle Charge,Gear Shift*,Jolting Feedback,Target Lock,Tex Balanced Stock*,Kill Tracker,Tier 4: Range*,Triumphant Pulse*,,,,
Tessellation,3561203890,"""6917530189706969507""",favorite,Exotic,0,Fusion Rifle,deluxe,Energy,Kinetic,special,550,Property: Undecidable,,,Vault,true,false,false,6,22,,75,44,70,51,15,0,0,0,59,0,32,6,33,667,0,0,0,0,0,0,0,9,33,0,0,false,0,19,,,,Property: Undecidable*,Polygonal Rifling*,Projection Fuse*,Property: Irreducible*,Composite Stock*,Kill Tracker,Empty Catalyst Socket*,,,,,,,,,,,,
The Call,3947966653,"""6917530197247966838""",,Legendary,5,Sidearm,paleheart,KineticSlot,Strand,special,550,Micro-Missile Frame,Blast Radius,10,Vault,false,false,false,7,24,,75,70,0,0,18,62,61,0,40,100,42,18,40,0,0,0,0,0,0,0,0,14,25,0,0,crafted,59,1691,,"00002:INMORTAL - NOX,Prismatic",,Micro-Missile Frame*,Volatile Launch*,Appended Mag*,Slice*,Chaos Reshaped*,Dealer's Choice*,Kill Tracker,Backup Mag*,,,,,,,,,,,
The Chaperone,3413860062,"""6917530194355662752""",,Exotic,0,Shotgun,exoticquest,KineticSlot,Kinetic,special,502,Precision Slug,,,Vault,false,false,false,2,4,,50,70,66,100,12,0,0,0,30,87,30,7,80,0,0,0,0,0,0,0,0,1,65,0,0,false,0,37,tex-mechanica,00001:Prismatic,,Precision Slug*,Hammer-Forged Rifling*,Accurized Rounds*,The Roadborn*,Hand-Laid Stock*,Kill Tracker,Empty Catalyst Socket*,,,,,,,,,,,,
The Colony,3899270607,"""6917530195201585010""",,Exotic,0,Grenade Launcher,,Power,Void,heavy,527,Insectoid Robot Grenades,,10,Vault,false,false,false,1,2,,80,60,0,0,13,35,35,0,90,140,70,7,85,0,0,0,0,0,0,0,0,24,70,0,0,false,0,0,veist,,,Insectoid Robot Grenades*,Linear Compensator*,High-Velocity Rounds*,Serve the Colony*,Composite Stock*,Kill Tracker,,,,,,,,,,,,,
The Deicide,1517780158,"""6917530196248732670""",,Legendary,5,Shotgun,engram,Energy,Arc,special,540,Rapid-Fire Frame,Handling,5,Vault,false,false,false,8,28,,62,66,65,38,12,0,0,0,32,140,45,8,29,0,0,0,0,0,0,0,0,12,51,0,0,false,0,0,,,,Rapid-Fire Frame*,Rifled Barrel*,Corkscrew Rifling,Extended Mag*,Steady Rounds,Slideshot*,Light Touch,Threat Detector,One-Two Punch*,Voltshot,Butterfly,Fail-deadly*,Nadir Focus,Kill Tracker,Tier 5: Handling*,Triumphant Pulse*,,,
The Enigma,2595497736,"""6917530195176309502""",,Legendary,0,Glaive,campaign,Energy,Void,special,540,Adaptive Glaive,,,Vault,true,false,false,5,16,,0,61,80,70,0,0,0,0,0,55,40,7,35,0,0,0,0,0,0,0,35,5,45,0,0,crafted,1,177,,,,Adaptive Glaive*,Ballistic Tuning*,Alloy Magazine*,Tilting at Windmills*,Unrelenting*,Psychohack*,Kill Tracker,Backup Mag*,Gambit Memento*,,,,,,,,,,
The Helmsman,2325078119,"""6917530195837746409""",,Legendary,5,Sniper Rifle,monumentoftriumph,Energy,Arc,special,550,High-Impact Frame,Stability,1,Vault,true,false,false,8,28,,89,59,90,71,25,0,0,0,39,72,19,8,37,0,0,0,0,0,0,0,0,4,43,0,0,false,0,2,field-forged,,,High-Impact Frame*,Chambered Compensator*,Smallbore,Accurized Rounds*,Appended Mag,No Distractions*,Light Touch,Lone Wolf,Box Breathing*,Closing Time,Vorpal Weapon,Roar of Battle*,Field-Tested,Kill Tracker,Tier 1: Stability*,Triumphant Pulse*,,,
The Hothead,1692372662,"""6917530193979703767""",,Legendary,3,Rocket Launcher,monumentoftriumph,Power,Arc,heavy,459,Adaptive Frame,Blast Radius,1,Vault,false,false,false,8,28,,75,67,0,0,20,36,82,0,45,20,45,1,47,0,0,0,0,0,0,0,0,8,34,0,0,false,0,0,,,,Adaptive Frame*,Hard Launch*,Smart Drift Control,Implosion Rounds*,Impact Casing,Reconstruction*,Impulse Amplifier,Aggregate Charge,Bait and Switch*,Problem Solver*,Vanguard Determination,Kill Tracker,Tier 1: Blast Radius*,,,,,,
The Hothead (Adept),1866778462,"""6917530193260725294""",,Legendary,0,Rocket Launcher,nightfall,Power,Arc,heavy,397,Adaptive Frame,Reload Speed,1,Vault,false,false,false,4,15,,75,67,0,0,20,45,72,0,40,20,46,1,47,0,0,0,0,0,0,0,0,8,34,0,0,false,0,0,,,,Adaptive Frame*,Hard Launch*,Impact Casing*,Tracking Module*,Clown Cartridge*,Stunning Recovery*,Vanguard's Vindication,Kill Tracker,Tier 1: Reload Speed*,,,,,,,,,,
The Huckleberry,2286143274,"""6917530194254871385""",,Exotic,0,Submachine Gun,,KineticSlot,Kinetic,primary,478,Ride the Bull,,10,Vault,false,false,false,1,3,,100,49,22,53,15,0,0,0,51,750,0,42,86,0,0,0,0,0,0,0,0,33,100,0,0,false,0,505,tex-mechanica,,,Ride the Bull*,Fluted Barrel*,Ricochet Rounds*,Rampage*,Short-Action Stock*,Kill Tracker,Huckleberry Catalyst*,,,,,,,,,,,,
The Jade Rabbit,3844694310,"""6917530191379503775""",,Exotic,0,Scout Rifle,,KineticSlot,Kinetic,primary,328,The Fate of All Fools,,10,Vault,true,false,false,1,2,,100,60,67,85,20,0,0,0,50,150,54,15,21,0,0,0,0,0,0,0,0,29,30,0,0,false,0,0,daito,,,The Fate of All Fools*,Polygonal Rifling*,High-Caliber Rounds*,Shoot to Loot*,Firefly*,Kill Tracker,,,,,,,,,,,,,
The Lament,3487253372,"""6917530195793773949""",,Exotic,0,Sword,europa,Power,Solar,heavy,540,Banshee's Wail,,,Hunter(542),false,false,false,4,12,,0,0,78,0,0,0,0,0,0,0,0,65,0,0,0,0,20,50,90,40,0,0,0,0,0,false,0,51,,,,Banshee's Wail*,Jagged Edge*,Enduring Guard*,Tireless Blade*,Revved Consumption*,Kill Tracker,Empty Catalyst Socket*,,,,,,,,,,,,
The Palindrome,739029152,"""6917530193798351593""",,Legendary,2,Hand Cannon,monumentoftriumph,Energy,Arc,primary,440,Adaptive Frame,Stability,2,Vault,false,false,false,8,28,,98,79,84,50,14,0,0,0,65,140,27,13,65,0,0,0,0,0,0,0,0,31,50,0,0,false,0,0,,,,Adaptive Frame*,Fluted Barrel*,Hammer-Forged Rifling,Extended Mag*,Alloy Magazine,Explosive Payload*,Rolling Storm*,Problem Solver*,Vanguard Determination,Wild Card,Kill Tracker,Tier 2: Stability*,,,,,,,
The Palindrome,3303271523,"""6917530193954045115""",,Legendary,2,Hand Cannon,,Energy,Arc,primary,450,Adaptive Frame,Range,10,Warlock(504),false,false,false,8,28,,100,79,84,72,14,0,0,0,60,140,49,10,62,0,0,0,0,0,0,0,0,21,50,0,0,false,0,0,,,,Adaptive Frame*,Arrowhead Brake*,Hammer-Forged Rifling,Accurized Rounds*,Steady Rounds,Explosive Payload*,Rolling Storm*,Accelerated Assault*,Problem Solver,Vanguard Determination,Kill Tracker,Masterworked: Range*,,,,,,,
The Palindrome,739029152,"""6917530193981531578""",,Legendary,3,Hand Cannon,monumentoftriumph,Energy,Arc,primary,459,Adaptive Frame,Stability,1,Vault,false,false,false,8,28,,100,79,84,50,14,0,0,0,69,140,47,12,45,0,0,0,0,0,0,0,0,21,50,0,0,false,0,0,,,,Adaptive Frame*,Chambered Compensator*,Smallbore,Appended Mag*,Steady Rounds,Explosive Payload*,Outlaw,Rolling Storm*,Opening Shot,Problem Solver*,Vanguard Determination,Wild Card,Kill Tracker,Tier 1: Stability*,,,,,
The Palindrome,739029152,"""6917530193985747989""",,Legendary,4,Hand Cannon,monumentoftriumph,Energy,Arc,primary,461,Adaptive Frame,Handling,1,Vault,false,false,false,8,28,,98,79,84,68,14,0,0,0,64,140,47,10,56,0,0,0,0,0,0,0,0,21,50,0,0,false,0,0,,,,Adaptive Frame*,Corkscrew Rifling*,Fluted Barrel,Accurized Rounds*,Steady Rounds,Explosive Payload*,Lone Wolf,Magnificent Howl*,Opening Shot,Problem Solver*,Vanguard Determination,Wild Card,Kill Tracker,Tier 1: Handling*,,,,,
The Palindrome,739029152,"""6917530197727040651""",,Legendary,5,Hand Cannon,monumentoftriumph,Energy,Arc,primary,550,Adaptive Frame,Handling,1,Vault,false,false,false,8,28,,100,79,84,50,14,0,0,0,69,140,49,12,47,0,0,0,0,0,0,0,0,21,50,0,0,false,0,0,,,,Adaptive Frame*,Chambered Compensator*,Extended Barrel,Appended Mag*,Steady Rounds,Explosive Payload*,Supercharged Magazine,Collective Demolition,Rolling Storm*,Magnificent Howl,Voltshot,Problem Solver*,Vanguard Determination,Wild Card,Kill Tracker,Tier 1: Handling*,Triumphant Pulse*,,
The Palindrome,739029152,"""6917530198276668996""",,Legendary,4,Hand Cannon,monumentoftriumph,Energy,Arc,primary,550,Adaptive Frame,Reload Speed,3,Vault,false,false,false,8,28,,100,79,84,73,14,0,0,0,58,140,50,10,41,0,0,0,0,0,0,0,0,21,50,0,0,false,0,0,,,,Adaptive Frame*,Extended Barrel*,Smallbore,Accurized Rounds*,Appended Mag,Explosive Payload*,Supercharged Magazine,Rolling Storm*,Master of Arms,Problem Solver*,Vanguard Determination,Wild Card,Kill Tracker,Tier 3: Reload Speed*,,,,,
The Prospector,3549153979,"""6917530191173030652""",,Exotic,0,Grenade Launcher,,Power,Arc,heavy,310,Excavation,,10,Vault,true,false,false,1,1,,75,60,0,0,13,25,55,0,45,165,5,6,45,0,0,0,0,0,0,0,0,15,30,0,0,false,0,0,tex-mechanica,,,Excavation*,Volatile Launch*,Augmented Drum*,Full Auto Trigger System*,Hand-Laid Stock*,Kill Tracker,,,,,,,,,,,,,
The Prospector,3549153979,"""6917530195196521758""",,Exotic,0,Grenade Launcher,,Power,Arc,heavy,527,Excavation,,10,Vault,false,false,false,1,1,,75,60,0,0,13,25,55,0,45,165,5,6,45,0,0,0,0,0,0,0,0,15,30,0,0,false,0,61,tex-mechanica,,,Excavation*,Volatile Launch*,Augmented Drum*,Full Auto Trigger System*,Hand-Laid Stock*,Kill Tracker,,,,,,,,,,,,,
The Queenbreaker,2044500762,"""6917530194368228321""",,Exotic,0,Linear Fusion Rifle,,Power,Arc,heavy,499,Wire Rifle,,10,Vault,true,false,false,2,4,,80,60,41,50,25,0,0,0,90,0,60,6,35,633,0,0,0,0,0,0,0,18,90,0,0,false,0,406,,,,Wire Rifle*,Marksman Sights,Combat Sights*,Enhanced Battery*,Hip-Fire Grip,Quickdraw*,Fitted Stock*,Kill Tracker,The Queenbreaker Catalyst*,,,,,,,,,,
The Ringing Nail,3326135421,"""6917530193051919869""",,Legendary,3,Auto Rifle,monumentoftriumph,Energy,Solar,primary,392,Precision Frame,Stability,2,Vault,false,false,false,8,28,,79,37,29,76,16,0,0,0,58,450,47,33,36,0,0,0,0,0,0,0,0,10,50,0,0,false,0,0,,,,Precision Frame*,Extended Barrel*,Hammer-Forged Rifling,Ricochet Rounds*,Flared Magwell,Dragonfly*,Incandescent,Sword Logic*,Firefly,Forge's Kin*,Kill Tracker,Tier 2: Stability*,Satou Tribe*,,,,,,
The Ringing Nail,3326135421,"""6917530193080580525""",,Legendary,3,Auto Rifle,monumentoftriumph,Energy,Solar,primary,404,Precision Frame,Handling,1,Vault,true,false,false,8,28,,69,37,29,61,16,0,0,0,51,450,27,39,62,0,0,0,0,0,0,0,0,20,50,0,0,false,0,0,,,,Precision Frame*,Fluted Barrel*,Hammer-Forged Rifling,Extended Mag*,Flared Magwell,Incandescent*,Keep Away,Burning Ambition*,Disruption Break,Forge's Kin*,Kill Tracker,Tier 1: Handling*,New Age Black Armory*,,,,,,
The Ringing Nail,3326135421,"""6917530193283134062""",,Legendary,3,Auto Rifle,monumentoftriumph,Energy,Solar,primary,412,Precision Frame,Reload Speed,3,Vault,false,false,false,8,28,,69,37,29,71,16,0,0,0,61,450,50,33,51,0,0,0,0,0,0,0,0,10,50,0,0,false,0,0,,,,Precision Frame*,Corkscrew Rifling*,Hammer-Forged Rifling,Ricochet Rounds*,Light Mag,Rewind Rounds*,Keep Away,Onslaught*,Burning Ambition,Forge's Kin*,Kill Tracker,Tier 3: Reload Speed*,New Age Black Armory*,,,,,,
The Ringing Nail,3326135421,"""6917530197081461224""",,Legendary,5,Auto Rifle,monumentoftriumph,Energy,Solar,primary,550,Precision Frame,Range,10,Hunter(542),true,false,false,8,28,,69,37,29,82,16,0,0,0,57,450,54,45,56,0,0,0,0,0,0,0,0,10,50,0,0,false,0,3504,,"00002:Dungeon,Gambit",,Precision Frame*,Corkscrew Rifling*,Fluted Barrel,Alloy Magazine,Appended Mag*,Dragonfly,Incandescent*,Onslaught,Burning Ambition*,Forge's Kin*,Kill Tracker,Backup Mag*,Masterworked: Range*,,,,,,
The Ringing Nail,3326135421,"""6917530197457799536""",,Legendary,4,Auto Rifle,monumentoftriumph,Energy,Solar,primary,550,Precision Frame,Reload Speed,1,Vault,false,false,false,8,28,,69,37,29,73,16,0,0,0,46,450,50,37,46,0,0,0,0,0,0,0,0,10,50,0,0,false,0,0,,,,Precision Frame*,Hammer-Forged Rifling*,Polygonal Rifling,Appended Mag*,High-Caliber Rounds,Incandescent*,Heal Clip,Burning Ambition*,Disruption Break,Forge's Kin*,Kill Tracker,Tier 1: Reload Speed*,,,,,,,
The Ringing Nail,3326135421,"""6917530198121157878""",,Legendary,4,Auto Rifle,monumentoftriumph,Energy,Solar,primary,550,Precision Frame,Reload Speed,1,Vault,false,false,false,8,28,,69,37,29,61,16,0,0,0,52,450,48,33,62,0,0,0,0,0,0,0,0,10,50,0,0,false,0,0,,,,Precision Frame*,Fluted Barrel*,Smallbore,Alloy Magazine*,Armor-Piercing Rounds,Incandescent*,Impromptu Ammunition,Burning Ambition*,Firefly,Forge's Kin*,Kill Tracker,Tier 1: Reload Speed*,,,,,,,
The Slammer,2466028274,"""6917530193955973177""",,Legendary,3,Sword,monumentoftriumph,Power,Stasis,heavy,450,Vortex Frame,Impact,1,Vault,false,false,false,8,28,,0,0,60,0,0,0,0,0,0,0,0,71,0,0,0,0,20,40,40,40,0,0,0,0,0,false,0,0,omolon,,,Vortex Frame*,Hungry Edge*,Honed Edge,Jagged Edge,Balanced Guard*,Burst Guard,Relentless Strikes*,Flash Counter,Bait and Switch*,Surrounded,Problem Solver*,Vanguard Determination,Kill Tracker,Tier 1: Impact*,,,,,
The Slammer,2466028274,"""6917530193959711790""",,Legendary,5,Sword,monumentoftriumph,Power,Stasis,heavy,465,Vortex Frame,Impact,1,Vault,true,false,false,8,28,,0,0,60,0,0,0,0,0,0,0,0,71,0,0,0,0,20,82,2,40,0,0,0,0,0,false,0,0,omolon,,,Vortex Frame*,Hungry Edge*,Honed Edge,Tempered Edge,Burst Guard*,Swordmaster's Guard,Eager Edge*,Chain Reaction,Rimestealer,Bait and Switch*,Whirlwind Blade,Sword Logic,Problem Solver*,Vanguard Determination,Kill Tracker,Tier 1: Impact*,Triumphant Pulse*,,
The Slammer,2466028274,"""6917530193975691033""",,Legendary,5,Sword,monumentoftriumph,Power,Stasis,heavy,469,Vortex Frame,Impact,1,Vault,false,false,false,8,28,,0,0,60,0,0,0,0,0,0,0,0,71,0,0,0,0,20,82,2,40,0,0,0,0,0,false,0,0,omolon,,,Vortex Frame*,Hungry Edge*,Honed Edge,Tempered Edge,Burst Guard*,Swordmaster's Guard,Eager Edge*,Relentless Strikes,Collective Demolition,Bait and Switch*,Surrounded,Sword Logic,Problem Solver*,Vanguard Determination,Kill Tracker,Tier 1: Impact*,Triumphant Pulse*,,
The Slammer,2466028274,"""6917530193977889431""",,Legendary,5,Sword,monumentoftriumph,Power,Stasis,heavy,472,Vortex Frame,Impact,2,Vault,false,false,false,8,28,,0,0,61,0,0,0,0,0,0,0,0,73,0,0,0,0,20,41,63,40,0,0,0,0,0,false,0,0,omolon,,,Vortex Frame*,Hungry Edge*,Honed Edge,Jagged Edge,Balanced Guard*,Enduring Guard,Chain Reaction*,Relentless Strikes,Flash Counter,Cold Steel*,Bait and Switch,Chaos Reshaped,Problem Solver*,Vanguard Determination,Kill Tracker,Tier 2: Impact*,Triumphant Pulse*,,
The Slammer,2466028274,"""6917530193979704735""",,Legendary,2,Sword,monumentoftriumph,Power,Stasis,heavy,459,Vortex Frame,Impact,1,Vault,false,false,false,8,28,,0,0,60,0,0,0,0,0,0,0,0,71,0,0,0,0,20,40,40,40,0,0,0,0,0,false,0,0,omolon,,,Vortex Frame*,Hungry Edge*,Jagged Edge,Tempered Edge,Balanced Guard*,Enduring Guard,Eager Edge*,Chaos Reshaped*,Problem Solver*,Vanguard Determination,Kill Tracker,Tier 1: Impact*,,,,,,,
The Slammer,2466028274,"""6917530193981529121""",,Legendary,5,Sword,monumentoftriumph,Power,Stasis,heavy,550,Vortex Frame,Impact,10,Hunter(542),true,false,false,8,28,,0,0,64,0,0,0,0,0,0,0,0,76,0,0,0,0,32,53,48,40,0,0,0,0,0,false,0,121,omolon,00001:Solar,,Vortex Frame*,Enduring Blade*,Jagged Edge,Tempered Edge,Balanced Guard*,Swordmaster's Guard,Eager Edge*,Flash Counter,Collective Demolition,Cold Steel*,Bait and Switch,Surrounded,Problem Solver*,Vanguard Determination,Kill Tracker,Edge*,Masterworked: Impact*,Triumphant Pulse*,
The Slammer,2466028274,"""6917530193984106861""",,Legendary,5,Sword,monumentoftriumph,Power,Stasis,heavy,472,Vortex Frame,Impact,1,Vault,false,false,false,8,28,,0,0,60,0,0,0,0,0,0,0,0,71,0,0,0,0,20,41,43,40,0,0,0,0,0,false,0,0,omolon,,,Vortex Frame*,Hungry Edge*,Enduring Blade,Jagged Edge,Balanced Guard*,Heavy Guard,Relentless Strikes*,Rimestealer,Flash Counter,Whirlwind Blade*,Sword Logic,Chaos Reshaped,Problem Solver*,Vanguard Determination,Kill Tracker,Tier 1: Impact*,Triumphant Pulse*,,
The Slammer,2466028274,"""6917530193988245041""",,Legendary,5,Sword,monumentoftriumph,Power,Stasis,heavy,502,Vortex Frame,Impact,2,Warlock(504),true,false,false,8,28,,0,0,61,0,0,0,0,0,0,0,0,73,0,0,0,0,20,41,43,40,0,0,0,0,0,false,0,13,omolon,,,Vortex Frame*,Hungry Edge*,Enduring Blade,Jagged Edge,Balanced Guard*,Heavy Guard,Eager Edge*,Chain Reaction,Flash Counter,Cold Steel*,Surrounded,Sword Logic,Problem Solver*,Vanguard Determination,Kill Tracker,Tier 2: Impact*,Triumphant Pulse*,,
The Slammer,2466028274,"""6917530196743360129""",,Legendary,3,Sword,monumentoftriumph,Power,Stasis,heavy,550,Vortex Frame,Impact,3,Vault,false,false,false,8,28,,0,0,61,0,0,0,0,0,0,0,0,73,0,0,0,0,20,40,40,40,0,0,0,0,0,false,0,0,omolon,,,Vortex Frame*,Hungry Edge*,Honed Edge,Jagged Edge,Balanced Guard*,Enduring Guard,Eager Edge*,Collective Demolition,Cold Steel*,Bait and Switch,Problem Solver*,Vanguard Determination,Kill Tracker,Tier 3: Impact*,,,,,
The Spiteful Fang,1094998581,"""6917530193072450701""",,Legendary,3,Combat Bow,monumentoftriumph,KineticSlot,Stasis,primary,402,Lightweight Frame,Reload Speed,3,Vault,false,false,false,8,28,,50,76,68,0,18,0,0,0,55,0,63,0,71,0,600,49,0,0,0,0,0,10,66,0,0,false,0,0,,,,Lightweight Frame*,High Tension String*,Natural String,Carbon Arrow Shaft*,Straight Fletching,Archer's Tempo*,Impromptu Ammunition,Rampage*,Firefly,Forge's Kin*,Kill Tracker,Tier 3: Reload Speed*,New Age Black Armory*,,,,,,
The Spiteful Fang,1094998581,"""6917530193085028258""",,Legendary,3,Combat Bow,monumentoftriumph,KineticSlot,Stasis,primary,407,Lightweight Frame,Handling,1,Vault,false,false,false,8,28,,50,76,68,0,18,0,0,0,70,0,60,0,72,0,567,39,0,0,0,0,0,10,66,0,0,false,0,38,,,,Lightweight Frame*,Tactile String*,Elastic String,Carbon Arrow Shaft*,Fiberglass Arrow Shaft,Archer's Tempo*,Successful Warm-Up,Firefly*,Crystalline Corpsebloom,Forge's Kin*,Kill Tracker,Tier 1: Handling*,New Age Black Armory*,,,,,,
The Spiteful Fang,1094998581,"""6917530193087044123""",,Legendary,3,Combat Bow,monumentoftriumph,KineticSlot,Stasis,primary,407,Lightweight Frame,Accuracy,1,Vault,false,false,false,8,28,,50,76,68,0,18,0,0,0,50,0,60,0,86,0,567,50,0,0,0,0,0,10,66,0,0,false,0,0,,,,Lightweight Frame*,Agile Bowstring*,Polymer String,Fiberglass Arrow Shaft*,Straight Fletching,Rimestealer*,Archer's Tempo,Firefly*,Frenzy,Forge's Kin*,Kill Tracker,Tier 1: Target Acquisition*,New Age Black Armory*,,,,,,
The Spiteful Fang,1094998581,"""6917530193289085373""",,Legendary,3,Combat Bow,monumentoftriumph,KineticSlot,Stasis,primary,413,Lightweight Frame,Accuracy,2,Vault,false,false,false,8,28,,50,76,68,0,18,0,0,0,70,0,60,0,71,0,567,41,0,0,0,0,0,10,66,0,0,false,0,0,,,,Lightweight Frame*,Tactile String*,Flexible String,Carbon Arrow Shaft*,Straight Fletching,Perfect Float*,Headstone,Frenzy*,Crystalline Corpsebloom,Forge's Kin*,Kill Tracker,Tier 2: Target Acquisition*,House of Meyrin*,,,,,,
The Spiteful Fang,1094998581,"""6917530197469267046""",,Legendary,4,Combat Bow,monumentoftriumph,KineticSlot,Stasis,primary,550,Lightweight Frame,Draw Time,2,Vault,false,false,false,8,28,,50,76,68,0,18,0,0,0,61,0,71,0,82,0,560,40,0,0,0,0,0,10,66,0,0,false,0,0,,,,Lightweight Frame*,Tactile String*,Polymer String,Compact Arrow Shaft*,Fiberglass Arrow Shaft,Rimestealer*,Impulse Amplifier,Rampage*,Firefly,Forge's Kin*,Kill Tracker,Tier 2: Draw Time*,,,,,,,
The Spiteful Fang,1704597062,"""6917530197477228094""",,Legendary,4,Combat Bow,,KineticSlot,Stasis,primary,550,Lightweight Frame,Draw Time,3,Vault,false,false,true,8,28,,50,76,68,0,18,0,0,0,56,0,71,0,98,0,557,34,0,0,0,0,0,10,66,0,0,false,0,0,,,,Lightweight Frame*,Agile Bowstring*,Tactile String,Compact Arrow Shaft*,Natural Fletching,Archer's Tempo*,Impulse Amplifier,Firefly*,Crystalline Corpsebloom,Forge's Kin*,Kill Tracker,Tier 3: Draw Time*,,,,,,,
The Spiteful Fang,1094998581,"""6917530198217213747""",,Legendary,4,Combat Bow,monumentoftriumph,KineticSlot,Stasis,primary,550,Lightweight Frame,Handling,2,Vault,false,false,false,8,28,,50,76,68,0,18,0,0,0,56,0,71,0,100,0,567,34,0,0,0,0,0,10,66,0,0,false,0,0,,,,Lightweight Frame*,Agile Bowstring*,Polymer String,Compact Arrow Shaft*,Natural Fletching,Archer's Tempo*,Impulse Amplifier,Archer's Gambit*,Frenzy,Forge's Kin*,Kill Tracker,Tier 2: Handling*,,,,,,,
The Wardcliff Coil,1508896098,"""6917530192052893264""",,Exotic,0,Rocket Launcher,,Power,Arc,heavy,352,Mad Scientist,,10,Vault,true,false,false,1,1,,60,80,0,0,15,25,95,0,55,60,30,1,80,0,0,0,0,0,0,0,0,11,0,0,0,false,0,0,,,,Mad Scientist*,Volatile Launch*,Extended Mag*,Mechanized Autoloader*,Composite Stock*,Kill Tracker,,,,,,,,,,,,,
Theodolite,4146673635,"""6917530195514072695""",,Legendary,5,Grenade Launcher,pinnacleops,Energy,Arc,special,550,Micro-Missile Frame,Velocity,1,Vault,true,false,false,8,27,,69,75,0,0,13,100,78,0,38,90,81,1,72,0,0,0,0,0,0,0,0,17,69,0,0,false,0,2,field-forged,,,Micro-Missile Frame*,Confined Launch*,Hard Launch,Sticky Grenades,High-Velocity Rounds*,Reconstruction*,Blast Distributor,Reverberation,Voltshot*,Reaper's Tithe,Elemental Honing,Problem Solver*,Vanguard Determination,Field-Tested,Kill Tracker,Tactical*,Tier 1: Velocity*,Achronal Theodolite*,Sparks Everlasting*
Theodolite,4146673635,"""6917530197104734349""",,Legendary,5,Grenade Launcher,pinnacleops,Energy,Arc,special,540,Micro-Missile Frame,Velocity,1,Vault,false,false,false,8,27,,69,75,0,0,13,100,67,0,50,90,63,1,65,0,0,0,0,0,0,0,0,17,69,0,0,false,0,0,field-forged,,,Micro-Missile Frame*,Confined Launch*,Linear Compensator,Spike Grenades*,Implosion Rounds,Eddy Current*,Reconstruction,Reverberation,Voltshot*,Elemental Honing,Rolling Storm,Problem Solver*,Vanguard Determination,Field-Tested,Kill Tracker,Tier 1: Velocity*,Achronal Theodolite*,Sparks Everlasting*,
Theodolite,4146673635,"""6917530197106635070""",,Legendary,5,Grenade Launcher,pinnacleops,Energy,Arc,special,540,Micro-Missile Frame,Handling,1,Vault,false,false,false,8,27,,69,75,0,0,13,100,71,0,35,90,63,1,61,0,0,0,0,0,0,0,0,17,69,0,0,false,0,0,field-forged,,,Micro-Missile Frame*,Volatile Launch*,Confined Launch,Spike Grenades*,Implosion Rounds,Eddy Current*,Reconstruction,Blast Distributor,Voltshot*,Rolling Storm,Frenzy,Problem Solver*,Vanguard Determination,Field-Tested,Kill Tracker,Tier 1: Handling*,Achronal Theodolite*,Sparks Everlasting*,
Theodolite,4146673635,"""6917530197106638845""",,Legendary,5,Grenade Launcher,pinnacleops,Energy,Arc,special,540,Micro-Missile Frame,Reload Speed,2,Vault,false,false,false,8,27,,69,75,0,0,13,100,71,0,23,90,67,1,60,0,0,0,0,0,0,0,0,17,69,0,0,false,0,0,field-forged,,,Micro-Missile Frame*,Volatile Launch*,Smart Drift Control,Sticky Grenades*,Spike Grenades,Reconstruction*,Danger Zone,Transcendent Moment,Voltshot*,Elemental Honing,Rolling Storm,Problem Solver*,Vanguard Determination,Field-Tested,Kill Tracker,Tier 2: Reload Speed*,Achronal Theodolite*,Sparks Everlasting*,
Thermal Erosion,642545454,"""6917530192093179183""",,Legendary,3,Machine Gun,europa,Power,Solar,heavy,356,Rapid-Fire Frame,Handling,3,Vault,true,false,false,8,28,,50,66,25,36,16,0,0,0,36,900,61,58,56,0,0,0,0,0,0,0,0,6,32,0,0,false,0,0,,,,Rapid-Fire Frame*,Corkscrew Rifling*,Hammer-Forged Rifling,Armor-Piercing Rounds*,Flared Magwell,Incandescent*,Triple Tap,Mega Kill Clip*,Desperate Measures,Winterized Gear*,Kill Tracker,Tier 3: Handling*,,,,,,,
Thin Precipice,4066778670,"""6917530197254670193""",,Legendary,0,Sword,sonar,Power,Strand,heavy,540,Vortex Frame,Impact,1,Vault,false,false,false,6,21,,0,0,60,0,0,0,0,0,0,0,0,67,0,0,0,0,20,40,40,40,0,0,0,0,0,false,0,0,,,,Vortex Frame*,Hungry Edge*,Honed Edge,Tempered Edge,Balanced Guard*,Burst Guard,Relentless Strikes*,Counterattack*,Kill Tracker,Unsated Hunger*,Tier 1: Impact*,,,,,,,,
Third Iteration,2973900274,"""6917530189731042933""",,Exotic,0,Scout Rifle,seasonpass,Energy,Void,primary,300,Tri-Planar Mass Driver,,,Warlock(504),true,false,false,8,27,,77,72,60,42,19,0,0,0,51,200,59,16,54,0,0,0,0,0,0,0,0,24,51,0,0,false,0,340,,,,Tri-Planar Mass Driver*,Smallbore*,Modified Heatsink*,Amalgamation Rounds*,Composite Stock*,Kill Tracker,Empty Catalyst Socket*,,,,,,,,,,,,
Thunderlord,3325463374,"""6917530195262112448""",,Exotic,0,Machine Gun,,Power,Arc,heavy,542,Reign Havoc,,10,Vault,true,false,false,2,4,Festival of the Lost,70,90,41,65,15,0,0,0,60,450,68,62,60,0,0,0,0,0,0,0,0,26,30,0,0,false,0,555,,,,Reign Havoc*,Polygonal Rifling*,Armor-Piercing Rounds*,Lightning Rounds*,Feeding Frenzy*,Kill Tracker,Thunderlord Catalyst*,,,,,,,,,,,,
Timelines' Vertex,3055192515,"""6917530195201588820""",,Legendary,0,Fusion Rifle,engram,Energy,Solar,special,527,Adaptive Frame,Reload Speed,1,Vault,false,false,false,3,10,,60,60,65,47,21,0,0,0,40,0,41,6,25,667,0,0,0,0,0,0,0,4,50,0,0,false,0,0,omolon,,,Adaptive Frame*,Impulse MS3*,Flash HS5,Accelerated Coils*,Particle Repeater,Firmly Planted*,Elemental Capacitor*,Kill Tracker,Tier 1: Reload Speed*,,,,,,,,,,
Tommy's Matchbook,776191470,"""6917530194908439960""",,Exotic,0,Auto Rifle,,Energy,Solar,primary,521,Ignition Trigger,,,Vault,false,false,false,3,10,,64,81,18,53,16,0,0,0,54,720,0,72,58,0,0,0,0,0,0,0,0,36,56,0,0,false,0,40,,,,Ignition Trigger*,Hammer-Forged Rifling*,Extended Mag*,Heat Sink*,Hand-Laid Stock*,Kill Tracker,Empty Catalyst Socket*,,,,,,,,,,,,
Tractor Cannon,3580904581,"""6917530191811192710""",infuse,Exotic,0,Shotgun,,Power,Void,heavy,333,Repulsor Force,,10,Vault,true,false,false,1,1,,70,90,65,20,12,0,0,0,95,80,15,4,35,0,0,0,0,0,0,0,0,8,0,0,0,false,0,12,,,,Repulsor Force*,Extended Barrel*,Particle Repeater*,The Scientific Method*,Composite Stock*,Kill Tracker,Tractor Cannon Catalyst*,,,,,,,,,,,,
Tractor Cannon,3580904581,"""6917530195201582635""",,Exotic,0,Shotgun,,Power,Void,heavy,527,Repulsor Force,,10,Vault,false,false,false,1,1,,70,90,65,20,12,0,0,0,95,80,15,4,35,0,0,0,0,0,0,0,0,8,0,0,0,false,0,0,,,,Repulsor Force*,Extended Barrel*,Particle Repeater*,The Scientific Method*,Composite Stock*,Kill Tracker,,,,,,,,,,,,,
Tranquility,846241148,"""6917530194232950444""",,Legendary,3,Sniper Rifle,monumentoftriumph,KineticSlot,Kinetic,special,477,Adaptive Frame,Range,5,Vault,false,false,false,8,28,,62,61,70,77,45,0,0,0,32,90,36,4,42,0,0,0,0,0,0,0,0,2,40,0,0,false,0,0,,,,Adaptive Frame*,Full Bore*,Hammer-Forged Rifling,Accurized Rounds*,Tactical Mag,No Distractions*,Rewind Rounds,Snapshot Sights*,Kinetic Tremors,Loss*,Kill Tracker,Tier 5: Range*,,,,,,,
Trendsetter,2863808104,"""6917530195791623549""",,Legendary,3,Auto Rifle,dungeon,Energy,Arc,primary,540,Adaptive Frame,Handling,3,Vault,false,false,false,8,28,,92,6,21,44,16,0,0,0,55,600,70,44,77,0,0,0,0,0,0,0,0,17,60,0,0,false,0,0,suros,,,Adaptive Frame*,Arrowhead Brake*,Fluted Barrel,Tactical Mag*,Steady Rounds,Trickle Charge*,Dynamic Sway Reduction,Rolling Storm*,Zen Moment,"Nail, Meet Hammer*",Suros Synergy,Kill Tracker,Tier 3: Handling*,,,,,,
Trendsetter,2863808104,"""6917530195822621226""",,Legendary,4,Auto Rifle,dungeon,Energy,Arc,primary,550,Adaptive Frame,Reload Speed,2,Vault,false,false,false,8,28,,62,6,21,50,16,0,0,0,62,600,73,44,69,0,0,0,0,0,0,0,0,17,60,0,0,false,0,0,suros,,,Adaptive Frame*,Corkscrew Rifling*,Fluted Barrel,Tactical Mag*,Steady Rounds,Trickle Charge*,Light Touch,Tap the Trigger*,Gear Shift,"Nail, Meet Hammer*",Suros Synergy,Kill Tracker,Tier 2: Reload Speed*,,,,,,
Trendsetter,2863808104,"""6917530196877970565""",,Legendary,5,Auto Rifle,dungeon,Energy,Arc,primary,550,Adaptive Frame,Reload Speed,4,Vault,false,false,false,8,28,,72,6,21,40,16,0,0,0,77,600,64,41,60,0,0,0,0,0,0,0,0,24,60,0,0,false,0,0,suros,,,Adaptive Frame*,Chambered Compensator*,Smallbore,Steady Rounds*,Flared Magwell,Trickle Charge*,Light Touch,Outlaw,Jolting Feedback*,Tap the Trigger,Rampage,"Nail, Meet Hammer*",Suros Synergy,Kill Tracker,Tier 4: Reload Speed*,Triumphant Pulse*,,,
Trendsetter,2863808104,"""6917530197898849461""",,Legendary,5,Auto Rifle,dungeon,Energy,Arc,primary,550,Adaptive Frame,Handling,3,Vault,false,false,false,8,28,,92,6,21,44,16,0,0,0,56,600,71,47,79,0,0,0,0,0,0,0,0,17,60,0,0,false,0,0,suros,,,Adaptive Frame*,Arrowhead Brake*,Full Bore,Tactical Mag*,Steady Rounds,Supercharged Magazine*,Dynamic Sway Reduction,Outlaw,Jolting Feedback*,Gear Shift,Rampage,"Nail, Meet Hammer*",Suros Synergy,Kill Tracker,Tier 3: Handling*,Triumphant Pulse*,,,
Trinity Ghoul,814876685,"""6917530189728793015""",infuse,Exotic,0,Combat Bow,,Energy,Arc,primary,300,Split Electron,,,Warlock(504),true,false,false,2,4,,77,74,80,0,18,0,0,0,45,0,60,0,63,0,733,95,0,0,0,0,0,24,52,0,0,false,0,0,,,,Split Electron*,High Tension String*,Compact Arrow Shaft*,Lightning Rod*,Kill Tracker,Empty Catalyst Socket*,,,,,,,,,,,,,
Trophy Hunter,2566169398,"""6917530196430602487""",,Legendary,5,Sniper Rifle,monumentoftriumph,Energy,Void,special,540,Aggressive Frame,Range,1,Vault,false,false,false,8,28,,100,46,90,79,50,0,0,0,27,72,36,4,35,0,0,0,0,0,0,0,0,2,39,0,0,false,0,0,,,,Aggressive Frame*,Arrowhead Brake*,Smallbore,Appended Mag*,Extended Mag,Pulse Monitor*,Auto-Loading Holster,Dimensional Shift,Snapshot Sights*,Bait and Switch,Aggregate Charge,Fail-deadly*,Kill Tracker,Tier 1: Range*,Triumphant Pulse*,,,,
True Prophecy,960948343,"""6917530196430607502""",,Legendary,4,Hand Cannon,engram,Energy,Arc,primary,540,Aggressive Frame,Range,2,Vault,false,false,false,8,28,,95,62,92,66,14,0,0,0,28,120,24,11,35,0,0,0,0,0,0,0,0,20,52,0,0,false,0,0,,,,Aggressive Frame*,Corkscrew Rifling*,Fluted Barrel,Appended Mag*,Alloy Magazine,Opening Shot*,Triple Tap,Rampage*,Jolting Feedback,Fail-deadly*,Nadir Focus,Kill Tracker,Tier 2: Range*,,,,,,
Trust,810474118,"""6917530194342677795""",infuse,Legendary,5,Hand Cannon,gambit,Energy,Solar,primary,497,Precision Frame,Range,1,Vault,false,false,false,8,28,,96,78,78,44,14,0,0,0,62,180,52,15,40,0,0,0,0,0,0,0,0,35,60,0,0,false,0,0,,,,Precision Frame*,Corkscrew Rifling*,Full Bore,Appended Mag*,Extended Mag,Firefly*,Slideshot,Keep Away,Dragonfly*,Magnificent Howl,Moving Target,Gun and Run*,Kill Tracker,Tier 1: Range*,Triumphant Pulse*,,,,
Trust,810474118,"""6917530194348174541""",keep,Legendary,4,Hand Cannon,gambit,Energy,Solar,primary,499,Precision Frame,Reload Speed,3,Vault,false,false,false,8,28,,96,78,78,55,14,0,0,0,62,180,58,12,40,0,0,0,0,0,0,0,0,35,60,0,0,false,0,0,,,,Precision Frame*,Arrowhead Brake,Corkscrew Rifling*,Accurized Rounds*,Tactical Mag,Outlaw,Firefly*,Explosive Payload*,Magnificent Howl,Gun and Run*,Kill Tracker,Tier 3: Reload Speed*,,,,,,,
Trust,810474118,"""6917530194348176588""",keep,Legendary,5,Hand Cannon,gambit,Energy,Solar,primary,498,Precision Frame,Reload Speed,1,Vault,false,false,false,8,28,,96,78,78,55,14,0,0,0,62,180,56,12,40,0,0,0,0,0,0,0,0,35,60,0,0,false,0,0,,,,Precision Frame*,Corkscrew Rifling*,Hammer-Forged Rifling,Accurized Rounds*,Extended Mag,Rapid Hit*,Slideshot,Keep Away,Explosive Payload*,Incandescent,Moving Target,Gun and Run*,Kill Tracker,Tier 1: Reload Speed*,Triumphant Pulse*,,,,
Truth,1201830623,"""6917530195802700287""",,Exotic,0,Rocket Launcher,,Power,Void,heavy,550,Prototype Trueseeker,,10,Hunter(542),true,true,false,2,7,,60,73,0,0,20,100,47,0,67,15,49,1,65,0,0,0,0,0,0,0,0,9,40,0,0,false,0,3377,,"00010:Arc,Dungeon,Epsilon,Epsilon,Gambit,INMORTAL - NOX,Prismatic,Prismatic,Prismatic,Vanguard",,Prototype Trueseeker*,Volatile Launch*,High-Velocity Rounds*,Grenades and Horseshoes*,Composite Stock*,Kill Tracker,Truth Catalyst*,,,,,,,,,,,,
Truthteller,1946491241,"""6917530194257079842""",,Legendary,0,Grenade Launcher,engram,Energy,Void,special,478,Lightweight Frame,Blast Radius,1,Vault,false,false,false,3,11,,70,79,0,0,13,91,64,0,33,90,71,1,69,0,0,0,0,0,0,0,0,2,65,0,0,false,0,0,field-forged,,,Lightweight Frame*,Confined Launch*,Linear Compensator,Proximity Grenades*,Implosion Rounds,Pulse Monitor*,Quickdraw*,Kill Tracker,Tier 1: Blast Radius*,,,,,,,,,,
Turncoat,253843484,"""6917530188976697108""",,Exotic,0,Hand Cannon,seasonpass,Energy,Void,primary,300,Latent Power,,10,Vault,true,false,false,8,28,,97,77,84,62,13,0,0,0,68,140,39,13,42,0,0,0,0,0,0,0,0,22,39,0,0,false,0,157,,,,Latent Power*,Smallbore*,Accurized Rounds*,Power Surge*,Heavy Grip*,Kill Tracker,Turncoat Catalyst*,,,,,,,,,,,,
Turncoat,253843484,"""6917530193597998928""",,Exotic,0,Hand Cannon,seasonpass,Energy,Void,primary,441,Latent Power,,10,Vault,true,false,false,8,28,,97,77,84,62,13,0,0,0,68,140,39,13,42,0,0,0,0,0,0,0,0,22,39,0,0,false,0,258,,,,Latent Power*,Smallbore*,Accurized Rounds*,Power Surge*,Heavy Grip*,Kill Tracker,Turncoat Catalyst*,,,,,,,,,,,,
Twilight Oath,268357178,"""6917530198354733118""",,Legendary,3,Sniper Rifle,dreaming,Energy,Solar,special,540,Rapid-Fire Frame,Range,2,Vault,false,false,false,8,28,,59,70,55,44,35,0,0,0,41,140,58,6,70,0,0,0,0,0,0,0,0,2,45,0,0,false,0,0,,,,Rapid-Fire Frame*,Corkscrew Rifling*,Fluted Barrel,Accurized Rounds*,Tactical Mag,Opening Shot*,No Distractions,Incandescent*,Snapshot Sights,Advanced Reflexes*,Kill Tracker,Tier 2: Range*,Burnished Dreams*,,,,,,
Two-Tailed Fox,2694576561,"""6917530195201583101""",,Exotic,0,Rocket Launcher,,Power,Void,heavy,550,Twintails,,10,Vault,false,false,false,2,4,,61,67,0,0,20,40,50,0,70,40,39,1,52,0,0,0,0,0,0,0,0,12,30,0,0,false,0,369,daito,,,Twintails*,Confined Launch*,High-Velocity Rounds*,Play with Your Prey*,Composite Stock*,Kill Tracker,Third Tail*,,,,,,,,,,,,
Ulterior Observation,1079872540,"""6917530195423638904""",keep,Legendary,5,Machine Gun,kepler,Power,Stasis,heavy,550,Aggressive Frame,Range,10,Warlock(504),true,false,false,8,27,,100,54,33,62,16,0,0,0,51,600,45,75,62,0,0,0,0,0,0,0,0,20,42,0,0,false,0,87,,,,Aggressive Frame*,Arrowhead Brake*,Smallbore,Appended Mag*,Flared Magwell,Headstone*,Killing Tally*,Exhaustive Research*,Kill Tracker,Masterworked: Range*,,,,,,,,,
Uncivil Discourse,3146657389,"""6917530191187992134""",,Legendary,5,Hand Cannon,renegades,Energy,Arc,special,329,Dynamic Heat Weapon,Reload Speed,2,Vault,true,false,false,8,28,,65,63,98,75,20,0,0,0,89,180,82,0,81,0,0,0,0,0,0,0,0,30,65,140,90,false,0,23,,,,Dynamic Heat Weapon*,Polygonal Rifling*,Smallbore,Overclocked Heatsink*,Tactical Heatsink,Outlaw*,Cooling Baubles,Delicate Tuning,Offhand Strike*,Jolting Feedback,Precision Instrument,Air-Cooled Core*,Kill Tracker,Tier 2: Vent Speed*,Infamous Uncivil Discourse*,Roguish Bolts*,,,
Uncivil Discourse,3146657389,"""6917530193468824107""",,Legendary,5,Hand Cannon,renegades,Energy,Arc,special,435,Dynamic Heat Weapon,Stability,3,Vault,false,false,false,8,28,,65,63,94,81,20,0,0,0,86,180,82,0,84,0,0,0,0,0,0,0,0,30,65,130,100,false,0,0,,,,Dynamic Heat Weapon*,Corkscrew Rifling*,Extended Barrel,Enhanced Heatsink*,Particle Repeater,Lone Wolf*,Cooling Baubles,Delicate Tuning,Precision Instrument*,Opening Shot,Thermal Atomization,Air-Cooled Core*,Kill Tracker,Tier 3: Stability*,Infamous Uncivil Discourse*,Roguish Bolts*,,,
Uncivil Discourse,3146657389,"""6917530194894571571""",keep,Legendary,3,Hand Cannon,renegades,Energy,Arc,special,506,Dynamic Heat Weapon,Handling,1,Vault,true,false,false,8,28,,95,63,91,75,20,0,0,0,77,180,80,0,90,0,0,0,0,0,0,0,0,30,95,140,125,false,0,0,,,,Dynamic Heat Weapon*,Arrowhead Brake*,Chambered Compensator,Accelerated Heatsink*,Tactical Heatsink,Air Trigger*,Keep Away,Frenzy*,Precision Instrument,Air-Cooled Core*,Kill Tracker,Tier 1: Handling*,,,,,,,
Unending Tempest,2579239009,"""6917530191878591587""",,Legendary,3,Submachine Gun,crucible,KineticSlot,Stasis,primary,342,Precision Frame,Handling,1,Vault,true,false,false,8,28,,85,58,25,68,14,0,0,0,31,600,19,33,19,0,0,0,0,0,0,0,0,19,44,0,0,false,0,0,,,,Precision Frame*,Full Bore*,Smallbore,Appended Mag*,Extended Mag,Moving Target*,Lone Wolf,Headstone*,Target Lock,Roar of Battle*,Nadir Focus,Kill Tracker,Tier 1: Handling*,,,,,,
Unloved,388390591,"""6917530195980816397""",,Legendary,5,Hand Cannon,dungeon,KineticSlot,Strand,primary,550,Heavy Burst,Handling,1,Vault,true,false,false,8,28,,85,65,96,65,14,0,0,0,31,257,32,22,42,0,0,0,0,0,0,0,0,24,60,0,0,false,0,0,,,,Heavy Burst*,Fluted Barrel*,Full Bore,Appended Mag*,Armor-Piercing Rounds,Outlaw,Hatchling*,Frenzy,Tear*,Subjugation*,Kill Tracker,Tier 1: Handling*,,,,,,,
Unloved,388390591,"""6917530196434906962""",,Legendary,5,Hand Cannon,dungeon,KineticSlot,Strand,primary,550,Heavy Burst,Range,2,Vault,true,false,false,8,28,,95,65,96,73,14,0,0,0,47,257,30,18,21,0,0,0,0,0,0,0,0,24,60,0,0,false,0,14,,00001:Dungeon,,Heavy Burst*,Chambered Compensator*,Hammer-Forged Rifling,Extended Mag,Ricochet Rounds*,Dragonfly,Hatchling*,Frenzy,Elemental Honing*,Subjugation*,Kill Tracker,Tier 2: Range*,,,,,,,
Unsworn,3462679024,"""6917530195989173434""",,Legendary,5,Trace Rifle,events,KineticSlot,Strand,special,550,Adaptive Frame,Stability,10,Hunter(542),true,false,false,8,28,Guardian Games,100,100,6,80,16,0,0,0,97,1000,55,104,72,0,0,0,0,0,0,0,0,15,47,0,0,false,0,3376,,"00004:Dungeon,Prismatic,Solar,Vanguard",,Adaptive Frame*,Arrowhead Brake*,Chambered Compensator,Particle Repeater*,Light Battery,Rewind Rounds*,Stats for All,Detonator Beam*,Chaos Reshaped,Subjugation*,Kill Tracker,Backup Mag*,Masterworked: Stability*,,,,,,
Unsworn,3462679024,"""6917530196018363162""",,Legendary,3,Trace Rifle,events,KineticSlot,Strand,special,550,Adaptive Frame,Stability,2,Vault,true,false,false,8,28,Guardian Games,100,100,6,75,16,0,0,0,82,1000,50,98,65,0,0,0,0,0,0,0,0,15,47,0,0,false,0,0,,,,Adaptive Frame*,Arrowhead Brake*,Polygonal Rifling,Particle Repeater*,Projection Fuse,Subsistence*,Stats for All,Killing Tally,Hatchling*,Subjugation*,Kill Tracker,Tier 2: Stability*,,,,,,,
Unvoiced,2213885190,"""6917530196016199654""",,Legendary,3,Shotgun,dungeon,Energy,Void,special,550,Pinpoint Slug Frame,Range,3,Vault,false,false,false,8,28,,55,45,70,78,12,0,0,0,50,65,59,7,80,0,0,0,0,0,0,0,0,5,46,0,0,false,0,0,,,,Pinpoint Slug Frame*,Corkscrew Rifling*,Polygonal Rifling,Tactical Mag*,Accurized Rounds,Redirection*,Envious Arsenal,Bait and Switch*,Demoralize,Subjugation*,Kill Tracker,Tier 3: Range*,,,,,,,
Unvoiced,2213885190,"""6917530196024462191""",,Legendary,3,Shotgun,dungeon,Energy,Void,special,550,Pinpoint Slug Frame,Range,4,Vault,false,false,false,8,28,,55,45,70,74,12,0,0,0,45,65,49,7,90,0,0,0,0,0,0,0,0,5,46,0,0,false,0,0,,,,Pinpoint Slug Frame*,Fluted Barrel*,Full Bore,Appended Mag*,Light Mag,Redirection*,Envious Arsenal,Lead from Gold*,Closing Time,Subjugation*,Kill Tracker,Tier 4: Range*,,,,,,,
Unvoiced,2213885190,"""6917530196377611861""",,Legendary,3,Shotgun,dungeon,Energy,Void,special,550,Pinpoint Slug Frame,Stability,1,Vault,false,false,false,8,28,,65,45,70,80,12,0,0,0,41,65,49,7,65,0,0,0,0,0,0,0,0,5,46,0,0,false,0,0,,,,Pinpoint Slug Frame*,Extended Barrel*,Fluted Barrel,Appended Mag*,Accurized Rounds,Redirection*,Fourth Time's the Charm,Dimensional Shift*,Vorpal Weapon,Subjugation*,Kill Tracker,Tier 1: Stability*,,,,,,,
Unvoiced,2213885190,"""6917530196604414364""",,Legendary,3,Shotgun,dungeon,Energy,Void,special,550,Pinpoint Slug Frame,Range,1,Vault,false,false,false,8,28,,55,45,70,71,12,0,0,0,50,65,59,7,90,0,0,0,0,0,0,0,0,5,46,0,0,false,0,0,,,,Pinpoint Slug Frame*,Fluted Barrel*,Smallbore,Tactical Mag*,Accurized Rounds,Redirection*,Lone Wolf,Dimensional Shift*,Closing Time,Subjugation*,Kill Tracker,Tier 1: Range*,,,,,,,
Unworthy,1700366811,"""6917530196588345516""",,Legendary,3,Scout Rifle,dungeon,Energy,Arc,primary,550,Rapid-Fire Frame,Stability,1,Vault,false,false,false,8,28,,95,75,45,38,20,0,0,0,43,260,35,17,40,0,0,0,0,0,0,0,0,15,51,0,0,false,0,0,,,,Rapid-Fire Frame*,Arrowhead Brake*,Extended Barrel,Alloy Magazine*,High-Caliber Rounds,Rolling Storm*,Rewind Rounds,Precision Instrument*,Voltshot,Subjugation*,Kill Tracker,Tier 1: Stability*,,,,,,,
Vantage Point,3830941962,"""6917530195201583775""",,Legendary,0,Pulse Rifle,revenant,Energy,Arc,primary,527,Adaptive Frame,Stability,3,Vault,false,false,false,7,25,,84,57,29,42,17,0,0,0,52,390,22,46,50,0,0,0,0,0,0,0,0,24,53,0,0,false,0,0,,,,Adaptive Frame*,Arrowhead Brake*,Smallbore,Extended Mag*,Flared Magwell,Eddy Current*,Jolting Feedback*,Dark Ether Reaper*,Kill Tracker,Tier 3: Stability*,,,,,,,,,
Veles-X,438540299,"""6917530194141692110""",,Legendary,4,Pulse Rifle,monumentoftriumph,Energy,Void,primary,487,Aggressive Burst,Handling,3,Vault,false,false,false,8,28,,64,41,35,86,18,0,0,0,63,450,38,36,31,0,0,0,0,0,0,0,0,19,54,0,0,false,0,0,hakke,,,Aggressive Burst*,Corkscrew Rifling*,Extended Barrel,Armor-Piercing Rounds*,Light Mag,Rapid Hit*,Lone Wolf,Eye of the Storm*,Firefly,Vanguard Determination*,Häkke Breach Armaments,Kill Tracker,Tier 3: Handling*,,,,,,
Veles-X,438540299,"""6917530197839804314""",,Legendary,5,Pulse Rifle,monumentoftriumph,Energy,Void,primary,550,Aggressive Burst,Range,1,Vault,false,false,false,8,28,,94,41,35,74,18,0,0,0,57,450,38,36,35,0,0,0,0,0,0,0,0,19,54,0,0,false,0,0,hakke,,,Aggressive Burst*,Arrowhead Brake*,Hammer-Forged Rifling,Alloy Magazine*,Light Mag,Repulsor Brace*,Rapid Hit,Lone Wolf,Golden Tricorn Enhanced*,Kill Clip,Withering Gaze,Vanguard Determination*,Häkke Breach Armaments,Kill Tracker,Tier 1: Range*,Triumphant Pulse*,,,
Vigilance Wing,3628991659,"""6917530194370097586""",,Exotic,0,Pulse Rifle,,KineticSlot,Kinetic,primary,488,Harsh Truths,,10,Vault,false,false,false,1,1,,79,60,33,65,17,0,0,0,70,530,40,30,43,0,0,0,0,0,0,0,0,21,55,0,0,false,0,0,,,,Harsh Truths*,Corkscrew Rifling*,Alloy Magazine*,Last Stand*,Composite Stock*,Kill Tracker,Vigilance Wing Catalyst*,,,,,,,,,,,,
Vigilance Wing,3628991659,"""6917530195201588951""",,Exotic,0,Pulse Rifle,,KineticSlot,Kinetic,primary,527,Harsh Truths,,10,Vault,false,false,false,1,1,,79,60,33,65,17,0,0,0,70,530,40,30,43,0,0,0,0,0,0,0,0,21,55,0,0,false,0,0,,,,Harsh Truths*,Corkscrew Rifling*,Alloy Magazine*,Last Stand*,Composite Stock*,Kill Tracker,Vigilance Wing Catalyst*,,,,,,,,,,,,
Voltaic Shade,71057630,"""6917530193604497665""",,Legendary,5,Scout Rifle,dungeon,Energy,Arc,primary,444,Balanced Heat Weapon,Handling,1,Vault,false,false,false,8,28,,52,70,45,47,20,0,0,0,47,260,59,0,32,0,0,0,0,0,0,0,0,21,59,50,65,false,0,0,,,,Balanced Heat Weapon*,Hammer-Forged Rifling*,Polygonal Rifling,Accelerated Heatsink*,Tactical Heatsink,Jolting Feedback*,Cooling Baubles,Keep Away,Thermal Atomization*,Voltshot,Desperate Measures,Imperial Allegiance*,Kill Tracker,Tier 1: Handling*,Infamous Voltaic Shade*,Roguish Bolts*,,,
Voltaic Shade,71057630,"""6917530193615229846""",,Legendary,5,Scout Rifle,dungeon,Energy,Arc,primary,504,Balanced Heat Weapon,Range,10,Warlock(504),true,false,false,8,28,,52,77,45,62,20,0,0,0,52,260,73,0,47,0,0,0,0,0,0,0,0,21,59,50,40,false,0,2445,,"00005:Prismatic,Prismatic,Stasis,Support,Void",,Balanced Heat Weapon*,Arrowhead Brake,Hammer-Forged Rifling*,Light Heatsink*,Tactical Heatsink,Jolting Feedback*,Trickle Charge,Rapid Hit,Thermal Atomization,Voltshot*,Desperate Measures,Imperial Allegiance*,Kill Tracker,Targeting Adjuster*,Masterworked: Range*,Infamous Voltaic Shade*,Roguish Bolts*,,
VS Chill Inhibitor,1762785662,"""6917530194555147389""",,Legendary,0,Grenade Launcher,dungeon,Power,Stasis,heavy,504,Rapid-Fire Frame,Reload Speed,10,Vault,false,false,false,7,25,,100,32,0,0,13,20,59,0,45,150,39,8,35,0,0,0,0,0,0,0,0,18,50,0,0,false,0,36,,"00002:Support,Support",,Rapid-Fire Frame*,Countermass*,Spike Grenades*,Envious Arsenal*,Bait and Switch*,Bray Legacy*,Kill Tracker,Backup Mag*,Masterworked: Reload Speed*,,,,,,,,,,
VS Chill Inhibitor,2452936817,"""6917530195647081058""",,Legendary,5,Grenade Launcher,dungeon,Power,Stasis,heavy,550,Rapid-Fire Frame,Velocity,1,Vault,true,false,false,8,28,,80,32,0,0,13,13,51,0,40,150,29,6,25,0,0,0,0,0,0,0,0,18,50,0,0,false,0,0,,,,Rapid-Fire Frame*,Confined Launch*,Hard Launch,Proximity Grenades*,Augmented Drum,Cascade Point*,Envious Arsenal,Bait and Switch*,Explosive Light,Bray Legacy*,Kill Tracker,Tier 1: Velocity*,,,,,,,
VS Chill Inhibitor,2452936817,"""6917530196163526707""",,Legendary,5,Grenade Launcher,dungeon,Power,Stasis,heavy,550,Rapid-Fire Frame,Velocity,4,Vault,false,false,false,8,28,,80,32,0,0,13,31,65,0,40,150,40,6,25,0,0,0,0,0,0,0,0,18,50,0,0,false,0,0,,,,Rapid-Fire Frame*,Confined Launch*,Quick Launch,High-Velocity Rounds*,Mini Frags,Cascade Point*,Attrition Orbs,Demolitionist,Aggregate Charge*,Surrounded,Explosive Light,Bray Legacy*,Kill Tracker,Tier 4: Velocity*,Triumphant Pulse*,,,,
VS Chill Inhibitor,2452936817,"""6917530196225611384""",,Legendary,5,Grenade Launcher,dungeon,Power,Stasis,heavy,550,Rapid-Fire Frame,Handling,5,Vault,false,false,false,8,28,,80,32,0,0,13,31,50,0,31,150,60,6,30,0,0,0,0,0,0,0,0,18,50,0,0,false,0,0,,,,Rapid-Fire Frame*,Confined Launch*,Hard Launch,Alloy Casing*,Augmented Drum,Cascade Point*,Danger Zone,Attrition Orbs,Aggregate Charge*,Bait and Switch,Explosive Light,Bray Legacy*,Kill Tracker,Tier 5: Handling*,Triumphant Pulse*,,,,
VS Chill Inhibitor,2452936817,"""6917530196710087387""",,Legendary,5,Grenade Launcher,dungeon,Power,Stasis,heavy,550,Rapid-Fire Frame,Handling,1,Vault,false,false,false,8,28,,100,32,0,0,13,20,59,0,48,150,29,6,37,0,0,0,0,0,0,0,0,18,60,0,0,false,0,0,,,,Rapid-Fire Frame*,Countermass*,Hard Launch,Spike Grenades*,Augmented Drum,Cascade Point,Attrition Orbs,Envious Arsenal*,Bait and Switch*,Surrounded,Elemental Honing,Bray Legacy*,Kill Tracker,Tier 1: Handling*,Triumphant Pulse*,,,,
VS Gravitic Arrest,3102162710,"""6917530194539610714""",keep,Legendary,3,Fusion Rifle,dungeon,Energy,Void,special,504,Adaptive Frame,Charge Time,1,Vault,false,false,false,8,28,,65,50,70,44,15,0,0,0,58,0,31,6,20,664,0,0,0,0,0,0,0,9,36,0,0,false,0,0,,,,Adaptive Frame*,Extended Barrel*,Polygonal Rifling,Particle Repeater*,Projection Fuse,Lead from Gold*,Attrition Orbs,Withering Gaze*,Destabilizing Rounds,Bray Legacy*,Kill Tracker,Tier 1: Charge Time*,,,,,,,
VS Gravitic Arrest,3102162710,"""6917530194551200042""",keep,Legendary,3,Fusion Rifle,dungeon,Energy,Void,special,504,Adaptive Frame,Handling,2,Vault,false,false,false,8,28,,55,50,65,39,15,0,0,0,53,0,31,6,37,667,0,0,0,0,0,0,0,9,36,0,0,false,0,0,,,,Adaptive Frame*,Corkscrew Rifling*,Fluted Barrel,Accelerated Coils*,Projection Fuse,Lead from Gold*,Demolitionist,Closing Time*,Controlled Burst,Bray Legacy*,Kill Tracker,Tier 2: Handling*,,,,,,,
VS Gravitic Arrest,3102162710,"""6917530195580266582""",keep,Legendary,3,Fusion Rifle,dungeon,Energy,Void,special,550,Adaptive Frame,Reload Speed,1,Vault,false,false,false,8,28,,55,50,70,39,15,0,0,0,53,0,12,8,35,667,0,0,0,0,0,0,0,9,36,0,0,false,0,0,,,,Adaptive Frame*,Corkscrew Rifling*,Polygonal Rifling,Ionized Battery*,Particle Repeater,Lead from Gold*,Under Pressure,Withering Gaze*,Controlled Burst,Bray Legacy*,Kill Tracker,Tier 1: Reload Speed*,,,,,,,
VS Gravitic Arrest,3102162710,"""6917530196710087257""",,Legendary,5,Fusion Rifle,dungeon,Energy,Void,special,550,Adaptive Frame,Charge Time,5,Vault,false,false,false,8,28,,65,50,65,34,15,0,0,0,59,0,33,6,26,650,0,0,0,0,0,0,0,9,36,0,0,false,0,0,,,,Adaptive Frame*,Chambered Compensator*,Extended Barrel,Accelerated Coils*,Enhanced Battery,Under Pressure*,Demolitionist,Attrition Orbs,Withering Gaze*,Closing Time,Successful Warm-Up,Bray Legacy*,Kill Tracker,Tier 5: Charge Time*,Triumphant Pulse*,,,,
VS Gravitic Arrest,3102162710,"""6917530196733806820""",,Legendary,5,Fusion Rifle,dungeon,Energy,Void,special,550,Adaptive Frame,Charge Time,1,Vault,false,false,false,8,28,,55,50,70,40,15,0,0,0,54,0,33,7,35,664,0,0,0,0,0,0,0,9,36,0,0,false,0,0,,,,Adaptive Frame*,Corkscrew Rifling*,Full Bore,Enhanced Battery*,Particle Repeater,Lead from Gold*,Demolitionist,Dimensional Shift,Closing Time*,Successful Warm-Up,Controlled Burst,Bray Legacy*,Kill Tracker,Tier 1: Charge Time*,Triumphant Pulse*,,,,
VS Pyroelectric Propellant,2460368549,"""6917530194146980145""",,Legendary,3,Auto Rifle,dungeon,Energy,Arc,primary,486,Adaptive Frame,Reload Speed,2,Vault,false,false,false,8,28,,95,65,21,42,16,0,0,0,50,600,52,52,70,0,0,0,0,0,0,0,0,20,50,0,0,false,0,0,,,,Adaptive Frame*,Arrowhead Brake*,Hammer-Forged Rifling,Appended Mag*,Armor-Piercing Rounds,Attrition Orbs*,Zen Moment,Tap the Trigger*,Gear Shift,Bray Legacy*,Kill Tracker,Tier 2: Reload Speed*,,,,,,,
VS Pyroelectric Propellant,2460368549,"""6917530196227648881""",,Legendary,5,Auto Rifle,dungeon,Energy,Arc,primary,550,Adaptive Frame,Range,3,Vault,false,false,false,8,28,,65,65,21,60,16,0,0,0,41,600,32,55,56,0,0,0,0,0,0,0,0,30,50,0,0,false,0,18,,,,Adaptive Frame*,Full Bore*,Smallbore,Extended Mag*,Appended Mag,Attrition Orbs*,Eddy Current,Strategist,Jolting Feedback*,Kill Clip,Onslaught,Bray Legacy*,Kill Tracker,Tier 3: Range*,Triumphant Pulse*,,,,
VS Velocity Baton,2452936816,"""6917530194551200430""",infuse,Legendary,3,Grenade Launcher,dungeon,Energy,Void,special,504,Area Denial Frame,Reload Speed,3,Vault,false,false,false,8,28,,69,71,0,0,13,100,79,0,29,72,83,1,65,0,0,0,0,0,0,0,0,4,69,0,0,false,0,0,,,,Area Denial Frame*,Volatile Launch*,Hard Launch,High-Velocity Rounds*,Implosion Rounds,Dimensional Shift*,Envious Arsenal,Elemental Honing*,Attrition Orbs,Bray Legacy*,Kill Tracker,Tier 3: Reload Speed*,,,,,,,
VS Velocity Baton,2452936816,"""6917530196159529308""",,Legendary,5,Grenade Launcher,dungeon,Energy,Void,special,540,Area Denial Frame,Blast Radius,1,Vault,false,false,false,8,28,,69,71,0,0,13,100,81,0,29,72,81,1,65,0,0,0,0,0,0,0,0,4,79,0,0,false,0,0,,,,Area Denial Frame*,Volatile Launch*,Quick Launch,High-Velocity Rounds*,Implosion Rounds,Dimensional Shift,Unrelenting,Envious Arsenal*,Frenzy,Chain Reaction,Attrition Orbs*,Bray Legacy*,Kill Tracker,Tier 1: Blast Radius*,Triumphant Pulse*,,,,
VS Velocity Baton,2452936816,"""6917530196686784874""",,Legendary,5,Grenade Launcher,dungeon,Energy,Void,special,550,Area Denial Frame,Velocity,10,Hunter(542),true,true,false,8,28,,99,71,0,0,13,100,100,0,45,72,86,1,86,0,0,0,0,0,0,0,0,4,69,0,0,false,0,15,,"00002:Epsilon,Prismatic",,Area Denial Frame*,Countermass*,Linear Compensator,High-Velocity Rounds*,Implosion Rounds,Repulsor Brace*,Dimensional Shift,Unrelenting,Destabilizing Rounds*,Elemental Honing,Attrition Orbs,Bray Legacy*,Kill Tracker,Aerodynamics*,Masterworked: Velocity*,Triumphant Pulse*,,,
VS Velocity Baton,2452936816,"""6917530196733810625""",,Legendary,5,Grenade Launcher,dungeon,Energy,Void,special,550,Area Denial Frame,Handling,2,Vault,false,false,false,8,28,,69,71,0,0,13,100,81,0,29,72,81,1,67,0,0,0,0,0,0,0,0,4,69,0,0,false,0,0,,,,Area Denial Frame*,Volatile Launch*,Smart Drift Control,High-Velocity Rounds*,Implosion Rounds,Dimensional Shift,Reconstruction*,Demolitionist,Destabilizing Rounds*,Frenzy,Chain Reaction,Bray Legacy*,Kill Tracker,Tier 2: Handling*,Triumphant Pulse*,,,,
Wastelander M5,1679868061,"""6917530196105593006""",,Legendary,0,Shotgun,30th,KineticSlot,Kinetic,special,300,Lightweight Frame,Reload Speed,1,Titan(542),false,false,false,4,15,,51,49,65,51,12,0,0,0,62,90,60,6,66,0,0,0,0,0,0,0,0,2,26,0,0,false,0,0,tex-mechanica,,,Lightweight Frame*,Smallbore*,Assault Mag*,Perpetual Motion*,Killing Wind*,Hot Swap*,Kill Tracker,Tier 1: Reload Speed*,,,,,,,,,,,
Wavesplitter,1852863732,"""6917530196626546131""",,Exotic,0,Trace Rifle,,Energy,Void,special,540,Harmonic Laser,,,Vault,false,false,false,2,4,,100,100,6,67,16,0,0,0,96,1000,45,100,46,0,0,0,0,0,0,0,0,14,50,0,0,false,0,21,omolon,00001:Strand,,Harmonic Laser*,Polygonal Rifling*,Enhanced Battery*,Supercharged Battery*,Fitted Stock*,Kill Tracker,Empty Catalyst Socket*,,,,,,,,,,,,
Whatchamacallit,357669417,"""6917530193961598046""",,Legendary,4,Submachine Gun,monumentoftriumph,Energy,Arc,primary,454,Aggressive Burst,Handling,3,Vault,false,false,false,8,28,,91,29,24,53,15,0,0,0,31,600,6,60,40,0,0,0,0,0,0,0,0,35,42,0,0,false,0,0,hakke,,,Aggressive Burst*,Extended Barrel*,Full Bore,Extended Mag*,Steady Rounds,Light Touch*,Stats for All,Gear Shift*,Frenzy,Problem Solver*,Vanguard Determination,Häkke Breach Armaments,Kill Tracker,Tier 3: Handling*,,,,,
Whatchamacallit,357669417,"""6917530196879921837""",,Legendary,5,Submachine Gun,monumentoftriumph,Energy,Arc,primary,550,Aggressive Burst,Handling,2,Vault,false,false,false,8,28,,91,29,24,54,15,0,0,0,42,600,24,56,44,0,0,0,0,0,0,0,0,25,42,0,0,false,0,0,hakke,,,Aggressive Burst*,Chambered Compensator*,Smallbore,Accurized Rounds*,Appended Mag,Enlightened Action*,Light Touch,Keep Away,Gear Shift*,Sword Logic,Jolting Feedback,Problem Solver*,Vanguard Determination,Häkke Breach Armaments,Kill Tracker,Tier 2: Handling*,Triumphant Pulse*,,
Whatchamacallit,357669417,"""6917530197725333915""",,Legendary,4,Submachine Gun,monumentoftriumph,Energy,Arc,primary,540,Aggressive Burst,Range,1,Vault,false,false,false,8,28,,81,29,24,49,15,0,0,0,42,600,26,56,51,0,0,0,0,0,0,0,0,25,42,0,0,false,0,0,hakke,,,Aggressive Burst*,Corkscrew Rifling*,Full Bore,Appended Mag*,Extended Mag,Headseeker*,Collective Pugilism,Gear Shift*,Sword Logic,Problem Solver*,Vanguard Determination,Häkke Breach Armaments,Kill Tracker,Tier 1: Range*,,,,,
Whisper of the Worm,1983149589,"""6917530195680346444""",,Exotic,0,Sniper Rifle,,Power,Solar,heavy,550,White Nail,,10,Vault,false,false,false,1,3,,94,39,100,85,40,0,0,0,35,72,36,3,23,0,0,0,0,0,0,0,0,80,50,0,0,crafted,3,19,,,,White Nail*,Polygonal Rifling*,Accurized Rounds*,Mulligan*,Fitted Stock*,Kill Tracker,,,,,,,,,,,,,
Wilderflight,408862798,"""6917530198134784497""",,Legendary,5,Grenade Launcher,dungeon,Energy,Void,special,550,Double Fire,Handling,2,Vault,false,false,false,8,28,,25,67,0,0,13,58,89,0,20,100,32,1,40,0,0,0,0,0,0,0,0,4,10,0,0,false,0,0,tex-mechanica,,,Double Fire*,Volatile Launch*,Linear Compensator,Proximity Grenades*,Implosion Rounds,Repulsor Brace*,Blast Distributor,Ambitious Assassin,Destabilizing Rounds*,Elemental Honing,Withering Gaze,Tex Balanced Stock*,Kill Tracker,Tier 2: Handling*,Triumphant Pulse*,,,,
Wilderflight,408862798,"""6917530198136760816""",,Legendary,5,Grenade Launcher,dungeon,Energy,Void,special,550,Double Fire,Handling,1,Vault,false,false,false,8,28,,25,67,0,0,13,0,84,0,35,100,32,1,44,0,0,0,0,0,0,0,0,4,10,0,0,false,0,0,tex-mechanica,,,Double Fire*,Confined Launch*,Hard Launch,Disorienting Grenades*,Implosion Rounds,Auto-Loading Holster*,Ambitious Assassin,Air Trigger,Destabilizing Rounds*,Aggregate Charge,Elemental Honing,Tex Balanced Stock*,Kill Tracker,Tier 1: Handling*,Triumphant Pulse*,,,,
Wish-Keeper,2910326942,"""6917530196833992256""",,Exotic,0,Combat Bow,rivenslair,KineticSlot,Strand,primary,540,Snareweaver,,10,Vault,false,false,false,6,23,,80,70,76,0,18,0,0,0,72,0,40,0,59,0,667,67,0,0,0,0,0,14,54,0,0,crafted,1,0,,,,Snareweaver*,Agile Bowstring*,Carbon Arrow Shaft*,Silkbound Slayer*,Heavy Grip*,Kill Tracker,,,,,,,,,,,,,
Witherhoard,2357297366,"""6917530193821830128""",,Exotic,0,Grenade Launcher,,KineticSlot,Kinetic,special,454,Primeval's Torment,,,Vault,false,false,false,3,11,,100,84,0,0,12,5,12,0,68,90,33,6,63,0,0,0,0,0,0,0,0,6,46,0,0,false,0,10,,,,Primeval's Torment*,Countermass*,Black Powder*,Break the Bank*,Composite Stock*,Kill Tracker,Empty Catalyst Socket*,,,,,,,,,,,,
Wolfsbane,1753923263,"""6917530195076315689""",,Exotic,0,Sword,,Power,Solar,heavy,538,Resurgence Directive,,10,Vault,false,false,false,8,27,,0,0,68,0,0,0,0,0,0,0,0,64,0,0,0,0,0,38,75,40,0,0,0,0,0,crafted,1,0,,,,Resurgence Directive*,Honed Edge*,Jagged Edge*,Nano-Assault*,Tenacious Handle*,Kill Tracker,,,,,,,,,,,,,
Yeartide Apex,2965080304,"""6917530194669563728""",,Legendary,5,Submachine Gun,,Energy,Solar,primary,550,Lightweight Frame,Range,10,Hunter(542),true,false,true,8,27,Solstice,100,54,15,59,14,0,0,0,60,900,34,44,69,0,0,0,0,0,0,0,0,25,69,0,0,false,0,14566,tex-mechanica,"00003:Prismatic,Solar,Vanguard",,Lightweight Frame*,Hammer-Forged Rifling,Smallbore*,Alloy Magazine,Appended Mag*,Recycled Energy,Lone Wolf,Attrition Orbs*,Binary Orbit,Harmony,Chaos Reshaped*,Dream Work*,Tex Balanced Stock,Kill Tracker,Ballistics*,Masterworked: Range*,Sparks Everlasting*,,
Yeartide Apex,3293207827,"""6917530194669570282""",,Legendary,4,Submachine Gun,events,Energy,Solar,primary,500,Lightweight Frame,Reload Speed,2,Warlock(504),false,true,false,8,27,Solstice,100,54,15,29,14,0,0,0,51,900,11,46,60,0,0,0,0,0,0,0,0,35,69,0,0,false,0,15,tex-mechanica,,,Lightweight Frame*,Chambered Compensator*,Full Bore,Extended Mag*,High-Caliber Rounds,Transcendent Moment*,Attrition Orbs,Binary Orbit*,Target Lock,Dream Work*,Tex Balanced Stock,Kill Tracker,Tier 2: Reload Speed*,,,,,,
Yeartide Apex,2965080304,"""6917530194912378028""",,Legendary,5,Submachine Gun,,Energy,Solar,primary,511,Lightweight Frame,Handling,1,Vault,false,false,true,8,27,Solstice,100,54,15,29,14,0,0,0,51,900,27,41,61,0,0,0,0,0,0,0,0,25,69,0,0,false,0,0,tex-mechanica,,,Lightweight Frame*,Chambered Compensator*,Full Bore,Alloy Magazine*,Appended Mag,Heal Clip*,Lone Wolf,Attrition Orbs,Burning Ambition*,Binary Orbit,Chaos Reshaped,Dream Work*,Tex Balanced Stock,Kill Tracker,Tier 1: Handling*,Sparks Everlasting*,,,
Yeartide Apex,3293207827,"""6917530194912379669""",,Legendary,5,Submachine Gun,events,Energy,Solar,primary,550,Lightweight Frame,Stability,10,Vault,true,false,false,8,27,Solstice,100,54,15,56,14,0,0,0,70,900,32,41,69,0,0,0,0,0,0,0,0,25,69,0,0,false,0,3473,tex-mechanica,"00003:INMORTAL - NOX,Prismatic,Stasis",,Lightweight Frame*,Chambered Compensator,Smallbore*,Alloy Magazine,Armor-Piercing Rounds*,Transcendent Moment,Heal Clip*,Attrition Orbs,Incandescent*,Harmony,Target Lock,Dream Work*,Tex Balanced Stock,Kill Tracker,Ballistics*,Masterworked: Stability*,Achronal Yeartide Apex*,Sparks Everlasting*,
Yeartide Apex,3293207827,"""6917530194914392876""",,Legendary,5,Submachine Gun,events,Energy,Solar,primary,511,Lightweight Frame,Stability,1,Vault,false,false,false,8,27,Solstice,100,54,15,35,14,0,0,0,47,900,29,44,69,0,0,0,0,0,0,0,0,25,69,0,0,false,0,0,tex-mechanica,,,Lightweight Frame*,Corkscrew Rifling*,Fluted Barrel,Appended Mag*,Light Mag,Lone Wolf*,Attrition Orbs,Demolitionist,Incandescent*,Harmony,Chaos Reshaped,Dream Work*,Tex Balanced Stock,Kill Tracker,Tier 1: Stability*,Achronal Yeartide Apex*,Sparks Everlasting*,,
Yeartide Apex,3293207827,"""6917530194916674199""",,Legendary,5,Submachine Gun,events,Energy,Solar,primary,511,Lightweight Frame,Stability,2,Vault,false,false,false,8,27,Solstice,100,54,15,40,14,0,0,0,42,900,27,41,55,0,0,0,0,0,0,0,0,25,69,0,0,false,0,0,tex-mechanica,,,Lightweight Frame*,Extended Barrel*,Fluted Barrel,Alloy Magazine*,High-Caliber Rounds,Recycled Energy*,Heal Clip,Feeding Frenzy,Binary Orbit*,Incandescent,Harmony,Dream Work*,Tex Balanced Stock,Kill Tracker,Tier 2: Stability*,Achronal Yeartide Apex*,Sparks Everlasting*,,
Yeartide Apex,3293207827,"""6917530194916677400""",,Legendary,5,Submachine Gun,events,Energy,Solar,primary,511,Lightweight Frame,Range,3,Vault,false,false,false,8,27,Solstice,100,54,15,39,14,0,0,0,51,900,27,41,60,0,0,0,0,0,0,0,0,25,69,0,0,false,0,0,tex-mechanica,,,Lightweight Frame*,Chambered Compensator*,Fluted Barrel,High-Caliber Rounds*,Light Mag,Feeding Frenzy*,Attrition Orbs,Demolitionist,Burning Ambition*,Binary Orbit,Harmony,Dream Work*,Tex Balanced Stock,Kill Tracker,Tier 3: Range*,Achronal Yeartide Apex*,Sparks Everlasting*,,
Yeartide Apex,3293207827,"""6917530196844759061""",,Legendary,5,Submachine Gun,events,Energy,Solar,primary,540,Lightweight Frame,Reload Speed,4,Vault,false,false,false,8,27,Solstice,100,54,15,36,14,0,0,0,40,900,31,41,76,0,0,0,0,0,0,0,0,25,69,0,0,false,0,0,tex-mechanica,,,Lightweight Frame*,Arrowhead Brake*,Polygonal Rifling,Armor-Piercing Rounds*,High-Caliber Rounds,Transcendent Moment,Recycled Energy,Attrition Orbs*,Burning Ambition,Binary Orbit,Chaos Reshaped*,Dream Work*,Tex Balanced Stock,Kill Tracker,Tier 4: Reload Speed*,Achronal Yeartide Apex*,Sparks Everlasting*,,
Zealous Ideal,1863583117,"""6917530193491654816""",,Legendary,3,Auto Rifle,dungeon,Energy,Solar,primary,439,Balanced Heat Weapon,Stability,1,Vault,false,false,false,8,28,,95,45,31,59,16,0,0,0,66,450,64,0,47,0,0,0,0,0,0,0,0,17,58,18,18,false,0,0,,,,Balanced Heat Weapon*,Polygonal Rifling*,Smallbore,Overclocked Heatsink*,Projection Fuse,Zen Moment*,Attrition Orbs,Adagio*,Incandescent,Imperial Allegiance*,Kill Tracker,Tier 1: Stability*,,,,,,,
Zealous Ideal,1863583117,"""6917530193493567734""",,Legendary,5,Auto Rifle,dungeon,Energy,Solar,primary,440,Balanced Heat Weapon,Range,5,Vault,false,false,false,8,28,,100,45,28,64,16,0,0,0,50,450,66,0,59,0,0,0,0,0,0,0,0,17,58,18,25,false,0,0,,,,Balanced Heat Weapon*,Arrowhead Brake*,Extended Barrel,Accelerated Heatsink*,Enhanced Heatsink,Heal Clip*,Gutshot Straight,Dynamic Sway Reduction,Onslaught*,Tap the Trigger,Burning Ambition,Imperial Allegiance*,Kill Tracker,Tier 5: Range*,Infamous Zealous Ideal*,Roguish Bolts*,,,
Zealous Ideal,1863583117,"""6917530193493570046""",,Legendary,3,Auto Rifle,dungeon,Energy,Solar,primary,439,Balanced Heat Weapon,Reload Speed,1,Vault,false,false,false,8,28,,100,45,28,69,16,0,0,0,50,450,65,0,37,0,0,0,0,0,0,0,0,17,58,18,25,false,0,0,,,,Balanced Heat Weapon*,Extended Barrel*,Polygonal Rifling,Accelerated Heatsink*,Light Heatsink,Heal Clip*,Zen Moment,Tap the Trigger*,Burning Ambition,Imperial Allegiance*,Kill Tracker,Tier 1: Vent Speed*,,,,,,,
